[
  {
    "labels": [
      {
        "wd_id": "Q157229",
        "search_term": "Frauenkirche",
        "confidence": 0.7396
      },
      {
        "wd_id": "Q1244038",
        "search_term": "Dorfkirche",
        "confidence": 0.6425
      },
      {
        "aat_id": 300007466,
        "wd_id": "Q16970",
        "search_term": "Kirchengebäude",
        "confidence": 0.6054
      }
    ],
    "start": 2717,
    "end": 2728,
    "found_term": "Stadtkirche"
  },
  {
    "labels": [
      {
        "wd_id": "Q157229",
        "search_term": "Frauenkirche",
        "confidence": 0.7396
      },
      {
        "wd_id": "Q1244038",
        "search_term": "Dorfkirche",
        "confidence": 0.6425
      },
      {
        "aat_id": 300007466,
        "wd_id": "Q16970",
        "search_term": "Kirchengebäude",
        "confidence": 0.6054
      }
    ],
    "start": 2825,
    "end": 2836,
    "found_term": "Stadtkirche"
  },
  {
    "labels": [
      {
        "aat_id": 300075767,
        "wd_id": "Q164419",
        "search_term": "Galerie",
        "confidence": 0.632
      }
    ],
    "start": 14726,
    "end": 14741,
    "found_term": "Kunstsammlungen"
  },
  {
    "labels": [
      {
        "aat_id": 300075767,
        "wd_id": "Q164419",
        "search_term": "Galerie",
        "confidence": 0.6243
      }
    ],
    "start": 14761,
    "end": 14775,
    "found_term": "Gemäldegalerie"
  },
  {
    "labels": [
      {
        "wd_id": "Q1496790",
        "search_term": "Wallpavillon",
        "confidence": 0.6388
      },
      {
        "wd_id": "Q155107",
        "search_term": "Zwinger",
        "confidence": 1.0
      },
      {
        "wd_id": "Q267390",
        "search_term": "Taschenbergpalais",
        "confidence": 0.6099
      }
    ],
    "start": 8322,
    "end": 8329,
    "found_term": "Zwinger"
  },
  {
    "labels": [
      {
        "aat_id": 300008077,
        "wd_id": "Q1348006",
        "search_term": "Häuserblock",
        "confidence": 0.6007
      },
      {
        "aat_id": 300006054,
        "wd_id": "Q543654",
        "search_term": "Rathaus",
        "confidence": 0.6102
      }
    ],
    "start": 8266,
    "end": 8276,
    "found_term": "Innenstadt"
  },
  {
    "labels": [
      {
        "wd_id": "Q82383",
        "search_term": "Basis",
        "confidence": 0.6363
      }
    ],
    "start": 3415,
    "end": 3424,
    "found_term": "Grundlage"
  },
  {
    "labels": [
      {
        "aat_id": 300002944,
        "wd_id": "Q35473",
        "search_term": "Fenster",
        "confidence": 0.6034
      },
      {
        "aat_id": 300004324,
        "wd_id": "Q2451751",
        "search_term": "Treppenhaus",
        "confidence": 0.6125
      },
      {
        "aat_id": 300003725,
        "wd_id": "Q101687",
        "search_term": "Altar",
        "confidence": 0.756
      },
      {
        "aat_id": 300248835,
        "wd_id": "Q20460",
        "search_term": "Kruzifix",
        "confidence": 0.6918
      },
      {
        "aat_id": 300003790,
        "wd_id": "Q211775",
        "search_term": "Kanzel",
        "confidence": 0.8186
      },
      {
        "aat_id": 300001324,
        "wd_id": "Q189771",
        "search_term": "Gewölbe",
        "confidence": 0.6814
      },
      {
        "aat_id": 300004590,
        "wd_id": "Q108325",
        "search_term": "Kapelle",
        "confidence": 0.6224
      },
      {
        "wd_id": "Q63759229",
        "search_term": "Seitenflügel",
        "confidence": 0.6193
      },
      {
        "aat_id": 300002704,
        "wd_id": "Q695992",
        "search_term": "Wandnische",
        "confidence": 0.6957
      },
      {
        "aat_id": 300002060,
        "wd_id": "Q217164",
        "search_term": "Fußboden",
        "confidence": 0.604
      },
      {
        "aat_id": 300001788,
        "wd_id": "Q328092",
        "search_term": "Gesims",
        "confidence": 0.6187
      },
      {
        "aat_id": 300002737,
        "wd_id": "Q175112",
        "search_term": "Pilaster",
        "confidence": 0.6692
      },
      {
        "aat_id": 300002580,
        "wd_id": "Q186637",
        "search_term": "Arkade",
        "confidence": 0.6593
      }
    ],
    "start": 2748,
    "end": 2759,
    "found_term": "Orgelempore"
  },
  {
    "labels": [
      {
        "aat_id": 300002944,
        "wd_id": "Q35473",
        "search_term": "Fenster",
        "confidence": 0.6362
      },
      {
        "aat_id": 300004188,
        "wd_id": "Q1125776",
        "search_term": "Gebäudetrakt",
        "confidence": 0.7313
      },
      {
        "wd_id": "Q747567",
        "search_term": "Risalit",
        "confidence": 0.7172
      },
      {
        "aat_id": 300004324,
        "wd_id": "Q2451751",
        "search_term": "Treppenhaus",
        "confidence": 0.7948
      },
      {
        "aat_id": 300002667,
        "wd_id": "Q831691",
        "search_term": "Geschoss",
        "confidence": 0.8062
      },
      {
        "aat_id": 300003228,
        "wd_id": "Q12511",
        "search_term": "Treppe",
        "confidence": 0.6148
      },
      {
        "aat_id": 300001324,
        "wd_id": "Q189771",
        "search_term": "Gewölbe",
        "confidence": 0.6708
      },
      {
        "aat_id": 300002674,
        "wd_id": "Q958148",
        "search_term": "Mezzanin",
        "confidence": 0.6268
      },
      {
        "aat_id": 300002526,
        "wd_id": "Q183061",
        "search_term": "Fassade",
        "confidence": 0.6689
      },
      {
        "wd_id": "Q811438",
        "search_term": "Baukörper",
        "confidence": 0.6449
      },
      {
        "wd_id": "Q63759229",
        "search_term": "Seitenflügel",
        "confidence": 0.7111
      },
      {
        "wd_id": "Q1627767",
        "search_term": "Laubengang",
        "confidence": 0.6185
      },
      {
        "aat_id": 300002704,
        "wd_id": "Q695992",
        "search_term": "Wandnische",
        "confidence": 0.6244
      },
      {
        "aat_id": 300004792,
        "wd_id": "Q41176",
        "search_term": "Gebäude",
        "confidence": 0.6119
      },
      {
        "aat_id": 300001788,
        "wd_id": "Q328092",
        "search_term": "Gesims",
        "confidence": 0.7099
      },
      {
        "wd_id": "Q1431210",
        "search_term": "Foyer",
        "confidence": 0.6515
      },
      {
        "aat_id": 300002737,
        "wd_id": "Q175112",
        "search_term": "Pilaster",
        "confidence": 0.7163
      },
      {
        "aat_id": 300002588,
        "wd_id": "Q170552",
        "search_term": "Balkon",
        "confidence": 0.6257
      },
      {
        "aat_id": 300002580,
        "wd_id": "Q186637",
        "search_term": "Arkade",
        "confidence": 0.6782
      },
      {
        "aat_id": 300002268,
        "wd_id": "Q163972",
        "search_term": "Dachtraufe",
        "confidence": 0.6829
      }
    ],
    "start": 8900,
    "end": 8912,
    "found_term": "Obergeschoss"
  },
  {
    "labels": [
      {
        "aat_id": 300004188,
        "wd_id": "Q1125776",
        "search_term": "Gebäudetrakt",
        "confidence": 0.6363
      },
      {
        "aat_id": 300004792,
        "wd_id": "Q41176",
        "search_term": "Gebäude",
        "confidence": 0.7669
      },
      {
        "wd_id": "Q11755880",
        "search_term": "Wohngebäude",
        "confidence": 0.7032
      }
    ],
    "start": 21052,
    "end": 21060,
    "found_term": "Gebäuden"
  },
  {
    "labels": [
      {
        "aat_id": 300248835,
        "wd_id": "Q20460",
        "search_term": "Kruzifix",
        "confidence": 0.6002
      },
      {
        "aat_id": 300003790,
        "wd_id": "Q211775",
        "search_term": "Kanzel",
        "confidence": 0.6229
      },
      {
        "aat_id": 300001324,
        "wd_id": "Q189771",
        "search_term": "Gewölbe",
        "confidence": 0.6543
      },
      {
        "aat_id": 300002704,
        "wd_id": "Q695992",
        "search_term": "Wandnische",
        "confidence": 0.6191
      }
    ],
    "start": 15945,
    "end": 15953,
    "found_term": "gotische"
  },
  {
    "labels": [
      {
        "aat_id": 300008389,
        "wd_id": "Q515",
        "search_term": "Stadt",
        "confidence": 0.6178
      }
    ],
    "start": 7126,
    "end": 7136,
    "found_term": "Unterstadt"
  },
  {
    "labels": [
      {
        "aat_id": 300008389,
        "wd_id": "Q515",
        "search_term": "Stadt",
        "confidence": 1.0
      }
    ],
    "start": 9087,
    "end": 9092,
    "found_term": "Stadt"
  },
  {
    "labels": [
      {
        "aat_id": 300008389,
        "wd_id": "Q515",
        "search_term": "Stadt",
        "confidence": 1.0
      }
    ],
    "start": 9111,
    "end": 9116,
    "found_term": "Stadt"
  },
  {
    "labels": [
      {
        "aat_id": 300008389,
        "wd_id": "Q515",
        "search_term": "Stadt",
        "confidence": 1.0
      }
    ],
    "start": 11498,
    "end": 11503,
    "found_term": "Stadt"
  },
  {
    "labels": [
      {
        "aat_id": 300008389,
        "wd_id": "Q515",
        "search_term": "Stadt",
        "confidence": 1.0
      }
    ],
    "start": 11581,
    "end": 11586,
    "found_term": "Stadt"
  },
  {
    "labels": [
      {
        "aat_id": 300008389,
        "wd_id": "Q515",
        "search_term": "Stadt",
        "confidence": 0.605
      }
    ],
    "start": 11796,
    "end": 11807,
    "found_term": "Stadtgebiet"
  },
  {
    "labels": [
      {
        "aat_id": 300008389,
        "wd_id": "Q515",
        "search_term": "Stadt",
        "confidence": 1.0
      }
    ],
    "start": 11952,
    "end": 11957,
    "found_term": "Stadt"
  },
  {
    "labels": [
      {
        "aat_id": 300008389,
        "wd_id": "Q515",
        "search_term": "Stadt",
        "confidence": 1.0
      }
    ],
    "start": 12002,
    "end": 12007,
    "found_term": "Stadt"
  },
  {
    "labels": [
      {
        "aat_id": 300008389,
        "wd_id": "Q515",
        "search_term": "Stadt",
        "confidence": 0.7255
      }
    ],
    "start": 12063,
    "end": 12069,
    "found_term": "Städte"
  },
  {
    "labels": [
      {
        "aat_id": 300008389,
        "wd_id": "Q515",
        "search_term": "Stadt",
        "confidence": 1.0
      }
    ],
    "start": 12233,
    "end": 12238,
    "found_term": "Stadt"
  },
  {
    "labels": [
      {
        "aat_id": 300008389,
        "wd_id": "Q515",
        "search_term": "Stadt",
        "confidence": 0.7255
      }
    ],
    "start": 14191,
    "end": 14197,
    "found_term": "Städte"
  },
  {
    "labels": [
      {
        "aat_id": 300008389,
        "wd_id": "Q515",
        "search_term": "Stadt",
        "confidence": 0.6027
      }
    ],
    "start": 17229,
    "end": 17237,
    "found_term": "Altstadt"
  },
  {
    "labels": [
      {
        "wd_id": "Q13226383",
        "search_term": "Anlage",
        "confidence": 0.7788
      }
    ],
    "start": 15416,
    "end": 15423,
    "found_term": "Anlagen"
  },
  {
    "labels": [
      {
        "aat_id": 300006891,
        "wd_id": "Q23413",
        "search_term": "Burg",
        "confidence": 0.7149
      }
    ],
    "start": 4986,
    "end": 4996,
    "found_term": "Wasserburg"
  },
  {
    "labels": [
      {
        "wd_id": "Q2202145",
        "search_term": "Neubau",
        "confidence": 0.6477
      }
    ],
    "start": 25156,
    "end": 25168,
    "found_term": "Wiederaufbau"
  },
  {
    "labels": [
      {
        "aat_id": 300005923,
        "wd_id": "Q203443",
        "search_term": "Grabstein",
        "confidence": 0.6402
      }
    ],
    "start": 29836,
    "end": 29845,
    "found_term": "Inschrift"
  },
  {
    "labels": [
      {
        "aat_id": 300006054,
        "wd_id": "Q543654",
        "search_term": "Rathaus",
        "confidence": 0.6293
      }
    ],
    "start": 19144,
    "end": 19154,
    "found_term": "Hauptplatz"
  },
  {
    "labels": [
      {
        "aat_id": 300007836,
        "wd_id": "Q12280",
        "search_term": "Brücke",
        "confidence": 0.6278
      }
    ],
    "start": 1268,
    "end": 1279,
    "found_term": "Überquerung"
  },
  {
    "labels": [
      {
        "aat_id": 300007836,
        "wd_id": "Q12280",
        "search_term": "Brücke",
        "confidence": 0.7899
      }
    ],
    "start": 6769,
    "end": 6776,
    "found_term": "Brücken"
  },
  {
    "labels": [
      {
        "aat_id": 300007836,
        "wd_id": "Q12280",
        "search_term": "Brücke",
        "confidence": 0.6207
      }
    ],
    "start": 9948,
    "end": 9958,
    "found_term": "überqueren"
  },
  {
    "labels": [
      {
        "aat_id": 300007836,
        "wd_id": "Q12280",
        "search_term": "Brücke",
        "confidence": 0.7881
      }
    ],
    "start": 10369,
    "end": 10383,
    "found_term": "Autobahnbrücke"
  },
  {
    "labels": [
      {
        "aat_id": 300007836,
        "wd_id": "Q12280",
        "search_term": "Brücke",
        "confidence": 1.0
      }
    ],
    "start": 15954,
    "end": 15960,
    "found_term": "Brücke"
  },
  {
    "labels": [
      {
        "aat_id": 300008707,
        "wd_id": "Q4022",
        "search_term": "Fluss",
        "confidence": 0.761
      }
    ],
    "start": 4434,
    "end": 4441,
    "found_term": "Flüssen"
  },
  {
    "labels": [
      {
        "aat_id": 300008707,
        "wd_id": "Q4022",
        "search_term": "Fluss",
        "confidence": 0.6076
      }
    ],
    "start": 5303,
    "end": 5310,
    "found_term": "Stausee"
  },
  {
    "labels": [
      {
        "aat_id": 300008707,
        "wd_id": "Q4022",
        "search_term": "Fluss",
        "confidence": 0.761
      }
    ],
    "start": 5495,
    "end": 5502,
    "found_term": "Flüssen"
  },
  {
    "labels": [
      {
        "aat_id": 300008707,
        "wd_id": "Q4022",
        "search_term": "Fluss",
        "confidence": 0.7526
      }
    ],
    "start": 5624,
    "end": 5637,
    "found_term": "Zusammenfluss"
  },
  {
    "labels": [
      {
        "aat_id": 300008707,
        "wd_id": "Q4022",
        "search_term": "Fluss",
        "confidence": 0.634
      }
    ],
    "start": 6521,
    "end": 6530,
    "found_term": "mündenden"
  },
  {
    "labels": [
      {
        "aat_id": 300008707,
        "wd_id": "Q4022",
        "search_term": "Fluss",
        "confidence": 0.7961
      }
    ],
    "start": 6531,
    "end": 6537,
    "found_term": "Flüsse"
  },
  {
    "labels": [
      {
        "aat_id": 300008707,
        "wd_id": "Q4022",
        "search_term": "Fluss",
        "confidence": 0.7889
      }
    ],
    "start": 7278,
    "end": 7288,
    "found_term": "Nebenfluss"
  },
  {
    "labels": [
      {
        "aat_id": 300008707,
        "wd_id": "Q4022",
        "search_term": "Fluss",
        "confidence": 0.6692
      }
    ],
    "start": 7544,
    "end": 7556,
    "found_term": "flussabwärts"
  },
  {
    "labels": [
      {
        "aat_id": 300008707,
        "wd_id": "Q4022",
        "search_term": "Fluss",
        "confidence": 0.6545
      }
    ],
    "start": 7572,
    "end": 7578,
    "found_term": "mündet"
  },
  {
    "labels": [
      {
        "aat_id": 300008707,
        "wd_id": "Q4022",
        "search_term": "Fluss",
        "confidence": 0.7961
      }
    ],
    "start": 7739,
    "end": 7745,
    "found_term": "Flüsse"
  },
  {
    "labels": [
      {
        "aat_id": 300008707,
        "wd_id": "Q4022",
        "search_term": "Fluss",
        "confidence": 0.7526
      }
    ],
    "start": 7927,
    "end": 7940,
    "found_term": "Zusammenfluss"
  },
  {
    "labels": [
      {
        "aat_id": 300008707,
        "wd_id": "Q4022",
        "search_term": "Fluss",
        "confidence": 0.6595
      }
    ],
    "start": 7992,
    "end": 7996,
    "found_term": "Ufer"
  },
  {
    "labels": [
      {
        "aat_id": 300008707,
        "wd_id": "Q4022",
        "search_term": "Fluss",
        "confidence": 0.6692
      }
    ],
    "start": 11054,
    "end": 11066,
    "found_term": "flussabwärts"
  },
  {
    "labels": [
      {
        "aat_id": 300008707,
        "wd_id": "Q4022",
        "search_term": "Fluss",
        "confidence": 0.6692
      }
    ],
    "start": 12040,
    "end": 12052,
    "found_term": "flussabwärts"
  },
  {
    "labels": [
      {
        "aat_id": 300008707,
        "wd_id": "Q4022",
        "search_term": "Fluss",
        "confidence": 0.761
      }
    ],
    "start": 17067,
    "end": 17074,
    "found_term": "Flüssen"
  },
  {
    "labels": [
      {
        "aat_id": 300008707,
        "wd_id": "Q4022",
        "search_term": "Fluss",
        "confidence": 0.7526
      }
    ],
    "start": 17384,
    "end": 17397,
    "found_term": "Zusammenfluss"
  },
  {
    "labels": [
      {
        "aat_id": 300008707,
        "wd_id": "Q4022",
        "search_term": "Fluss",
        "confidence": 0.6498
      }
    ],
    "start": 17504,
    "end": 17511,
    "found_term": "Mündung"
  },
  {
    "labels": [
      {
        "aat_id": 300008707,
        "wd_id": "Q4022",
        "search_term": "Fluss",
        "confidence": 0.7526
      }
    ],
    "start": 18747,
    "end": 18760,
    "found_term": "Zusammenfluss"
  },
  {
    "labels": [
      {
        "aat_id": 300008707,
        "wd_id": "Q4022",
        "search_term": "Fluss",
        "confidence": 0.7368
      }
    ],
    "start": 20122,
    "end": 20134,
    "found_term": "Quellflüssen"
  },
  {
    "labels": [
      {
        "aat_id": 300008707,
        "wd_id": "Q4022",
        "search_term": "Fluss",
        "confidence": 0.737
      }
    ],
    "start": 20893,
    "end": 20901,
    "found_term": "Oberlauf"
  },
  {
    "labels": [
      {
        "aat_id": 300008707,
        "wd_id": "Q4022",
        "search_term": "Fluss",
        "confidence": 0.7442
      }
    ],
    "start": 20980,
    "end": 20989,
    "found_term": "Unterlauf"
  },
  {
    "labels": [
      {
        "aat_id": 300008707,
        "wd_id": "Q4022",
        "search_term": "Fluss",
        "confidence": 0.6019
      }
    ],
    "start": 21549,
    "end": 21562,
    "found_term": "Wasserscheide"
  },
  {
    "labels": [
      {
        "aat_id": 300008707,
        "wd_id": "Q4022",
        "search_term": "Fluss",
        "confidence": 0.6231
      }
    ],
    "start": 21662,
    "end": 21667,
    "found_term": "Bäche"
  },
  {
    "labels": [
      {
        "aat_id": 300008707,
        "wd_id": "Q4022",
        "search_term": "Fluss",
        "confidence": 0.6542
      }
    ],
    "start": 21676,
    "end": 21681,
    "found_term": "Ufern"
  },
  {
    "labels": [
      {
        "aat_id": 300008707,
        "wd_id": "Q4022",
        "search_term": "Fluss",
        "confidence": 0.7442
      }
    ],
    "start": 22967,
    "end": 22976,
    "found_term": "Unterlauf"
  },
  {
    "labels": [
      {
        "aat_id": 300008707,
        "wd_id": "Q4022",
        "search_term": "Fluss",
        "confidence": 0.6476
      }
    ],
    "start": 31151,
    "end": 31156,
    "found_term": "River"
  },
  {
    "labels": [
      {
        "aat_id": 300265418,
        "wd_id": "Q811979",
        "search_term": "Bauwerk",
        "confidence": 0.722
      }
    ],
    "start": 10111,
    "end": 10119,
    "found_term": "Bauwerke"
  },
  {
    "labels": [
      {
        "aat_id": 300002737,
        "wd_id": "Q175112",
        "search_term": "Pilaster",
        "confidence": 0.6154
      }
    ],
    "start": 32995,
    "end": 33010,
    "found_term": "Sandsteinbänken"
  },
  {
    "labels": [
      {
        "wd_id": "Q1395899",
        "search_term": "Hoftheater",
        "confidence": 0.6161
      }
    ],
    "start": 8306,
    "end": 8316,
    "found_term": "Semperoper"
  },
  {
    "labels": [
      {
        "wd_id": "Q1395899",
        "search_term": "Hoftheater",
        "confidence": 0.6161
      }
    ],
    "start": 14676,
    "end": 14686,
    "found_term": "Semperoper"
  },
  {
    "labels": [
      {
        "wd_id": "Q240854",
        "search_term": "Halle",
        "confidence": 0.6146
      }
    ],
    "start": 12504,
    "end": 12514,
    "found_term": "Wittenberg"
  },
  {
    "labels": [
      {
        "wd_id": "Q240854",
        "search_term": "Halle",
        "confidence": 1.0
      }
    ],
    "start": 12674,
    "end": 12679,
    "found_term": "Halle"
  },
  {
    "labels": [
      {
        "wd_id": "Q240854",
        "search_term": "Halle",
        "confidence": 1.0
      }
    ],
    "start": 31008,
    "end": 31013,
    "found_term": "Halle"
  },
  {
    "labels": [
      {
        "wd_id": "Q11755880",
        "search_term": "Wohngebäude",
        "confidence": 0.6747
      }
    ],
    "start": 6817,
    "end": 6823,
    "found_term": "Häuser"
  }
]