[
  {
    "labels": [
      {
        "aat_id": 300075767,
        "wd_id": "Q164419",
        "search_term": "Galerie",
        "confidence": 0.6383
      }
    ],
    "start": 4061,
    "end": 4074,
    "found_term": "Ausstellungen"
  },
  {
    "labels": [
      {
        "wd_id": "Q1180262",
        "search_term": "Residenzstadt",
        "confidence": 0.6023
      }
    ],
    "start": 1715,
    "end": 1725,
    "found_term": "Hauptstadt"
  },
  {
    "labels": [
      {
        "aat_id": 300008304,
        "wd_id": "Q174782",
        "search_term": "Platz",
        "confidence": 1.0
      }
    ],
    "start": 6157,
    "end": 6162,
    "found_term": "Platz"
  },
  {
    "labels": [
      {
        "aat_id": 300005923,
        "wd_id": "Q203443",
        "search_term": "Grabstein",
        "confidence": 0.6402
      }
    ],
    "start": 989,
    "end": 998,
    "found_term": "Inschrift"
  }
]