[
  {
    "labels": [
      {
        "wd_id": "Q1251403",
        "search_term": "Gasse",
        "confidence": 0.6207
      }
    ],
    "start": 3022,
    "end": 3028,
    "found_term": "Straße"
  },
  {
    "labels": [
      {
        "aat_id": 300075767,
        "wd_id": "Q164419",
        "search_term": "Galerie",
        "confidence": 1.0
      }
    ],
    "start": 3528,
    "end": 3535,
    "found_term": "Galerie"
  },
  {
    "labels": [
      {
        "aat_id": 300075767,
        "wd_id": "Q164419",
        "search_term": "Galerie",
        "confidence": 0.6009
      },
      {
        "wd_id": "Q1496790",
        "search_term": "Wallpavillon",
        "confidence": 0.6216
      },
      {
        "aat_id": 300002580,
        "wd_id": "Q186637",
        "search_term": "Arkade",
        "confidence": 0.6163
      }
    ],
    "start": 3988,
    "end": 4000,
    "found_term": "Langgalerien"
  },
  {
    "labels": [
      {
        "wd_id": "Q1496790",
        "search_term": "Wallpavillon",
        "confidence": 0.6388
      },
      {
        "wd_id": "Q155107",
        "search_term": "Zwinger",
        "confidence": 1.0
      },
      {
        "wd_id": "Q267390",
        "search_term": "Taschenbergpalais",
        "confidence": 0.6099
      }
    ],
    "start": 208,
    "end": 215,
    "found_term": "Zwinger"
  },
  {
    "labels": [
      {
        "wd_id": "Q1496790",
        "search_term": "Wallpavillon",
        "confidence": 0.6388
      },
      {
        "wd_id": "Q155107",
        "search_term": "Zwinger",
        "confidence": 1.0
      },
      {
        "wd_id": "Q267390",
        "search_term": "Taschenbergpalais",
        "confidence": 0.6099
      }
    ],
    "start": 226,
    "end": 233,
    "found_term": "Zwinger"
  },
  {
    "labels": [
      {
        "wd_id": "Q1496790",
        "search_term": "Wallpavillon",
        "confidence": 0.6388
      },
      {
        "wd_id": "Q155107",
        "search_term": "Zwinger",
        "confidence": 1.0
      },
      {
        "wd_id": "Q267390",
        "search_term": "Taschenbergpalais",
        "confidence": 0.6099
      }
    ],
    "start": 372,
    "end": 379,
    "found_term": "Zwinger"
  },
  {
    "labels": [
      {
        "wd_id": "Q1496790",
        "search_term": "Wallpavillon",
        "confidence": 0.6242
      },
      {
        "wd_id": "Q1789892",
        "search_term": "Kronentor",
        "confidence": 1.0
      }
    ],
    "start": 699,
    "end": 708,
    "found_term": "Kronentor"
  },
  {
    "labels": [
      {
        "wd_id": "Q1496790",
        "search_term": "Wallpavillon",
        "confidence": 1.0
      },
      {
        "aat_id": 300004324,
        "wd_id": "Q2451751",
        "search_term": "Treppenhaus",
        "confidence": 0.6072
      },
      {
        "wd_id": "Q1789892",
        "search_term": "Kronentor",
        "confidence": 0.6242
      },
      {
        "aat_id": 300002613,
        "wd_id": "Q657100",
        "search_term": "Kolonnade",
        "confidence": 0.6598
      },
      {
        "wd_id": "Q63759229",
        "search_term": "Seitenflügel",
        "confidence": 0.631
      },
      {
        "wd_id": "Q155107",
        "search_term": "Zwinger",
        "confidence": 0.6388
      },
      {
        "aat_id": 300006819,
        "wd_id": "Q276173",
        "search_term": "Pavillon",
        "confidence": 0.7761
      },
      {
        "wd_id": "Q267390",
        "search_term": "Taschenbergpalais",
        "confidence": 0.6466
      },
      {
        "aat_id": 300006804,
        "wd_id": "Q952885",
        "search_term": "Orangerie",
        "confidence": 0.6988
      }
    ],
    "start": 744,
    "end": 756,
    "found_term": "Wallpavillon"
  },
  {
    "labels": [
      {
        "wd_id": "Q1496790",
        "search_term": "Wallpavillon",
        "confidence": 0.6242
      },
      {
        "wd_id": "Q1789892",
        "search_term": "Kronentor",
        "confidence": 1.0
      }
    ],
    "start": 842,
    "end": 851,
    "found_term": "Kronentor"
  },
  {
    "labels": [
      {
        "wd_id": "Q1496790",
        "search_term": "Wallpavillon",
        "confidence": 0.6466
      },
      {
        "wd_id": "Q155107",
        "search_term": "Zwinger",
        "confidence": 0.6099
      },
      {
        "wd_id": "Q267390",
        "search_term": "Taschenbergpalais",
        "confidence": 1.0
      },
      {
        "aat_id": 300006804,
        "wd_id": "Q952885",
        "search_term": "Orangerie",
        "confidence": 0.6603
      }
    ],
    "start": 1668,
    "end": 1685,
    "found_term": "Taschenbergpalais"
  },
  {
    "labels": [
      {
        "wd_id": "Q1496790",
        "search_term": "Wallpavillon",
        "confidence": 0.6388
      },
      {
        "wd_id": "Q155107",
        "search_term": "Zwinger",
        "confidence": 1.0
      },
      {
        "wd_id": "Q267390",
        "search_term": "Taschenbergpalais",
        "confidence": 0.6099
      }
    ],
    "start": 2432,
    "end": 2439,
    "found_term": "Zwinger"
  },
  {
    "labels": [
      {
        "wd_id": "Q1496790",
        "search_term": "Wallpavillon",
        "confidence": 0.6388
      },
      {
        "wd_id": "Q155107",
        "search_term": "Zwinger",
        "confidence": 1.0
      },
      {
        "wd_id": "Q267390",
        "search_term": "Taschenbergpalais",
        "confidence": 0.6099
      }
    ],
    "start": 2810,
    "end": 2817,
    "found_term": "Zwinger"
  },
  {
    "labels": [
      {
        "wd_id": "Q1496790",
        "search_term": "Wallpavillon",
        "confidence": 0.6388
      },
      {
        "wd_id": "Q155107",
        "search_term": "Zwinger",
        "confidence": 1.0
      },
      {
        "wd_id": "Q267390",
        "search_term": "Taschenbergpalais",
        "confidence": 0.6099
      }
    ],
    "start": 3797,
    "end": 3804,
    "found_term": "Zwinger"
  },
  {
    "labels": [
      {
        "wd_id": "Q1496790",
        "search_term": "Wallpavillon",
        "confidence": 0.6388
      },
      {
        "wd_id": "Q155107",
        "search_term": "Zwinger",
        "confidence": 1.0
      },
      {
        "wd_id": "Q267390",
        "search_term": "Taschenbergpalais",
        "confidence": 0.6099
      }
    ],
    "start": 3916,
    "end": 3923,
    "found_term": "Zwinger"
  },
  {
    "labels": [
      {
        "wd_id": "Q1496790",
        "search_term": "Wallpavillon",
        "confidence": 0.6242
      },
      {
        "wd_id": "Q1789892",
        "search_term": "Kronentor",
        "confidence": 1.0
      }
    ],
    "start": 3949,
    "end": 3958,
    "found_term": "Kronentor"
  },
  {
    "labels": [
      {
        "wd_id": "Q1496790",
        "search_term": "Wallpavillon",
        "confidence": 0.6242
      },
      {
        "wd_id": "Q1789892",
        "search_term": "Kronentor",
        "confidence": 1.0
      }
    ],
    "start": 4196,
    "end": 4205,
    "found_term": "Kronentor"
  },
  {
    "labels": [
      {
        "wd_id": "Q1496790",
        "search_term": "Wallpavillon",
        "confidence": 0.6388
      },
      {
        "wd_id": "Q155107",
        "search_term": "Zwinger",
        "confidence": 1.0
      },
      {
        "wd_id": "Q267390",
        "search_term": "Taschenbergpalais",
        "confidence": 0.6099
      }
    ],
    "start": 4304,
    "end": 4311,
    "found_term": "Zwinger"
  },
  {
    "labels": [
      {
        "wd_id": "Q3476515",
        "search_term": "Bauplastik",
        "confidence": 0.6716
      },
      {
        "wd_id": "Q6149036",
        "search_term": "Dekoration",
        "confidence": 0.6798
      },
      {
        "aat_id": 300002704,
        "wd_id": "Q695992",
        "search_term": "Wandnische",
        "confidence": 0.6454
      },
      {
        "aat_id": 300006179,
        "wd_id": "Q483453",
        "search_term": "Zierbrunnen",
        "confidence": 0.6079
      },
      {
        "aat_id": 300002737,
        "wd_id": "Q175112",
        "search_term": "Pilaster",
        "confidence": 0.6253
      }
    ],
    "start": 3846,
    "end": 3858,
    "found_term": "Schmuckvasen"
  },
  {
    "labels": [
      {
        "aat_id": 300004188,
        "wd_id": "Q1125776",
        "search_term": "Gebäudetrakt",
        "confidence": 0.6307
      },
      {
        "wd_id": "Q2202145",
        "search_term": "Neubau",
        "confidence": 1.0
      }
    ],
    "start": 2135,
    "end": 2141,
    "found_term": "Neubau"
  },
  {
    "labels": [
      {
        "aat_id": 300004188,
        "wd_id": "Q1125776",
        "search_term": "Gebäudetrakt",
        "confidence": 0.6174
      },
      {
        "wd_id": "Q2202145",
        "search_term": "Neubau",
        "confidence": 0.6879
      },
      {
        "aat_id": 300004792,
        "wd_id": "Q41176",
        "search_term": "Gebäude",
        "confidence": 0.6785
      },
      {
        "wd_id": "Q11755880",
        "search_term": "Wohngebäude",
        "confidence": 0.633
      }
    ],
    "start": 2464,
    "end": 2474,
    "found_term": "abgerissen"
  },
  {
    "labels": [
      {
        "aat_id": 300008389,
        "wd_id": "Q515",
        "search_term": "Stadt",
        "confidence": 1.0
      }
    ],
    "start": 906,
    "end": 911,
    "found_term": "Stadt"
  },
  {
    "labels": [
      {
        "aat_id": 300008389,
        "wd_id": "Q515",
        "search_term": "Stadt",
        "confidence": 1.0
      }
    ],
    "start": 1863,
    "end": 1868,
    "found_term": "Stadt"
  },
  {
    "labels": [
      {
        "aat_id": 300008389,
        "wd_id": "Q515",
        "search_term": "Stadt",
        "confidence": 1.0
      }
    ],
    "start": 2352,
    "end": 2357,
    "found_term": "Stadt"
  },
  {
    "labels": [
      {
        "aat_id": 300004847,
        "wd_id": "Q12518",
        "search_term": "Turm",
        "confidence": 0.6044
      },
      {
        "aat_id": 300006888,
        "wd_id": "Q57821",
        "search_term": "Befestigung",
        "confidence": 0.6502
      },
      {
        "aat_id": 300002469,
        "wd_id": "Q42948",
        "search_term": "Mauer",
        "confidence": 0.6936
      }
    ],
    "start": 338,
    "end": 351,
    "found_term": "Festungsmauer"
  },
  {
    "labels": [
      {
        "aat_id": 300004847,
        "wd_id": "Q12518",
        "search_term": "Turm",
        "confidence": 0.6044
      },
      {
        "aat_id": 300006888,
        "wd_id": "Q57821",
        "search_term": "Befestigung",
        "confidence": 0.6502
      },
      {
        "aat_id": 300002469,
        "wd_id": "Q42948",
        "search_term": "Mauer",
        "confidence": 0.6936
      }
    ],
    "start": 505,
    "end": 518,
    "found_term": "Festungsmauer"
  },
  {
    "labels": [
      {
        "aat_id": 300004847,
        "wd_id": "Q12518",
        "search_term": "Turm",
        "confidence": 0.6044
      },
      {
        "aat_id": 300006888,
        "wd_id": "Q57821",
        "search_term": "Befestigung",
        "confidence": 0.6502
      },
      {
        "aat_id": 300002469,
        "wd_id": "Q42948",
        "search_term": "Mauer",
        "confidence": 0.6936
      }
    ],
    "start": 922,
    "end": 935,
    "found_term": "Festungsmauer"
  },
  {
    "labels": [
      {
        "wd_id": "Q309250",
        "search_term": "Hof",
        "confidence": 1.0
      }
    ],
    "start": 2102,
    "end": 2105,
    "found_term": "Hof"
  },
  {
    "labels": [
      {
        "aat_id": 300002916,
        "wd_id": "Q53060",
        "search_term": "Tor",
        "confidence": 0.6334
      },
      {
        "aat_id": 300006054,
        "wd_id": "Q543654",
        "search_term": "Rathaus",
        "confidence": 0.6041
      }
    ],
    "start": 1306,
    "end": 1314,
    "found_term": "Stadttor"
  },
  {
    "labels": [
      {
        "aat_id": 300006888,
        "wd_id": "Q57821",
        "search_term": "Befestigung",
        "confidence": 0.8282
      }
    ],
    "start": 159,
    "end": 178,
    "found_term": "Befestigungsanlagen"
  },
  {
    "labels": [
      {
        "aat_id": 300006888,
        "wd_id": "Q57821",
        "search_term": "Befestigung",
        "confidence": 0.6581
      },
      {
        "wd_id": "Q155107",
        "search_term": "Zwinger",
        "confidence": 0.6185
      }
    ],
    "start": 1055,
    "end": 1067,
    "found_term": "Festungswall"
  },
  {
    "labels": [
      {
        "aat_id": 300006888,
        "wd_id": "Q57821",
        "search_term": "Befestigung",
        "confidence": 0.8282
      }
    ],
    "start": 2273,
    "end": 2292,
    "found_term": "Befestigungsanlagen"
  },
  {
    "labels": [
      {
        "aat_id": 300184568,
        "wd_id": "Q1436181",
        "search_term": "Lustschloss",
        "confidence": 0.6034
      }
    ],
    "start": 941,
    "end": 954,
    "found_term": "Hofbaumeister"
  },
  {
    "labels": [
      {
        "wd_id": "Q2202145",
        "search_term": "Neubau",
        "confidence": 0.71
      }
    ],
    "start": 392,
    "end": 401,
    "found_term": "Baubeginn"
  },
  {
    "labels": [
      {
        "wd_id": "Q2202145",
        "search_term": "Neubau",
        "confidence": 0.6448
      }
    ],
    "start": 682,
    "end": 698,
    "found_term": "fertiggestellten"
  },
  {
    "labels": [
      {
        "wd_id": "Q2202145",
        "search_term": "Neubau",
        "confidence": 0.7256
      }
    ],
    "start": 1086,
    "end": 1089,
    "found_term": "Bau"
  },
  {
    "labels": [
      {
        "wd_id": "Q2202145",
        "search_term": "Neubau",
        "confidence": 0.6308
      }
    ],
    "start": 1496,
    "end": 1510,
    "found_term": "fertiggestellt"
  },
  {
    "labels": [
      {
        "wd_id": "Q2202145",
        "search_term": "Neubau",
        "confidence": 0.6506
      }
    ],
    "start": 2087,
    "end": 2096,
    "found_term": "baufällig"
  },
  {
    "labels": [
      {
        "wd_id": "Q2202145",
        "search_term": "Neubau",
        "confidence": 0.7256
      }
    ],
    "start": 2923,
    "end": 2926,
    "found_term": "Bau"
  },
  {
    "labels": [
      {
        "aat_id": 300264605,
        "wd_id": "Q29052406",
        "search_term": "Pfeiler",
        "confidence": 0.603
      }
    ],
    "start": 3185,
    "end": 3195,
    "found_term": "Fundamente"
  },
  {
    "labels": [
      {
        "wd_id": "Q155107",
        "search_term": "Zwinger",
        "confidence": 0.628
      }
    ],
    "start": 529,
    "end": 540,
    "found_term": "Stadtgraben"
  },
  {
    "labels": [
      {
        "wd_id": "Q155107",
        "search_term": "Zwinger",
        "confidence": 0.6454
      }
    ],
    "start": 662,
    "end": 672,
    "found_term": "Wallgraben"
  },
  {
    "labels": [
      {
        "wd_id": "Q155107",
        "search_term": "Zwinger",
        "confidence": 0.8668
      }
    ],
    "start": 713,
    "end": 721,
    "found_term": "Zwingers"
  },
  {
    "labels": [
      {
        "wd_id": "Q155107",
        "search_term": "Zwinger",
        "confidence": 0.8668
      }
    ],
    "start": 828,
    "end": 836,
    "found_term": "Zwingers"
  },
  {
    "labels": [
      {
        "wd_id": "Q155107",
        "search_term": "Zwinger",
        "confidence": 0.6099
      }
    ],
    "start": 1034,
    "end": 1046,
    "found_term": "Wassergraben"
  },
  {
    "labels": [
      {
        "wd_id": "Q155107",
        "search_term": "Zwinger",
        "confidence": 0.628
      }
    ],
    "start": 2833,
    "end": 2844,
    "found_term": "Stadtgraben"
  },
  {
    "labels": [
      {
        "wd_id": "Q155107",
        "search_term": "Zwinger",
        "confidence": 0.7106
      }
    ],
    "start": 2895,
    "end": 2907,
    "found_term": "Zwingerteich"
  },
  {
    "labels": [
      {
        "wd_id": "Q155107",
        "search_term": "Zwinger",
        "confidence": 0.6454
      }
    ],
    "start": 3742,
    "end": 3752,
    "found_term": "Wallgraben"
  },
  {
    "labels": [
      {
        "aat_id": 300005512,
        "wd_id": "Q2651004",
        "search_term": "Palazzo",
        "confidence": 0.6058
      }
    ],
    "start": 3618,
    "end": 3627,
    "found_term": "Canaletto"
  },
  {
    "labels": [
      {
        "aat_id": 300007836,
        "wd_id": "Q12280",
        "search_term": "Brücke",
        "confidence": 1.0
      }
    ],
    "start": 473,
    "end": 479,
    "found_term": "Brücke"
  },
  {
    "labels": [
      {
        "aat_id": 300007836,
        "wd_id": "Q12280",
        "search_term": "Brücke",
        "confidence": 1.0
      }
    ],
    "start": 1018,
    "end": 1024,
    "found_term": "Brücke"
  },
  {
    "labels": [
      {
        "aat_id": 300007836,
        "wd_id": "Q12280",
        "search_term": "Brücke",
        "confidence": 1.0
      }
    ],
    "start": 1432,
    "end": 1438,
    "found_term": "Brücke"
  },
  {
    "labels": [
      {
        "aat_id": 300007836,
        "wd_id": "Q12280",
        "search_term": "Brücke",
        "confidence": 0.8005
      }
    ],
    "start": 1474,
    "end": 1484,
    "found_term": "Holzbrücke"
  },
  {
    "labels": [
      {
        "aat_id": 300007836,
        "wd_id": "Q12280",
        "search_term": "Brücke",
        "confidence": 1.0
      }
    ],
    "start": 1709,
    "end": 1715,
    "found_term": "Brücke"
  },
  {
    "labels": [
      {
        "aat_id": 300007836,
        "wd_id": "Q12280",
        "search_term": "Brücke",
        "confidence": 1.0
      }
    ],
    "start": 1909,
    "end": 1915,
    "found_term": "Brücke"
  },
  {
    "labels": [
      {
        "aat_id": 300007836,
        "wd_id": "Q12280",
        "search_term": "Brücke",
        "confidence": 1.0
      }
    ],
    "start": 2073,
    "end": 2079,
    "found_term": "Brücke"
  },
  {
    "labels": [
      {
        "aat_id": 300007836,
        "wd_id": "Q12280",
        "search_term": "Brücke",
        "confidence": 1.0
      }
    ],
    "start": 2457,
    "end": 2463,
    "found_term": "Brücke"
  },
  {
    "labels": [
      {
        "aat_id": 300007836,
        "wd_id": "Q12280",
        "search_term": "Brücke",
        "confidence": 1.0
      }
    ],
    "start": 2519,
    "end": 2525,
    "found_term": "Brücke"
  },
  {
    "labels": [
      {
        "aat_id": 300007836,
        "wd_id": "Q12280",
        "search_term": "Brücke",
        "confidence": 1.0
      }
    ],
    "start": 2681,
    "end": 2687,
    "found_term": "Brücke"
  },
  {
    "labels": [
      {
        "aat_id": 300007836,
        "wd_id": "Q12280",
        "search_term": "Brücke",
        "confidence": 1.0
      }
    ],
    "start": 2931,
    "end": 2937,
    "found_term": "Brücke"
  },
  {
    "labels": [
      {
        "aat_id": 300007836,
        "wd_id": "Q12280",
        "search_term": "Brücke",
        "confidence": 1.0
      }
    ],
    "start": 3039,
    "end": 3045,
    "found_term": "Brücke"
  },
  {
    "labels": [
      {
        "aat_id": 300007836,
        "wd_id": "Q12280",
        "search_term": "Brücke",
        "confidence": 1.0
      }
    ],
    "start": 3073,
    "end": 3079,
    "found_term": "Brücke"
  },
  {
    "labels": [
      {
        "aat_id": 300007836,
        "wd_id": "Q12280",
        "search_term": "Brücke",
        "confidence": 0.6126
      }
    ],
    "start": 3204,
    "end": 3215,
    "found_term": "Brückenkopf"
  },
  {
    "labels": [
      {
        "aat_id": 300007836,
        "wd_id": "Q12280",
        "search_term": "Brücke",
        "confidence": 1.0
      }
    ],
    "start": 3270,
    "end": 3276,
    "found_term": "Brücke"
  },
  {
    "labels": [
      {
        "aat_id": 300007836,
        "wd_id": "Q12280",
        "search_term": "Brücke",
        "confidence": 1.0
      }
    ],
    "start": 3487,
    "end": 3493,
    "found_term": "Brücke"
  },
  {
    "labels": [
      {
        "aat_id": 300007836,
        "wd_id": "Q12280",
        "search_term": "Brücke",
        "confidence": 1.0
      }
    ],
    "start": 3874,
    "end": 3880,
    "found_term": "Brücke"
  },
  {
    "labels": [
      {
        "aat_id": 300007836,
        "wd_id": "Q12280",
        "search_term": "Brücke",
        "confidence": 0.7426
      }
    ],
    "start": 3967,
    "end": 3979,
    "found_term": "Grabenbrücke"
  },
  {
    "labels": [
      {
        "aat_id": 300007836,
        "wd_id": "Q12280",
        "search_term": "Brücke",
        "confidence": 1.0
      }
    ],
    "start": 4293,
    "end": 4299,
    "found_term": "Brücke"
  },
  {
    "labels": [
      {
        "aat_id": 300002704,
        "wd_id": "Q695992",
        "search_term": "Wandnische",
        "confidence": 0.6273
      }
    ],
    "start": 1008,
    "end": 1017,
    "found_term": "steinerne"
  },
  {
    "labels": [
      {
        "aat_id": 300265418,
        "wd_id": "Q811979",
        "search_term": "Bauwerk",
        "confidence": 0.6052
      },
      {
        "aat_id": 300004792,
        "wd_id": "Q41176",
        "search_term": "Gebäude",
        "confidence": 0.6254
      }
    ],
    "start": 2026,
    "end": 2035,
    "found_term": "errichtet"
  }
]