[
  {
    "labels": [
      {
        "aat_id": 300075767,
        "wd_id": "Q164419",
        "search_term": "Galerie",
        "confidence": 0.6383
      }
    ],
    "start": 47378,
    "end": 47391,
    "found_term": "Ausstellungen"
  },
  {
    "labels": [
      {
        "wd_id": "Q392371",
        "search_term": "Kreuz",
        "confidence": 0.805
      }
    ],
    "start": 57116,
    "end": 57123,
    "found_term": "Kreuzes"
  },
  {
    "labels": [
      {
        "aat_id": 300008389,
        "wd_id": "Q515",
        "search_term": "Stadt",
        "confidence": 0.6738
      }
    ],
    "start": 2846,
    "end": 2853,
    "found_term": "Städten"
  },
  {
    "labels": [
      {
        "aat_id": 300008389,
        "wd_id": "Q515",
        "search_term": "Stadt",
        "confidence": 1.0
      }
    ],
    "start": 51377,
    "end": 51382,
    "found_term": "Stadt"
  },
  {
    "labels": [
      {
        "aat_id": 300047090,
        "wd_id": "Q860861",
        "search_term": "Skulptur",
        "confidence": 0.6071
      }
    ],
    "start": 40126,
    "end": 40136,
    "found_term": "Kunstwerke"
  },
  {
    "labels": [
      {
        "aat_id": 300047090,
        "wd_id": "Q860861",
        "search_term": "Skulptur",
        "confidence": 0.6071
      }
    ],
    "start": 40270,
    "end": 40280,
    "found_term": "Kunstwerke"
  },
  {
    "labels": [
      {
        "aat_id": 300047090,
        "wd_id": "Q860861",
        "search_term": "Skulptur",
        "confidence": 0.6071
      }
    ],
    "start": 61986,
    "end": 61996,
    "found_term": "Kunstwerke"
  },
  {
    "labels": [
      {
        "aat_id": 300006888,
        "wd_id": "Q57821",
        "search_term": "Befestigung",
        "confidence": 0.7638
      }
    ],
    "start": 2064,
    "end": 2073,
    "found_term": "befestigt"
  },
  {
    "labels": [
      {
        "aat_id": 300005923,
        "wd_id": "Q203443",
        "search_term": "Grabstein",
        "confidence": 0.6402
      }
    ],
    "start": 21504,
    "end": 21513,
    "found_term": "Inschrift"
  },
  {
    "labels": [
      {
        "wd_id": "Q811438",
        "search_term": "Baukörper",
        "confidence": 0.6184
      },
      {
        "aat_id": 300002704,
        "wd_id": "Q695992",
        "search_term": "Wandnische",
        "confidence": 0.639
      },
      {
        "aat_id": 300002737,
        "wd_id": "Q175112",
        "search_term": "Pilaster",
        "confidence": 0.6176
      }
    ],
    "start": 29600,
    "end": 29611,
    "found_term": "Rechteckige"
  },
  {
    "labels": [
      {
        "aat_id": 300264605,
        "wd_id": "Q29052406",
        "search_term": "Pfeiler",
        "confidence": 0.695
      },
      {
        "aat_id": 300000994,
        "wd_id": "Q12277",
        "search_term": "Bogen",
        "confidence": 0.6783
      },
      {
        "aat_id": 300002737,
        "wd_id": "Q175112",
        "search_term": "Pilaster",
        "confidence": 0.6073
      },
      {
        "aat_id": 300002580,
        "wd_id": "Q186637",
        "search_term": "Arkade",
        "confidence": 0.6015
      }
    ],
    "start": 7048,
    "end": 7053,
    "found_term": "Bögen"
  },
  {
    "labels": [
      {
        "aat_id": 300264605,
        "wd_id": "Q29052406",
        "search_term": "Pfeiler",
        "confidence": 0.695
      },
      {
        "aat_id": 300000994,
        "wd_id": "Q12277",
        "search_term": "Bogen",
        "confidence": 0.6783
      },
      {
        "aat_id": 300002737,
        "wd_id": "Q175112",
        "search_term": "Pilaster",
        "confidence": 0.6073
      },
      {
        "aat_id": 300002580,
        "wd_id": "Q186637",
        "search_term": "Arkade",
        "confidence": 0.6015
      }
    ],
    "start": 56612,
    "end": 56617,
    "found_term": "Bögen"
  },
  {
    "labels": [
      {
        "aat_id": 300000994,
        "wd_id": "Q12277",
        "search_term": "Bogen",
        "confidence": 1.0
      }
    ],
    "start": 385,
    "end": 390,
    "found_term": "Bogen"
  },
  {
    "labels": [
      {
        "aat_id": 300000994,
        "wd_id": "Q12277",
        "search_term": "Bogen",
        "confidence": 1.0
      }
    ],
    "start": 26922,
    "end": 26927,
    "found_term": "Bogen"
  },
  {
    "labels": [
      {
        "aat_id": 300000994,
        "wd_id": "Q12277",
        "search_term": "Bogen",
        "confidence": 1.0
      }
    ],
    "start": 29662,
    "end": 29667,
    "found_term": "Bogen"
  },
  {
    "labels": [
      {
        "aat_id": 300000994,
        "wd_id": "Q12277",
        "search_term": "Bogen",
        "confidence": 1.0
      }
    ],
    "start": 30271,
    "end": 30276,
    "found_term": "Bogen"
  },
  {
    "labels": [
      {
        "aat_id": 300000994,
        "wd_id": "Q12277",
        "search_term": "Bogen",
        "confidence": 1.0
      }
    ],
    "start": 31332,
    "end": 31337,
    "found_term": "Bogen"
  },
  {
    "labels": [
      {
        "aat_id": 300000994,
        "wd_id": "Q12277",
        "search_term": "Bogen",
        "confidence": 1.0
      }
    ],
    "start": 32278,
    "end": 32283,
    "found_term": "Bogen"
  },
  {
    "labels": [
      {
        "aat_id": 300000994,
        "wd_id": "Q12277",
        "search_term": "Bogen",
        "confidence": 1.0
      }
    ],
    "start": 32685,
    "end": 32690,
    "found_term": "Bogen"
  },
  {
    "labels": [
      {
        "aat_id": 300265418,
        "wd_id": "Q811979",
        "search_term": "Bauwerk",
        "confidence": 0.722
      }
    ],
    "start": 37083,
    "end": 37091,
    "found_term": "Bauwerke"
  },
  {
    "labels": [
      {
        "aat_id": 300001788,
        "wd_id": "Q328092",
        "search_term": "Gesims",
        "confidence": 0.6167
      },
      {
        "aat_id": 300002737,
        "wd_id": "Q175112",
        "search_term": "Pilaster",
        "confidence": 0.6067
      },
      {
        "aat_id": 300002268,
        "wd_id": "Q163972",
        "search_term": "Dachtraufe",
        "confidence": 0.6258
      }
    ],
    "start": 5681,
    "end": 5692,
    "found_term": "Ochsenaugen"
  },
  {
    "labels": [
      {
        "aat_id": 300189808,
        "wd_id": "Q29527347",
        "search_term": "Figur",
        "confidence": 0.6122
      }
    ],
    "start": 11784,
    "end": 11794,
    "found_term": "verkörpert"
  }
]