[
  {
    "labels": [
      {
        "aat_id": 300028729,
        "wd_id": "Q1772",
        "search_term": "Epitaph",
        "confidence": 0.6317
      },
      {
        "aat_id": 300003725,
        "wd_id": "Q101687",
        "search_term": "Altar",
        "confidence": 1.0
      },
      {
        "aat_id": 300248835,
        "wd_id": "Q20460",
        "search_term": "Kruzifix",
        "confidence": 0.7594
      },
      {
        "aat_id": 300003790,
        "wd_id": "Q211775",
        "search_term": "Kanzel",
        "confidence": 0.8078
      },
      {
        "aat_id": 300004590,
        "wd_id": "Q108325",
        "search_term": "Kapelle",
        "confidence": 0.6521
      },
      {
        "aat_id": 300002704,
        "wd_id": "Q695992",
        "search_term": "Wandnische",
        "confidence": 0.6575
      },
      {
        "aat_id": 300047600,
        "wd_id": "Q179700",
        "search_term": "Statue",
        "confidence": 0.6068
      }
    ],
    "start": 77,
    "end": 82,
    "found_term": "Altar"
  },
  {
    "labels": [
      {
        "aat_id": 300248835,
        "wd_id": "Q20460",
        "search_term": "Kruzifix",
        "confidence": 0.6527
      }
    ],
    "start": 214,
    "end": 220,
    "found_term": "Fresko"
  },
  {
    "labels": [
      {
        "wd_id": "Q373916",
        "search_term": "Nymphe",
        "confidence": 0.6053
      }
    ],
    "start": 1,
    "end": 8,
    "found_term": "Nereide"
  },
  {
    "labels": [
      {
        "wd_id": "Q373916",
        "search_term": "Nymphe",
        "confidence": 0.7721
      }
    ],
    "start": 725,
    "end": 732,
    "found_term": "Nymphen"
  },
  {
    "labels": [
      {
        "wd_id": "Q373916",
        "search_term": "Nymphe",
        "confidence": 0.635
      }
    ],
    "start": 1641,
    "end": 1651,
    "found_term": "Amphitrite"
  },
  {
    "labels": [
      {
        "wd_id": "Q373916",
        "search_term": "Nymphe",
        "confidence": 0.6034
      }
    ],
    "start": 1991,
    "end": 2000,
    "found_term": "Hippothoe"
  },
  {
    "labels": [
      {
        "wd_id": "Q373916",
        "search_term": "Nymphe",
        "confidence": 0.6342
      }
    ],
    "start": 2564,
    "end": 2570,
    "found_term": "Thetis"
  },
  {
    "labels": [
      {
        "wd_id": "Q373916",
        "search_term": "Nymphe",
        "confidence": 0.6053
      }
    ],
    "start": 3253,
    "end": 3260,
    "found_term": "Nereide"
  },
  {
    "labels": [
      {
        "wd_id": "Q240854",
        "search_term": "Halle",
        "confidence": 1.0
      }
    ],
    "start": 3066,
    "end": 3071,
    "found_term": "Halle"
  },
  {
    "labels": [
      {
        "wd_id": "Q240854",
        "search_term": "Halle",
        "confidence": 0.7617
      }
    ],
    "start": 3079,
    "end": 3084,
    "found_term": "Saale"
  }
]