[
  {
    "labels": [
      {
        "aat_id": 300001749,
        "wd_id": "Q268205",
        "search_term": "Plinthe",
        "confidence": 0.6135
      },
      {
        "aat_id": 300002944,
        "wd_id": "Q35473",
        "search_term": "Fenster",
        "confidence": 0.6283
      },
      {
        "wd_id": "Q747567",
        "search_term": "Risalit",
        "confidence": 0.7458
      },
      {
        "aat_id": 300004324,
        "wd_id": "Q2451751",
        "search_term": "Treppenhaus",
        "confidence": 0.6191
      },
      {
        "aat_id": 300003725,
        "wd_id": "Q101687",
        "search_term": "Altar",
        "confidence": 0.6229
      },
      {
        "aat_id": 300248835,
        "wd_id": "Q20460",
        "search_term": "Kruzifix",
        "confidence": 0.637
      },
      {
        "aat_id": 300003790,
        "wd_id": "Q211775",
        "search_term": "Kanzel",
        "confidence": 0.671
      },
      {
        "aat_id": 300001324,
        "wd_id": "Q189771",
        "search_term": "Gewölbe",
        "confidence": 0.656
      },
      {
        "aat_id": 300002526,
        "wd_id": "Q183061",
        "search_term": "Fassade",
        "confidence": 0.6683
      },
      {
        "wd_id": "Q811438",
        "search_term": "Baukörper",
        "confidence": 0.6376
      },
      {
        "aat_id": 300264605,
        "wd_id": "Q29052406",
        "search_term": "Pfeiler",
        "confidence": 0.6367
      },
      {
        "wd_id": "Q63759229",
        "search_term": "Seitenflügel",
        "confidence": 0.6528
      },
      {
        "wd_id": "Q1627767",
        "search_term": "Laubengang",
        "confidence": 0.6081
      },
      {
        "aat_id": 300001280,
        "wd_id": "Q12493",
        "search_term": "Kuppel",
        "confidence": 0.6027
      },
      {
        "wd_id": "Q1501427",
        "search_term": "Oktogon",
        "confidence": 0.6406
      },
      {
        "aat_id": 300002704,
        "wd_id": "Q695992",
        "search_term": "Wandnische",
        "confidence": 0.7694
      },
      {
        "aat_id": 300001788,
        "wd_id": "Q328092",
        "search_term": "Gesims",
        "confidence": 0.7819
      },
      {
        "aat_id": 300002737,
        "wd_id": "Q175112",
        "search_term": "Pilaster",
        "confidence": 0.8225
      },
      {
        "aat_id": 300002580,
        "wd_id": "Q186637",
        "search_term": "Arkade",
        "confidence": 0.7509
      },
      {
        "aat_id": 300002268,
        "wd_id": "Q163972",
        "search_term": "Dachtraufe",
        "confidence": 0.7311
      }
    ],
    "start": 1456,
    "end": 1472,
    "found_term": "Rundbogennischen"
  },
  {
    "labels": [
      {
        "aat_id": 300001749,
        "wd_id": "Q268205",
        "search_term": "Plinthe",
        "confidence": 0.6135
      },
      {
        "aat_id": 300002944,
        "wd_id": "Q35473",
        "search_term": "Fenster",
        "confidence": 0.6283
      },
      {
        "wd_id": "Q747567",
        "search_term": "Risalit",
        "confidence": 0.7458
      },
      {
        "aat_id": 300004324,
        "wd_id": "Q2451751",
        "search_term": "Treppenhaus",
        "confidence": 0.6191
      },
      {
        "aat_id": 300003725,
        "wd_id": "Q101687",
        "search_term": "Altar",
        "confidence": 0.6229
      },
      {
        "aat_id": 300248835,
        "wd_id": "Q20460",
        "search_term": "Kruzifix",
        "confidence": 0.637
      },
      {
        "aat_id": 300003790,
        "wd_id": "Q211775",
        "search_term": "Kanzel",
        "confidence": 0.671
      },
      {
        "aat_id": 300001324,
        "wd_id": "Q189771",
        "search_term": "Gewölbe",
        "confidence": 0.656
      },
      {
        "aat_id": 300002526,
        "wd_id": "Q183061",
        "search_term": "Fassade",
        "confidence": 0.6683
      },
      {
        "wd_id": "Q811438",
        "search_term": "Baukörper",
        "confidence": 0.6376
      },
      {
        "aat_id": 300264605,
        "wd_id": "Q29052406",
        "search_term": "Pfeiler",
        "confidence": 0.6367
      },
      {
        "wd_id": "Q63759229",
        "search_term": "Seitenflügel",
        "confidence": 0.6528
      },
      {
        "wd_id": "Q1627767",
        "search_term": "Laubengang",
        "confidence": 0.6081
      },
      {
        "aat_id": 300001280,
        "wd_id": "Q12493",
        "search_term": "Kuppel",
        "confidence": 0.6027
      },
      {
        "wd_id": "Q1501427",
        "search_term": "Oktogon",
        "confidence": 0.6406
      },
      {
        "aat_id": 300002704,
        "wd_id": "Q695992",
        "search_term": "Wandnische",
        "confidence": 0.7694
      },
      {
        "aat_id": 300001788,
        "wd_id": "Q328092",
        "search_term": "Gesims",
        "confidence": 0.7819
      },
      {
        "aat_id": 300002737,
        "wd_id": "Q175112",
        "search_term": "Pilaster",
        "confidence": 0.8225
      },
      {
        "aat_id": 300002580,
        "wd_id": "Q186637",
        "search_term": "Arkade",
        "confidence": 0.7509
      },
      {
        "aat_id": 300002268,
        "wd_id": "Q163972",
        "search_term": "Dachtraufe",
        "confidence": 0.7311
      }
    ],
    "start": 2611,
    "end": 2627,
    "found_term": "Rundbogennischen"
  },
  {
    "labels": [
      {
        "wd_id": "Q1496790",
        "search_term": "Wallpavillon",
        "confidence": 0.7761
      },
      {
        "aat_id": 300006819,
        "wd_id": "Q276173",
        "search_term": "Pavillon",
        "confidence": 1.0
      },
      {
        "aat_id": 300006804,
        "wd_id": "Q952885",
        "search_term": "Orangerie",
        "confidence": 0.6569
      }
    ],
    "start": 27,
    "end": 35,
    "found_term": "Pavillon"
  },
  {
    "labels": [
      {
        "wd_id": "Q1496790",
        "search_term": "Wallpavillon",
        "confidence": 0.7761
      },
      {
        "aat_id": 300006819,
        "wd_id": "Q276173",
        "search_term": "Pavillon",
        "confidence": 1.0
      },
      {
        "aat_id": 300006804,
        "wd_id": "Q952885",
        "search_term": "Orangerie",
        "confidence": 0.6569
      }
    ],
    "start": 87,
    "end": 95,
    "found_term": "Pavillon"
  },
  {
    "labels": [
      {
        "wd_id": "Q1496790",
        "search_term": "Wallpavillon",
        "confidence": 0.6025
      },
      {
        "aat_id": 300004324,
        "wd_id": "Q2451751",
        "search_term": "Treppenhaus",
        "confidence": 0.659
      },
      {
        "aat_id": 300002613,
        "wd_id": "Q657100",
        "search_term": "Kolonnade",
        "confidence": 0.6163
      },
      {
        "aat_id": 300006804,
        "wd_id": "Q952885",
        "search_term": "Orangerie",
        "confidence": 0.6505
      },
      {
        "wd_id": "Q1431210",
        "search_term": "Foyer",
        "confidence": 0.669
      }
    ],
    "start": 424,
    "end": 434,
    "found_term": "Marmorsaal"
  },
  {
    "labels": [
      {
        "wd_id": "Q1496790",
        "search_term": "Wallpavillon",
        "confidence": 0.724
      },
      {
        "aat_id": 300002613,
        "wd_id": "Q657100",
        "search_term": "Kolonnade",
        "confidence": 0.6328
      },
      {
        "aat_id": 300006819,
        "wd_id": "Q276173",
        "search_term": "Pavillon",
        "confidence": 0.8624
      },
      {
        "aat_id": 300006804,
        "wd_id": "Q952885",
        "search_term": "Orangerie",
        "confidence": 0.6242
      }
    ],
    "start": 1394,
    "end": 1403,
    "found_term": "Pavillons"
  },
  {
    "labels": [
      {
        "wd_id": "Q1496790",
        "search_term": "Wallpavillon",
        "confidence": 0.724
      },
      {
        "aat_id": 300002613,
        "wd_id": "Q657100",
        "search_term": "Kolonnade",
        "confidence": 0.6328
      },
      {
        "aat_id": 300006819,
        "wd_id": "Q276173",
        "search_term": "Pavillon",
        "confidence": 0.8624
      },
      {
        "aat_id": 300006804,
        "wd_id": "Q952885",
        "search_term": "Orangerie",
        "confidence": 0.6242
      }
    ],
    "start": 2654,
    "end": 2663,
    "found_term": "Pavillons"
  },
  {
    "labels": [
      {
        "wd_id": "Q1496790",
        "search_term": "Wallpavillon",
        "confidence": 0.6388
      },
      {
        "wd_id": "Q155107",
        "search_term": "Zwinger",
        "confidence": 1.0
      },
      {
        "wd_id": "Q267390",
        "search_term": "Taschenbergpalais",
        "confidence": 0.6099
      }
    ],
    "start": 3483,
    "end": 3490,
    "found_term": "Zwinger"
  },
  {
    "labels": [
      {
        "wd_id": "Q1496790",
        "search_term": "Wallpavillon",
        "confidence": 0.6388
      },
      {
        "wd_id": "Q155107",
        "search_term": "Zwinger",
        "confidence": 1.0
      },
      {
        "wd_id": "Q267390",
        "search_term": "Taschenbergpalais",
        "confidence": 0.6099
      }
    ],
    "start": 3674,
    "end": 3681,
    "found_term": "Zwinger"
  },
  {
    "labels": [
      {
        "aat_id": 300005734,
        "wd_id": "Q16560",
        "search_term": "Palast",
        "confidence": 0.6655
      },
      {
        "wd_id": "Q1180262",
        "search_term": "Residenzstadt",
        "confidence": 0.7579
      },
      {
        "aat_id": 300184568,
        "wd_id": "Q1436181",
        "search_term": "Lustschloss",
        "confidence": 0.6311
      }
    ],
    "start": 2880,
    "end": 2888,
    "found_term": "Residenz"
  },
  {
    "labels": [
      {
        "aat_id": 300005734,
        "wd_id": "Q16560",
        "search_term": "Palast",
        "confidence": 0.6001
      },
      {
        "aat_id": 300005512,
        "wd_id": "Q2651004",
        "search_term": "Palazzo",
        "confidence": 1.0
      }
    ],
    "start": 2943,
    "end": 2950,
    "found_term": "Palazzo"
  },
  {
    "labels": [
      {
        "aat_id": 300005734,
        "wd_id": "Q16560",
        "search_term": "Palast",
        "confidence": 0.8055
      },
      {
        "aat_id": 300184568,
        "wd_id": "Q1436181",
        "search_term": "Lustschloss",
        "confidence": 0.6044
      }
    ],
    "start": 2986,
    "end": 2998,
    "found_term": "Sommerpalast"
  },
  {
    "labels": [
      {
        "wd_id": "Q3476515",
        "search_term": "Bauplastik",
        "confidence": 0.6871
      },
      {
        "wd_id": "Q6149036",
        "search_term": "Dekoration",
        "confidence": 0.6044
      }
    ],
    "start": 3450,
    "end": 3469,
    "found_term": "Monumentalmalereien"
  },
  {
    "labels": [
      {
        "aat_id": 300002944,
        "wd_id": "Q35473",
        "search_term": "Fenster",
        "confidence": 0.8803
      },
      {
        "wd_id": "Q747567",
        "search_term": "Risalit",
        "confidence": 0.6675
      },
      {
        "aat_id": 300004324,
        "wd_id": "Q2451751",
        "search_term": "Treppenhaus",
        "confidence": 0.6684
      },
      {
        "aat_id": 300001324,
        "wd_id": "Q189771",
        "search_term": "Gewölbe",
        "confidence": 0.6333
      },
      {
        "aat_id": 300002526,
        "wd_id": "Q183061",
        "search_term": "Fassade",
        "confidence": 0.682
      },
      {
        "wd_id": "Q811438",
        "search_term": "Baukörper",
        "confidence": 0.6141
      },
      {
        "wd_id": "Q63759229",
        "search_term": "Seitenflügel",
        "confidence": 0.6136
      },
      {
        "aat_id": 300002803,
        "wd_id": "Q36794",
        "search_term": "Tür",
        "confidence": 0.6448
      },
      {
        "aat_id": 300002704,
        "wd_id": "Q695992",
        "search_term": "Wandnische",
        "confidence": 0.6132
      },
      {
        "aat_id": 300002060,
        "wd_id": "Q217164",
        "search_term": "Fußboden",
        "confidence": 0.6127
      },
      {
        "aat_id": 300001788,
        "wd_id": "Q328092",
        "search_term": "Gesims",
        "confidence": 0.69
      },
      {
        "aat_id": 300002737,
        "wd_id": "Q175112",
        "search_term": "Pilaster",
        "confidence": 0.6839
      },
      {
        "aat_id": 300002588,
        "wd_id": "Q170552",
        "search_term": "Balkon",
        "confidence": 0.6195
      },
      {
        "aat_id": 300002580,
        "wd_id": "Q186637",
        "search_term": "Arkade",
        "confidence": 0.6391
      },
      {
        "aat_id": 300002268,
        "wd_id": "Q163972",
        "search_term": "Dachtraufe",
        "confidence": 0.7166
      }
    ],
    "start": 618,
    "end": 626,
    "found_term": "Fenstern"
  },
  {
    "labels": [
      {
        "aat_id": 300002944,
        "wd_id": "Q35473",
        "search_term": "Fenster",
        "confidence": 0.7889
      },
      {
        "aat_id": 300004324,
        "wd_id": "Q2451751",
        "search_term": "Treppenhaus",
        "confidence": 0.6369
      },
      {
        "aat_id": 300001324,
        "wd_id": "Q189771",
        "search_term": "Gewölbe",
        "confidence": 0.6177
      },
      {
        "aat_id": 300002526,
        "wd_id": "Q183061",
        "search_term": "Fassade",
        "confidence": 0.6578
      },
      {
        "aat_id": 300002704,
        "wd_id": "Q695992",
        "search_term": "Wandnische",
        "confidence": 0.6185
      },
      {
        "aat_id": 300002060,
        "wd_id": "Q217164",
        "search_term": "Fußboden",
        "confidence": 0.6167
      },
      {
        "aat_id": 300001788,
        "wd_id": "Q328092",
        "search_term": "Gesims",
        "confidence": 0.626
      },
      {
        "aat_id": 300002737,
        "wd_id": "Q175112",
        "search_term": "Pilaster",
        "confidence": 0.6277
      },
      {
        "aat_id": 300002580,
        "wd_id": "Q186637",
        "search_term": "Arkade",
        "confidence": 0.619
      },
      {
        "aat_id": 300002268,
        "wd_id": "Q163972",
        "search_term": "Dachtraufe",
        "confidence": 0.6627
      }
    ],
    "start": 1302,
    "end": 1313,
    "found_term": "Fensterwand"
  },
  {
    "labels": [
      {
        "aat_id": 300002944,
        "wd_id": "Q35473",
        "search_term": "Fenster",
        "confidence": 0.6036
      },
      {
        "aat_id": 300002803,
        "wd_id": "Q36794",
        "search_term": "Tür",
        "confidence": 0.6139
      },
      {
        "aat_id": 300002060,
        "wd_id": "Q217164",
        "search_term": "Fußboden",
        "confidence": 0.6443
      }
    ],
    "start": 1375,
    "end": 1379,
    "found_term": "Wand"
  },
  {
    "labels": [
      {
        "aat_id": 300002944,
        "wd_id": "Q35473",
        "search_term": "Fenster",
        "confidence": 0.6036
      },
      {
        "aat_id": 300002803,
        "wd_id": "Q36794",
        "search_term": "Tür",
        "confidence": 0.6139
      },
      {
        "aat_id": 300002060,
        "wd_id": "Q217164",
        "search_term": "Fußboden",
        "confidence": 0.6443
      }
    ],
    "start": 1595,
    "end": 1599,
    "found_term": "Wand"
  },
  {
    "labels": [
      {
        "aat_id": 300002944,
        "wd_id": "Q35473",
        "search_term": "Fenster",
        "confidence": 0.6036
      },
      {
        "aat_id": 300002803,
        "wd_id": "Q36794",
        "search_term": "Tür",
        "confidence": 0.6139
      },
      {
        "aat_id": 300002060,
        "wd_id": "Q217164",
        "search_term": "Fußboden",
        "confidence": 0.6443
      }
    ],
    "start": 2635,
    "end": 2639,
    "found_term": "Wand"
  },
  {
    "labels": [
      {
        "aat_id": 300002944,
        "wd_id": "Q35473",
        "search_term": "Fenster",
        "confidence": 0.6036
      },
      {
        "aat_id": 300002803,
        "wd_id": "Q36794",
        "search_term": "Tür",
        "confidence": 0.6139
      },
      {
        "aat_id": 300002060,
        "wd_id": "Q217164",
        "search_term": "Fußboden",
        "confidence": 0.6443
      }
    ],
    "start": 3164,
    "end": 3168,
    "found_term": "Wand"
  },
  {
    "labels": [
      {
        "wd_id": "Q6149036",
        "search_term": "Dekoration",
        "confidence": 0.8117
      }
    ],
    "start": 3438,
    "end": 3449,
    "found_term": "dekorativen"
  },
  {
    "labels": [
      {
        "wd_id": "Q6149036",
        "search_term": "Dekoration",
        "confidence": 0.8117
      }
    ],
    "start": 3515,
    "end": 3526,
    "found_term": "dekorativen"
  },
  {
    "labels": [
      {
        "aat_id": 300001571,
        "wd_id": "Q4817",
        "search_term": "Säule",
        "confidence": 1.0
      }
    ],
    "start": 771,
    "end": 776,
    "found_term": "Säule"
  },
  {
    "labels": [
      {
        "aat_id": 300004324,
        "wd_id": "Q2451751",
        "search_term": "Treppenhaus",
        "confidence": 0.6337
      },
      {
        "aat_id": 300003725,
        "wd_id": "Q101687",
        "search_term": "Altar",
        "confidence": 0.6335
      },
      {
        "aat_id": 300248835,
        "wd_id": "Q20460",
        "search_term": "Kruzifix",
        "confidence": 0.6319
      },
      {
        "aat_id": 300003790,
        "wd_id": "Q211775",
        "search_term": "Kanzel",
        "confidence": 0.6337
      },
      {
        "aat_id": 300001324,
        "wd_id": "Q189771",
        "search_term": "Gewölbe",
        "confidence": 0.6622
      },
      {
        "aat_id": 300002704,
        "wd_id": "Q695992",
        "search_term": "Wandnische",
        "confidence": 0.6054
      }
    ],
    "start": 589,
    "end": 602,
    "found_term": "Deckengemälde"
  },
  {
    "labels": [
      {
        "aat_id": 300004324,
        "wd_id": "Q2451751",
        "search_term": "Treppenhaus",
        "confidence": 0.6032
      },
      {
        "aat_id": 300001324,
        "wd_id": "Q189771",
        "search_term": "Gewölbe",
        "confidence": 0.7046
      },
      {
        "aat_id": 300001280,
        "wd_id": "Q12493",
        "search_term": "Kuppel",
        "confidence": 0.6548
      },
      {
        "aat_id": 300002704,
        "wd_id": "Q695992",
        "search_term": "Wandnische",
        "confidence": 0.6056
      },
      {
        "aat_id": 300002060,
        "wd_id": "Q217164",
        "search_term": "Fußboden",
        "confidence": 0.7473
      },
      {
        "aat_id": 300002268,
        "wd_id": "Q163972",
        "search_term": "Dachtraufe",
        "confidence": 0.6168
      }
    ],
    "start": 980,
    "end": 985,
    "found_term": "Decke"
  },
  {
    "labels": [
      {
        "aat_id": 300004324,
        "wd_id": "Q2451751",
        "search_term": "Treppenhaus",
        "confidence": 0.6032
      },
      {
        "aat_id": 300001324,
        "wd_id": "Q189771",
        "search_term": "Gewölbe",
        "confidence": 0.7046
      },
      {
        "aat_id": 300001280,
        "wd_id": "Q12493",
        "search_term": "Kuppel",
        "confidence": 0.6548
      },
      {
        "aat_id": 300002704,
        "wd_id": "Q695992",
        "search_term": "Wandnische",
        "confidence": 0.6056
      },
      {
        "aat_id": 300002060,
        "wd_id": "Q217164",
        "search_term": "Fußboden",
        "confidence": 0.7473
      },
      {
        "aat_id": 300002268,
        "wd_id": "Q163972",
        "search_term": "Dachtraufe",
        "confidence": 0.6168
      }
    ],
    "start": 1264,
    "end": 1269,
    "found_term": "Decke"
  },
  {
    "labels": [
      {
        "aat_id": 300004324,
        "wd_id": "Q2451751",
        "search_term": "Treppenhaus",
        "confidence": 0.6337
      },
      {
        "aat_id": 300003725,
        "wd_id": "Q101687",
        "search_term": "Altar",
        "confidence": 0.6335
      },
      {
        "aat_id": 300248835,
        "wd_id": "Q20460",
        "search_term": "Kruzifix",
        "confidence": 0.6319
      },
      {
        "aat_id": 300003790,
        "wd_id": "Q211775",
        "search_term": "Kanzel",
        "confidence": 0.6337
      },
      {
        "aat_id": 300001324,
        "wd_id": "Q189771",
        "search_term": "Gewölbe",
        "confidence": 0.6622
      },
      {
        "aat_id": 300002704,
        "wd_id": "Q695992",
        "search_term": "Wandnische",
        "confidence": 0.6054
      }
    ],
    "start": 2736,
    "end": 2749,
    "found_term": "Deckengemälde"
  },
  {
    "labels": [
      {
        "aat_id": 300004324,
        "wd_id": "Q2451751",
        "search_term": "Treppenhaus",
        "confidence": 0.6337
      },
      {
        "aat_id": 300003725,
        "wd_id": "Q101687",
        "search_term": "Altar",
        "confidence": 0.6335
      },
      {
        "aat_id": 300248835,
        "wd_id": "Q20460",
        "search_term": "Kruzifix",
        "confidence": 0.6319
      },
      {
        "aat_id": 300003790,
        "wd_id": "Q211775",
        "search_term": "Kanzel",
        "confidence": 0.6337
      },
      {
        "aat_id": 300001324,
        "wd_id": "Q189771",
        "search_term": "Gewölbe",
        "confidence": 0.6622
      },
      {
        "aat_id": 300002704,
        "wd_id": "Q695992",
        "search_term": "Wandnische",
        "confidence": 0.6054
      }
    ],
    "start": 2841,
    "end": 2854,
    "found_term": "Deckengemälde"
  },
  {
    "labels": [
      {
        "aat_id": 300004324,
        "wd_id": "Q2451751",
        "search_term": "Treppenhaus",
        "confidence": 0.6337
      },
      {
        "aat_id": 300003725,
        "wd_id": "Q101687",
        "search_term": "Altar",
        "confidence": 0.6335
      },
      {
        "aat_id": 300248835,
        "wd_id": "Q20460",
        "search_term": "Kruzifix",
        "confidence": 0.6319
      },
      {
        "aat_id": 300003790,
        "wd_id": "Q211775",
        "search_term": "Kanzel",
        "confidence": 0.6337
      },
      {
        "aat_id": 300001324,
        "wd_id": "Q189771",
        "search_term": "Gewölbe",
        "confidence": 0.6622
      },
      {
        "aat_id": 300002704,
        "wd_id": "Q695992",
        "search_term": "Wandnische",
        "confidence": 0.6054
      }
    ],
    "start": 2900,
    "end": 2913,
    "found_term": "Deckengemälde"
  },
  {
    "labels": [
      {
        "aat_id": 300004324,
        "wd_id": "Q2451751",
        "search_term": "Treppenhaus",
        "confidence": 0.6337
      },
      {
        "aat_id": 300003725,
        "wd_id": "Q101687",
        "search_term": "Altar",
        "confidence": 0.6335
      },
      {
        "aat_id": 300248835,
        "wd_id": "Q20460",
        "search_term": "Kruzifix",
        "confidence": 0.6319
      },
      {
        "aat_id": 300003790,
        "wd_id": "Q211775",
        "search_term": "Kanzel",
        "confidence": 0.6337
      },
      {
        "aat_id": 300001324,
        "wd_id": "Q189771",
        "search_term": "Gewölbe",
        "confidence": 0.6622
      },
      {
        "aat_id": 300002704,
        "wd_id": "Q695992",
        "search_term": "Wandnische",
        "confidence": 0.6054
      }
    ],
    "start": 2969,
    "end": 2982,
    "found_term": "Deckengemälde"
  },
  {
    "labels": [
      {
        "aat_id": 300004324,
        "wd_id": "Q2451751",
        "search_term": "Treppenhaus",
        "confidence": 0.6337
      },
      {
        "aat_id": 300003725,
        "wd_id": "Q101687",
        "search_term": "Altar",
        "confidence": 0.6335
      },
      {
        "aat_id": 300248835,
        "wd_id": "Q20460",
        "search_term": "Kruzifix",
        "confidence": 0.6319
      },
      {
        "aat_id": 300003790,
        "wd_id": "Q211775",
        "search_term": "Kanzel",
        "confidence": 0.6337
      },
      {
        "aat_id": 300001324,
        "wd_id": "Q189771",
        "search_term": "Gewölbe",
        "confidence": 0.6622
      },
      {
        "aat_id": 300002704,
        "wd_id": "Q695992",
        "search_term": "Wandnische",
        "confidence": 0.6054
      }
    ],
    "start": 3196,
    "end": 3209,
    "found_term": "Deckengemälde"
  },
  {
    "labels": [
      {
        "aat_id": 300248835,
        "wd_id": "Q20460",
        "search_term": "Kruzifix",
        "confidence": 0.6527
      }
    ],
    "start": 208,
    "end": 214,
    "found_term": "Fresko"
  },
  {
    "labels": [
      {
        "aat_id": 300008389,
        "wd_id": "Q515",
        "search_term": "Stadt",
        "confidence": 1.0
      }
    ],
    "start": 3992,
    "end": 3997,
    "found_term": "Stadt"
  },
  {
    "labels": [
      {
        "wd_id": "Q1137365",
        "search_term": "Eingang",
        "confidence": 1.0
      }
    ],
    "start": 1417,
    "end": 1424,
    "found_term": "Eingang"
  },
  {
    "labels": [
      {
        "wd_id": "Q155107",
        "search_term": "Zwinger",
        "confidence": 0.8668
      }
    ],
    "start": 109,
    "end": 117,
    "found_term": "Zwingers"
  },
  {
    "labels": [
      {
        "aat_id": 300005512,
        "wd_id": "Q2651004",
        "search_term": "Palazzo",
        "confidence": 0.638
      }
    ],
    "start": 2832,
    "end": 2839,
    "found_term": "Tiepolo"
  },
  {
    "labels": [
      {
        "aat_id": 300008707,
        "wd_id": "Q4022",
        "search_term": "Fluss",
        "confidence": 0.6476
      }
    ],
    "start": 2093,
    "end": 2098,
    "found_term": "river"
  },
  {
    "labels": [
      {
        "aat_id": 300002704,
        "wd_id": "Q695992",
        "search_term": "Wandnische",
        "confidence": 0.68
      }
    ],
    "start": 1583,
    "end": 1590,
    "found_term": "Nischen"
  },
  {
    "labels": [
      {
        "aat_id": 300189808,
        "wd_id": "Q29527347",
        "search_term": "Figur",
        "confidence": 0.8095
      }
    ],
    "start": 1623,
    "end": 1630,
    "found_term": "Figuren"
  },
  {
    "labels": [
      {
        "aat_id": 300189808,
        "wd_id": "Q29527347",
        "search_term": "Figur",
        "confidence": 0.8095
      }
    ],
    "start": 1656,
    "end": 1663,
    "found_term": "Figuren"
  },
  {
    "labels": [
      {
        "wd_id": "Q240854",
        "search_term": "Halle",
        "confidence": 1.0
      }
    ],
    "start": 3604,
    "end": 3609,
    "found_term": "Halle"
  },
  {
    "labels": [
      {
        "wd_id": "Q240854",
        "search_term": "Halle",
        "confidence": 0.7617
      }
    ],
    "start": 3610,
    "end": 3615,
    "found_term": "Saale"
  }
]