[
  {
    "labels": [
      {
        "wd_id": "Q1251403",
        "search_term": "Gasse",
        "confidence": 0.6288
      }
    ],
    "start": 6568,
    "end": 6578,
    "found_term": "Burgstraße"
  },
  {
    "labels": [
      {
        "wd_id": "Q157229",
        "search_term": "Frauenkirche",
        "confidence": 0.7066
      },
      {
        "aat_id": 300004590,
        "wd_id": "Q108325",
        "search_term": "Kapelle",
        "confidence": 0.6229
      }
    ],
    "start": 2210,
    "end": 2222,
    "found_term": "Stiftskirche"
  },
  {
    "labels": [
      {
        "wd_id": "Q157229",
        "search_term": "Frauenkirche",
        "confidence": 0.7249
      }
    ],
    "start": 4849,
    "end": 4864,
    "found_term": "Theatinerkirche"
  },
  {
    "labels": [
      {
        "aat_id": 300075767,
        "wd_id": "Q164419",
        "search_term": "Galerie",
        "confidence": 1.0
      }
    ],
    "start": 7296,
    "end": 7303,
    "found_term": "Galerie"
  },
  {
    "labels": [
      {
        "aat_id": 300075767,
        "wd_id": "Q164419",
        "search_term": "Galerie",
        "confidence": 0.6509
      }
    ],
    "start": 7307,
    "end": 7318,
    "found_term": "Lenbachhaus"
  },
  {
    "labels": [
      {
        "wd_id": "Q1496790",
        "search_term": "Wallpavillon",
        "confidence": 0.6226
      },
      {
        "aat_id": 300004324,
        "wd_id": "Q2451751",
        "search_term": "Treppenhaus",
        "confidence": 0.6475
      },
      {
        "aat_id": 300006804,
        "wd_id": "Q952885",
        "search_term": "Orangerie",
        "confidence": 0.6528
      },
      {
        "wd_id": "Q1431210",
        "search_term": "Foyer",
        "confidence": 0.6394
      }
    ],
    "start": 873,
    "end": 884,
    "found_term": "Spiegelsaal"
  },
  {
    "labels": [
      {
        "wd_id": "Q1496790",
        "search_term": "Wallpavillon",
        "confidence": 0.6334
      },
      {
        "aat_id": 300004188,
        "wd_id": "Q1125776",
        "search_term": "Gebäudetrakt",
        "confidence": 0.6254
      },
      {
        "aat_id": 300184568,
        "wd_id": "Q1436181",
        "search_term": "Lustschloss",
        "confidence": 0.6666
      },
      {
        "wd_id": "Q2202145",
        "search_term": "Neubau",
        "confidence": 0.7378
      },
      {
        "wd_id": "Q267390",
        "search_term": "Taschenbergpalais",
        "confidence": 0.6125
      },
      {
        "aat_id": 300006804,
        "wd_id": "Q952885",
        "search_term": "Orangerie",
        "confidence": 0.6712
      }
    ],
    "start": 1378,
    "end": 1391,
    "found_term": "Schlossneubau"
  },
  {
    "labels": [
      {
        "wd_id": "Q1496790",
        "search_term": "Wallpavillon",
        "confidence": 0.6337
      },
      {
        "aat_id": 300004188,
        "wd_id": "Q1125776",
        "search_term": "Gebäudetrakt",
        "confidence": 0.7851
      },
      {
        "wd_id": "Q747567",
        "search_term": "Risalit",
        "confidence": 0.7325
      },
      {
        "aat_id": 300004324,
        "wd_id": "Q2451751",
        "search_term": "Treppenhaus",
        "confidence": 0.6653
      },
      {
        "aat_id": 300002667,
        "wd_id": "Q831691",
        "search_term": "Geschoss",
        "confidence": 0.6143
      },
      {
        "aat_id": 300002526,
        "wd_id": "Q183061",
        "search_term": "Fassade",
        "confidence": 0.6819
      },
      {
        "wd_id": "Q811438",
        "search_term": "Baukörper",
        "confidence": 0.7665
      },
      {
        "wd_id": "Q63759229",
        "search_term": "Seitenflügel",
        "confidence": 0.7288
      },
      {
        "wd_id": "Q1627767",
        "search_term": "Laubengang",
        "confidence": 0.683
      },
      {
        "wd_id": "Q1501427",
        "search_term": "Oktogon",
        "confidence": 0.6211
      },
      {
        "aat_id": 300004792,
        "wd_id": "Q41176",
        "search_term": "Gebäude",
        "confidence": 0.6614
      },
      {
        "aat_id": 300001788,
        "wd_id": "Q328092",
        "search_term": "Gesims",
        "confidence": 0.6076
      },
      {
        "aat_id": 300002737,
        "wd_id": "Q175112",
        "search_term": "Pilaster",
        "confidence": 0.6407
      },
      {
        "aat_id": 300002268,
        "wd_id": "Q163972",
        "search_term": "Dachtraufe",
        "confidence": 0.6273
      },
      {
        "wd_id": "Q11755880",
        "search_term": "Wohngebäude",
        "confidence": 0.622
      }
    ],
    "start": 4610,
    "end": 4618,
    "found_term": "Hauptbau"
  },
  {
    "labels": [
      {
        "wd_id": "Q1496790",
        "search_term": "Wallpavillon",
        "confidence": 0.6549
      },
      {
        "wd_id": "Q1180262",
        "search_term": "Residenzstadt",
        "confidence": 0.7082
      },
      {
        "wd_id": "Q1412205",
        "search_term": "Zeughaus",
        "confidence": 0.6096
      },
      {
        "aat_id": 300184568,
        "wd_id": "Q1436181",
        "search_term": "Lustschloss",
        "confidence": 0.729
      },
      {
        "wd_id": "Q267390",
        "search_term": "Taschenbergpalais",
        "confidence": 0.6518
      },
      {
        "aat_id": 300006804,
        "wd_id": "Q952885",
        "search_term": "Orangerie",
        "confidence": 0.7172
      }
    ],
    "start": 5473,
    "end": 5490,
    "found_term": "Residenzschlosses"
  },
  {
    "labels": [
      {
        "wd_id": "Q1496790",
        "search_term": "Wallpavillon",
        "confidence": 0.6087
      },
      {
        "aat_id": 300004188,
        "wd_id": "Q1125776",
        "search_term": "Gebäudetrakt",
        "confidence": 0.7974
      },
      {
        "wd_id": "Q747567",
        "search_term": "Risalit",
        "confidence": 0.613
      },
      {
        "aat_id": 300004324,
        "wd_id": "Q2451751",
        "search_term": "Treppenhaus",
        "confidence": 0.7052
      },
      {
        "aat_id": 300001324,
        "wd_id": "Q189771",
        "search_term": "Gewölbe",
        "confidence": 0.6258
      },
      {
        "aat_id": 300002526,
        "wd_id": "Q183061",
        "search_term": "Fassade",
        "confidence": 0.6181
      },
      {
        "wd_id": "Q811438",
        "search_term": "Baukörper",
        "confidence": 0.6171
      },
      {
        "wd_id": "Q63759229",
        "search_term": "Seitenflügel",
        "confidence": 0.786
      },
      {
        "aat_id": 300006804,
        "wd_id": "Q952885",
        "search_term": "Orangerie",
        "confidence": 0.6291
      },
      {
        "aat_id": 300004792,
        "wd_id": "Q41176",
        "search_term": "Gebäude",
        "confidence": 0.6511
      },
      {
        "aat_id": 300002580,
        "wd_id": "Q186637",
        "search_term": "Arkade",
        "confidence": 0.6079
      }
    ],
    "start": 5556,
    "end": 5565,
    "found_term": "Ostflügel"
  },
  {
    "labels": [
      {
        "aat_id": 300005734,
        "wd_id": "Q16560",
        "search_term": "Palast",
        "confidence": 0.6655
      },
      {
        "wd_id": "Q1180262",
        "search_term": "Residenzstadt",
        "confidence": 0.7579
      },
      {
        "aat_id": 300184568,
        "wd_id": "Q1436181",
        "search_term": "Lustschloss",
        "confidence": 0.6311
      }
    ],
    "start": 820,
    "end": 828,
    "found_term": "Residenz"
  },
  {
    "labels": [
      {
        "aat_id": 300005734,
        "wd_id": "Q16560",
        "search_term": "Palast",
        "confidence": 0.6152
      },
      {
        "aat_id": 300184568,
        "wd_id": "Q1436181",
        "search_term": "Lustschloss",
        "confidence": 0.6253
      },
      {
        "wd_id": "Q267390",
        "search_term": "Taschenbergpalais",
        "confidence": 0.7295
      },
      {
        "aat_id": 300006804,
        "wd_id": "Q952885",
        "search_term": "Orangerie",
        "confidence": 0.6341
      }
    ],
    "start": 1822,
    "end": 1828,
    "found_term": "Palais"
  },
  {
    "labels": [
      {
        "aat_id": 300005734,
        "wd_id": "Q16560",
        "search_term": "Palast",
        "confidence": 0.6655
      },
      {
        "wd_id": "Q1180262",
        "search_term": "Residenzstadt",
        "confidence": 0.7579
      },
      {
        "aat_id": 300184568,
        "wd_id": "Q1436181",
        "search_term": "Lustschloss",
        "confidence": 0.6311
      }
    ],
    "start": 1897,
    "end": 1905,
    "found_term": "Residenz"
  },
  {
    "labels": [
      {
        "aat_id": 300005734,
        "wd_id": "Q16560",
        "search_term": "Palast",
        "confidence": 0.6152
      },
      {
        "aat_id": 300184568,
        "wd_id": "Q1436181",
        "search_term": "Lustschloss",
        "confidence": 0.6253
      },
      {
        "wd_id": "Q267390",
        "search_term": "Taschenbergpalais",
        "confidence": 0.7295
      },
      {
        "aat_id": 300006804,
        "wd_id": "Q952885",
        "search_term": "Orangerie",
        "confidence": 0.6341
      }
    ],
    "start": 2034,
    "end": 2040,
    "found_term": "Palais"
  },
  {
    "labels": [
      {
        "aat_id": 300005734,
        "wd_id": "Q16560",
        "search_term": "Palast",
        "confidence": 0.6655
      },
      {
        "wd_id": "Q1180262",
        "search_term": "Residenzstadt",
        "confidence": 0.7579
      },
      {
        "aat_id": 300184568,
        "wd_id": "Q1436181",
        "search_term": "Lustschloss",
        "confidence": 0.6311
      }
    ],
    "start": 3860,
    "end": 3868,
    "found_term": "Residenz"
  },
  {
    "labels": [
      {
        "aat_id": 300005734,
        "wd_id": "Q16560",
        "search_term": "Palast",
        "confidence": 0.6655
      },
      {
        "wd_id": "Q1180262",
        "search_term": "Residenzstadt",
        "confidence": 0.7579
      },
      {
        "aat_id": 300184568,
        "wd_id": "Q1436181",
        "search_term": "Lustschloss",
        "confidence": 0.6311
      }
    ],
    "start": 4891,
    "end": 4899,
    "found_term": "Residenz"
  },
  {
    "labels": [
      {
        "aat_id": 300005734,
        "wd_id": "Q16560",
        "search_term": "Palast",
        "confidence": 0.6655
      },
      {
        "wd_id": "Q1180262",
        "search_term": "Residenzstadt",
        "confidence": 0.7579
      },
      {
        "aat_id": 300184568,
        "wd_id": "Q1436181",
        "search_term": "Lustschloss",
        "confidence": 0.6311
      }
    ],
    "start": 5579,
    "end": 5587,
    "found_term": "Residenz"
  },
  {
    "labels": [
      {
        "aat_id": 300005734,
        "wd_id": "Q16560",
        "search_term": "Palast",
        "confidence": 0.6152
      },
      {
        "aat_id": 300184568,
        "wd_id": "Q1436181",
        "search_term": "Lustschloss",
        "confidence": 0.6253
      },
      {
        "wd_id": "Q267390",
        "search_term": "Taschenbergpalais",
        "confidence": 0.7295
      },
      {
        "aat_id": 300006804,
        "wd_id": "Q952885",
        "search_term": "Orangerie",
        "confidence": 0.6341
      }
    ],
    "start": 6012,
    "end": 6018,
    "found_term": "Palais"
  },
  {
    "labels": [
      {
        "aat_id": 300005734,
        "wd_id": "Q16560",
        "search_term": "Palast",
        "confidence": 0.6655
      },
      {
        "wd_id": "Q1180262",
        "search_term": "Residenzstadt",
        "confidence": 0.7579
      },
      {
        "aat_id": 300184568,
        "wd_id": "Q1436181",
        "search_term": "Lustschloss",
        "confidence": 0.6311
      }
    ],
    "start": 6075,
    "end": 6083,
    "found_term": "Residenz"
  },
  {
    "labels": [
      {
        "aat_id": 300005734,
        "wd_id": "Q16560",
        "search_term": "Palast",
        "confidence": 0.6152
      },
      {
        "aat_id": 300184568,
        "wd_id": "Q1436181",
        "search_term": "Lustschloss",
        "confidence": 0.6253
      },
      {
        "wd_id": "Q267390",
        "search_term": "Taschenbergpalais",
        "confidence": 0.7295
      },
      {
        "aat_id": 300006804,
        "wd_id": "Q952885",
        "search_term": "Orangerie",
        "confidence": 0.6341
      }
    ],
    "start": 6232,
    "end": 6238,
    "found_term": "Palais"
  },
  {
    "labels": [
      {
        "aat_id": 300005734,
        "wd_id": "Q16560",
        "search_term": "Palast",
        "confidence": 0.6655
      },
      {
        "wd_id": "Q1180262",
        "search_term": "Residenzstadt",
        "confidence": 0.7579
      },
      {
        "aat_id": 300184568,
        "wd_id": "Q1436181",
        "search_term": "Lustschloss",
        "confidence": 0.6311
      }
    ],
    "start": 6894,
    "end": 6902,
    "found_term": "Residenz"
  },
  {
    "labels": [
      {
        "aat_id": 300008090,
        "wd_id": "Q1107656",
        "search_term": "Garten",
        "confidence": 0.6467
      },
      {
        "aat_id": 300005738,
        "wd_id": "Q751876",
        "search_term": "Schloss",
        "confidence": 0.6419
      },
      {
        "aat_id": 300184568,
        "wd_id": "Q1436181",
        "search_term": "Lustschloss",
        "confidence": 0.6477
      },
      {
        "aat_id": 300006804,
        "wd_id": "Q952885",
        "search_term": "Orangerie",
        "confidence": 0.7544
      }
    ],
    "start": 5903,
    "end": 5914,
    "found_term": "Schlosspark"
  },
  {
    "labels": [
      {
        "aat_id": 300378890,
        "wd_id": "Q34132",
        "search_term": "Zylinder",
        "confidence": 0.7243
      }
    ],
    "start": 5811,
    "end": 5824,
    "found_term": "obenliegender"
  },
  {
    "labels": [
      {
        "aat_id": 300417950,
        "wd_id": "Q17489160",
        "search_term": "Büste",
        "confidence": 0.658
      },
      {
        "aat_id": 300005923,
        "wd_id": "Q203443",
        "search_term": "Grabstein",
        "confidence": 0.6162
      }
    ],
    "start": 6525,
    "end": 6536,
    "found_term": "Gedenktafel"
  },
  {
    "labels": [
      {
        "wd_id": "Q3476515",
        "search_term": "Bauplastik",
        "confidence": 0.6508
      },
      {
        "wd_id": "Q6149036",
        "search_term": "Dekoration",
        "confidence": 0.6233
      }
    ],
    "start": 1590,
    "end": 1606,
    "found_term": "Innenarchitektur"
  },
  {
    "labels": [
      {
        "wd_id": "Q3476515",
        "search_term": "Bauplastik",
        "confidence": 0.6138
      }
    ],
    "start": 4202,
    "end": 4214,
    "found_term": "Klassizismus"
  },
  {
    "labels": [
      {
        "wd_id": "Q3476515",
        "search_term": "Bauplastik",
        "confidence": 0.6007
      },
      {
        "wd_id": "Q6149036",
        "search_term": "Dekoration",
        "confidence": 0.6048
      },
      {
        "aat_id": 300002737,
        "wd_id": "Q175112",
        "search_term": "Pilaster",
        "confidence": 0.6362
      }
    ],
    "start": 4237,
    "end": 4251,
    "found_term": "Ornamentformen"
  },
  {
    "labels": [
      {
        "wd_id": "Q3476515",
        "search_term": "Bauplastik",
        "confidence": 0.6603
      },
      {
        "aat_id": 300002944,
        "wd_id": "Q35473",
        "search_term": "Fenster",
        "confidence": 0.6439
      },
      {
        "aat_id": 300004188,
        "wd_id": "Q1125776",
        "search_term": "Gebäudetrakt",
        "confidence": 0.6828
      },
      {
        "wd_id": "Q747567",
        "search_term": "Risalit",
        "confidence": 0.7235
      },
      {
        "aat_id": 300004324,
        "wd_id": "Q2451751",
        "search_term": "Treppenhaus",
        "confidence": 0.7028
      },
      {
        "aat_id": 300002613,
        "wd_id": "Q657100",
        "search_term": "Kolonnade",
        "confidence": 0.6413
      },
      {
        "aat_id": 300001324,
        "wd_id": "Q189771",
        "search_term": "Gewölbe",
        "confidence": 0.6499
      },
      {
        "aat_id": 300002526,
        "wd_id": "Q183061",
        "search_term": "Fassade",
        "confidence": 1.0
      },
      {
        "wd_id": "Q811438",
        "search_term": "Baukörper",
        "confidence": 0.7515
      },
      {
        "wd_id": "Q63759229",
        "search_term": "Seitenflügel",
        "confidence": 0.6607
      },
      {
        "wd_id": "Q1627767",
        "search_term": "Laubengang",
        "confidence": 0.6233
      },
      {
        "aat_id": 300001280,
        "wd_id": "Q12493",
        "search_term": "Kuppel",
        "confidence": 0.6542
      },
      {
        "aat_id": 300002704,
        "wd_id": "Q695992",
        "search_term": "Wandnische",
        "confidence": 0.6017
      },
      {
        "aat_id": 300004792,
        "wd_id": "Q41176",
        "search_term": "Gebäude",
        "confidence": 0.6486
      },
      {
        "aat_id": 300001788,
        "wd_id": "Q328092",
        "search_term": "Gesims",
        "confidence": 0.7063
      },
      {
        "aat_id": 300002737,
        "wd_id": "Q175112",
        "search_term": "Pilaster",
        "confidence": 0.7409
      },
      {
        "aat_id": 300002580,
        "wd_id": "Q186637",
        "search_term": "Arkade",
        "confidence": 0.6994
      },
      {
        "aat_id": 300002268,
        "wd_id": "Q163972",
        "search_term": "Dachtraufe",
        "confidence": 0.6844
      }
    ],
    "start": 4837,
    "end": 4844,
    "found_term": "Fassade"
  },
  {
    "labels": [
      {
        "wd_id": "Q3476515",
        "search_term": "Bauplastik",
        "confidence": 0.6603
      },
      {
        "aat_id": 300002944,
        "wd_id": "Q35473",
        "search_term": "Fenster",
        "confidence": 0.6439
      },
      {
        "aat_id": 300004188,
        "wd_id": "Q1125776",
        "search_term": "Gebäudetrakt",
        "confidence": 0.6828
      },
      {
        "wd_id": "Q747567",
        "search_term": "Risalit",
        "confidence": 0.7235
      },
      {
        "aat_id": 300004324,
        "wd_id": "Q2451751",
        "search_term": "Treppenhaus",
        "confidence": 0.7028
      },
      {
        "aat_id": 300002613,
        "wd_id": "Q657100",
        "search_term": "Kolonnade",
        "confidence": 0.6413
      },
      {
        "aat_id": 300001324,
        "wd_id": "Q189771",
        "search_term": "Gewölbe",
        "confidence": 0.6499
      },
      {
        "aat_id": 300002526,
        "wd_id": "Q183061",
        "search_term": "Fassade",
        "confidence": 1.0
      },
      {
        "wd_id": "Q811438",
        "search_term": "Baukörper",
        "confidence": 0.7515
      },
      {
        "wd_id": "Q63759229",
        "search_term": "Seitenflügel",
        "confidence": 0.6607
      },
      {
        "wd_id": "Q1627767",
        "search_term": "Laubengang",
        "confidence": 0.6233
      },
      {
        "aat_id": 300001280,
        "wd_id": "Q12493",
        "search_term": "Kuppel",
        "confidence": 0.6542
      },
      {
        "aat_id": 300002704,
        "wd_id": "Q695992",
        "search_term": "Wandnische",
        "confidence": 0.6017
      },
      {
        "aat_id": 300004792,
        "wd_id": "Q41176",
        "search_term": "Gebäude",
        "confidence": 0.6486
      },
      {
        "aat_id": 300001788,
        "wd_id": "Q328092",
        "search_term": "Gesims",
        "confidence": 0.7063
      },
      {
        "aat_id": 300002737,
        "wd_id": "Q175112",
        "search_term": "Pilaster",
        "confidence": 0.7409
      },
      {
        "aat_id": 300002580,
        "wd_id": "Q186637",
        "search_term": "Arkade",
        "confidence": 0.6994
      },
      {
        "aat_id": 300002268,
        "wd_id": "Q163972",
        "search_term": "Dachtraufe",
        "confidence": 0.6844
      }
    ],
    "start": 6470,
    "end": 6477,
    "found_term": "Fassade"
  },
  {
    "labels": [
      {
        "wd_id": "Q3476515",
        "search_term": "Bauplastik",
        "confidence": 0.6167
      }
    ],
    "start": 7426,
    "end": 7437,
    "found_term": "Architektur"
  },
  {
    "labels": [
      {
        "aat_id": 300004188,
        "wd_id": "Q1125776",
        "search_term": "Gebäudetrakt",
        "confidence": 0.6107
      },
      {
        "aat_id": 300004044,
        "wd_id": "Q180516",
        "search_term": "Zimmer",
        "confidence": 0.6417
      }
    ],
    "start": 1362,
    "end": 1374,
    "found_term": "Appartements"
  },
  {
    "labels": [
      {
        "wd_id": "Q6149036",
        "search_term": "Dekoration",
        "confidence": 0.8747
      }
    ],
    "start": 4442,
    "end": 4454,
    "found_term": "Dekorationen"
  },
  {
    "labels": [
      {
        "aat_id": 300004514,
        "wd_id": "Q43164",
        "search_term": "Küche",
        "confidence": 1.0
      }
    ],
    "start": 5878,
    "end": 5883,
    "found_term": "Küche"
  },
  {
    "labels": [
      {
        "aat_id": 300004324,
        "wd_id": "Q2451751",
        "search_term": "Treppenhaus",
        "confidence": 0.6359
      },
      {
        "aat_id": 300004044,
        "wd_id": "Q180516",
        "search_term": "Zimmer",
        "confidence": 1.0
      }
    ],
    "start": 806,
    "end": 812,
    "found_term": "Zimmer"
  },
  {
    "labels": [
      {
        "aat_id": 300004324,
        "wd_id": "Q2451751",
        "search_term": "Treppenhaus",
        "confidence": 0.6109
      },
      {
        "wd_id": "Q1431210",
        "search_term": "Foyer",
        "confidence": 0.6521
      }
    ],
    "start": 2861,
    "end": 2874,
    "found_term": "Zuschauerraum"
  },
  {
    "labels": [
      {
        "aat_id": 300004324,
        "wd_id": "Q2451751",
        "search_term": "Treppenhaus",
        "confidence": 0.6028
      },
      {
        "aat_id": 300002704,
        "wd_id": "Q695992",
        "search_term": "Wandnische",
        "confidence": 0.6307
      },
      {
        "aat_id": 300002060,
        "wd_id": "Q217164",
        "search_term": "Fußboden",
        "confidence": 0.6285
      },
      {
        "aat_id": 300002737,
        "wd_id": "Q175112",
        "search_term": "Pilaster",
        "confidence": 0.6436
      },
      {
        "aat_id": 300002268,
        "wd_id": "Q163972",
        "search_term": "Dachtraufe",
        "confidence": 0.6027
      }
    ],
    "start": 5155,
    "end": 5167,
    "found_term": "Wandpaneelen"
  },
  {
    "labels": [
      {
        "aat_id": 300004324,
        "wd_id": "Q2451751",
        "search_term": "Treppenhaus",
        "confidence": 0.6359
      },
      {
        "aat_id": 300004044,
        "wd_id": "Q180516",
        "search_term": "Zimmer",
        "confidence": 1.0
      }
    ],
    "start": 6106,
    "end": 6112,
    "found_term": "Zimmer"
  },
  {
    "labels": [
      {
        "aat_id": 300004324,
        "wd_id": "Q2451751",
        "search_term": "Treppenhaus",
        "confidence": 0.6359
      },
      {
        "aat_id": 300004044,
        "wd_id": "Q180516",
        "search_term": "Zimmer",
        "confidence": 1.0
      }
    ],
    "start": 6157,
    "end": 6163,
    "found_term": "Zimmer"
  },
  {
    "labels": [
      {
        "aat_id": 300007117,
        "wd_id": "Q24354",
        "search_term": "Theatergebäude",
        "confidence": 0.6608
      },
      {
        "wd_id": "Q1395899",
        "search_term": "Hoftheater",
        "confidence": 0.7927
      }
    ],
    "start": 3682,
    "end": 3697,
    "found_term": "Residenztheater"
  },
  {
    "labels": [
      {
        "aat_id": 300007117,
        "wd_id": "Q24354",
        "search_term": "Theatergebäude",
        "confidence": 0.7639
      },
      {
        "wd_id": "Q1395899",
        "search_term": "Hoftheater",
        "confidence": 0.6879
      }
    ],
    "start": 3723,
    "end": 3730,
    "found_term": "Theater"
  },
  {
    "labels": [
      {
        "aat_id": 300007117,
        "wd_id": "Q24354",
        "search_term": "Theatergebäude",
        "confidence": 0.6099
      },
      {
        "wd_id": "Q1395899",
        "search_term": "Hoftheater",
        "confidence": 1.0
      }
    ],
    "start": 3930,
    "end": 3940,
    "found_term": "Hoftheater"
  },
  {
    "labels": [
      {
        "aat_id": 300007117,
        "wd_id": "Q24354",
        "search_term": "Theatergebäude",
        "confidence": 0.6701
      },
      {
        "wd_id": "Q1395899",
        "search_term": "Hoftheater",
        "confidence": 0.791
      }
    ],
    "start": 6410,
    "end": 6426,
    "found_term": "Residenztheaters"
  },
  {
    "labels": [
      {
        "aat_id": 300007117,
        "wd_id": "Q24354",
        "search_term": "Theatergebäude",
        "confidence": 0.7639
      },
      {
        "wd_id": "Q1395899",
        "search_term": "Hoftheater",
        "confidence": 0.6879
      }
    ],
    "start": 6449,
    "end": 6456,
    "found_term": "Theater"
  },
  {
    "labels": [
      {
        "aat_id": 300005738,
        "wd_id": "Q751876",
        "search_term": "Schloss",
        "confidence": 1.0
      },
      {
        "aat_id": 300184568,
        "wd_id": "Q1436181",
        "search_term": "Lustschloss",
        "confidence": 0.6455
      }
    ],
    "start": 2133,
    "end": 2140,
    "found_term": "Schloss"
  },
  {
    "labels": [
      {
        "aat_id": 300005738,
        "wd_id": "Q751876",
        "search_term": "Schloss",
        "confidence": 0.628
      },
      {
        "aat_id": 300184568,
        "wd_id": "Q1436181",
        "search_term": "Lustschloss",
        "confidence": 0.7693
      },
      {
        "aat_id": 300006804,
        "wd_id": "Q952885",
        "search_term": "Orangerie",
        "confidence": 0.6436
      }
    ],
    "start": 2283,
    "end": 2294,
    "found_term": "Jagdschloss"
  },
  {
    "labels": [
      {
        "aat_id": 300005738,
        "wd_id": "Q751876",
        "search_term": "Schloss",
        "confidence": 1.0
      },
      {
        "aat_id": 300184568,
        "wd_id": "Q1436181",
        "search_term": "Lustschloss",
        "confidence": 0.6455
      }
    ],
    "start": 2315,
    "end": 2322,
    "found_term": "Schloss"
  },
  {
    "labels": [
      {
        "aat_id": 300005738,
        "wd_id": "Q751876",
        "search_term": "Schloss",
        "confidence": 0.628
      },
      {
        "aat_id": 300184568,
        "wd_id": "Q1436181",
        "search_term": "Lustschloss",
        "confidence": 0.7693
      },
      {
        "aat_id": 300006804,
        "wd_id": "Q952885",
        "search_term": "Orangerie",
        "confidence": 0.6436
      }
    ],
    "start": 2523,
    "end": 2534,
    "found_term": "Jagdschloss"
  },
  {
    "labels": [
      {
        "aat_id": 300005738,
        "wd_id": "Q751876",
        "search_term": "Schloss",
        "confidence": 1.0
      },
      {
        "aat_id": 300184568,
        "wd_id": "Q1436181",
        "search_term": "Lustschloss",
        "confidence": 0.6455
      }
    ],
    "start": 2624,
    "end": 2631,
    "found_term": "Schloss"
  },
  {
    "labels": [
      {
        "aat_id": 300005738,
        "wd_id": "Q751876",
        "search_term": "Schloss",
        "confidence": 1.0
      },
      {
        "aat_id": 300184568,
        "wd_id": "Q1436181",
        "search_term": "Lustschloss",
        "confidence": 0.6455
      }
    ],
    "start": 2832,
    "end": 2839,
    "found_term": "Schloss"
  },
  {
    "labels": [
      {
        "aat_id": 300005738,
        "wd_id": "Q751876",
        "search_term": "Schloss",
        "confidence": 1.0
      },
      {
        "aat_id": 300184568,
        "wd_id": "Q1436181",
        "search_term": "Lustschloss",
        "confidence": 0.6455
      }
    ],
    "start": 4623,
    "end": 4630,
    "found_term": "Schloss"
  },
  {
    "labels": [
      {
        "aat_id": 300005738,
        "wd_id": "Q751876",
        "search_term": "Schloss",
        "confidence": 1.0
      },
      {
        "aat_id": 300184568,
        "wd_id": "Q1436181",
        "search_term": "Lustschloss",
        "confidence": 0.6455
      }
    ],
    "start": 4684,
    "end": 4691,
    "found_term": "Schloss"
  },
  {
    "labels": [
      {
        "aat_id": 300005738,
        "wd_id": "Q751876",
        "search_term": "Schloss",
        "confidence": 1.0
      },
      {
        "aat_id": 300184568,
        "wd_id": "Q1436181",
        "search_term": "Lustschloss",
        "confidence": 0.6455
      }
    ],
    "start": 4761,
    "end": 4768,
    "found_term": "Schloss"
  },
  {
    "labels": [
      {
        "aat_id": 300005738,
        "wd_id": "Q751876",
        "search_term": "Schloss",
        "confidence": 1.0
      },
      {
        "aat_id": 300184568,
        "wd_id": "Q1436181",
        "search_term": "Lustschloss",
        "confidence": 0.6455
      }
    ],
    "start": 5940,
    "end": 5947,
    "found_term": "Schloss"
  },
  {
    "labels": [
      {
        "aat_id": 300005738,
        "wd_id": "Q751876",
        "search_term": "Schloss",
        "confidence": 1.0
      },
      {
        "aat_id": 300184568,
        "wd_id": "Q1436181",
        "search_term": "Lustschloss",
        "confidence": 0.6455
      }
    ],
    "start": 6167,
    "end": 6174,
    "found_term": "Schloss"
  },
  {
    "labels": [
      {
        "aat_id": 300005738,
        "wd_id": "Q751876",
        "search_term": "Schloss",
        "confidence": 1.0
      },
      {
        "aat_id": 300184568,
        "wd_id": "Q1436181",
        "search_term": "Lustschloss",
        "confidence": 0.6455
      }
    ],
    "start": 6318,
    "end": 6325,
    "found_term": "Schloss"
  },
  {
    "labels": [
      {
        "aat_id": 300005738,
        "wd_id": "Q751876",
        "search_term": "Schloss",
        "confidence": 1.0
      },
      {
        "aat_id": 300184568,
        "wd_id": "Q1436181",
        "search_term": "Lustschloss",
        "confidence": 0.6455
      }
    ],
    "start": 6353,
    "end": 6360,
    "found_term": "Schloss"
  },
  {
    "labels": [
      {
        "aat_id": 300003790,
        "wd_id": "Q211775",
        "search_term": "Kanzel",
        "confidence": 0.6184
      }
    ],
    "start": 3813,
    "end": 3829,
    "found_term": "Innenausstattung"
  },
  {
    "labels": [
      {
        "aat_id": 300003790,
        "wd_id": "Q211775",
        "search_term": "Kanzel",
        "confidence": 0.6184
      }
    ],
    "start": 5095,
    "end": 5111,
    "found_term": "Innenausstattung"
  },
  {
    "labels": [
      {
        "aat_id": 300047090,
        "wd_id": "Q860861",
        "search_term": "Skulptur",
        "confidence": 0.6523
      }
    ],
    "start": 167,
    "end": 176,
    "found_term": "Bildhauer"
  },
  {
    "labels": [
      {
        "wd_id": "Q309250",
        "search_term": "Hof",
        "confidence": 1.0
      }
    ],
    "start": 1072,
    "end": 1075,
    "found_term": "Hof"
  },
  {
    "labels": [
      {
        "wd_id": "Q309250",
        "search_term": "Hof",
        "confidence": 0.7718
      }
    ],
    "start": 3204,
    "end": 3209,
    "found_term": "Hofes"
  },
  {
    "labels": [
      {
        "wd_id": "Q309250",
        "search_term": "Hof",
        "confidence": 1.0
      }
    ],
    "start": 4547,
    "end": 4550,
    "found_term": "Hof"
  },
  {
    "labels": [
      {
        "wd_id": "Q309250",
        "search_term": "Hof",
        "confidence": 1.0
      }
    ],
    "start": 7811,
    "end": 7814,
    "found_term": "Hof"
  },
  {
    "labels": [
      {
        "wd_id": "Q1412205",
        "search_term": "Zeughaus",
        "confidence": 0.6095
      },
      {
        "aat_id": 300006054,
        "wd_id": "Q543654",
        "search_term": "Rathaus",
        "confidence": 1.0
      }
    ],
    "start": 7276,
    "end": 7283,
    "found_term": "Rathaus"
  },
  {
    "labels": [
      {
        "aat_id": 300184568,
        "wd_id": "Q1436181",
        "search_term": "Lustschloss",
        "confidence": 0.6034
      }
    ],
    "start": 229,
    "end": 242,
    "found_term": "Hofbaumeister"
  },
  {
    "labels": [
      {
        "aat_id": 300184568,
        "wd_id": "Q1436181",
        "search_term": "Lustschloss",
        "confidence": 0.6099
      }
    ],
    "start": 837,
    "end": 848,
    "found_term": "Amalienburg"
  },
  {
    "labels": [
      {
        "aat_id": 300184568,
        "wd_id": "Q1436181",
        "search_term": "Lustschloss",
        "confidence": 0.6099
      }
    ],
    "start": 889,
    "end": 900,
    "found_term": "Amalienburg"
  },
  {
    "labels": [
      {
        "aat_id": 300184568,
        "wd_id": "Q1436181",
        "search_term": "Lustschloss",
        "confidence": 0.6099
      }
    ],
    "start": 2073,
    "end": 2084,
    "found_term": "Amalienburg"
  },
  {
    "labels": [
      {
        "aat_id": 300184568,
        "wd_id": "Q1436181",
        "search_term": "Lustschloss",
        "confidence": 0.6596
      },
      {
        "aat_id": 300006804,
        "wd_id": "Q952885",
        "search_term": "Orangerie",
        "confidence": 0.6333
      }
    ],
    "start": 2295,
    "end": 2305,
    "found_term": "Falkenlust"
  },
  {
    "labels": [
      {
        "aat_id": 300184568,
        "wd_id": "Q1436181",
        "search_term": "Lustschloss",
        "confidence": 0.6596
      },
      {
        "aat_id": 300006804,
        "wd_id": "Q952885",
        "search_term": "Orangerie",
        "confidence": 0.6333
      }
    ],
    "start": 2481,
    "end": 2491,
    "found_term": "Falkenlust"
  },
  {
    "labels": [
      {
        "aat_id": 300184568,
        "wd_id": "Q1436181",
        "search_term": "Lustschloss",
        "confidence": 0.6596
      },
      {
        "aat_id": 300006804,
        "wd_id": "Q952885",
        "search_term": "Orangerie",
        "confidence": 0.6333
      }
    ],
    "start": 2535,
    "end": 2545,
    "found_term": "Falkenlust"
  },
  {
    "labels": [
      {
        "aat_id": 300184568,
        "wd_id": "Q1436181",
        "search_term": "Lustschloss",
        "confidence": 0.6038
      }
    ],
    "start": 5006,
    "end": 5018,
    "found_term": "Hofarchitekt"
  },
  {
    "labels": [
      {
        "aat_id": 300184568,
        "wd_id": "Q1436181",
        "search_term": "Lustschloss",
        "confidence": 0.6099
      }
    ],
    "start": 5888,
    "end": 5899,
    "found_term": "Amalienburg"
  },
  {
    "labels": [
      {
        "aat_id": 300184568,
        "wd_id": "Q1436181",
        "search_term": "Lustschloss",
        "confidence": 0.6596
      },
      {
        "aat_id": 300006804,
        "wd_id": "Q952885",
        "search_term": "Orangerie",
        "confidence": 0.6333
      }
    ],
    "start": 5965,
    "end": 5975,
    "found_term": "Falkenlust"
  },
  {
    "labels": [
      {
        "aat_id": 300184568,
        "wd_id": "Q1436181",
        "search_term": "Lustschloss",
        "confidence": 0.6099
      }
    ],
    "start": 6272,
    "end": 6283,
    "found_term": "Amalienburg"
  },
  {
    "labels": [
      {
        "wd_id": "Q2202145",
        "search_term": "Neubau",
        "confidence": 0.7256
      }
    ],
    "start": 2194,
    "end": 2197,
    "found_term": "Bau"
  },
  {
    "labels": [
      {
        "wd_id": "Q2202145",
        "search_term": "Neubau",
        "confidence": 0.7256
      }
    ],
    "start": 2202,
    "end": 2205,
    "found_term": "Bau"
  },
  {
    "labels": [
      {
        "wd_id": "Q2202145",
        "search_term": "Neubau",
        "confidence": 0.7256
      }
    ],
    "start": 2446,
    "end": 2449,
    "found_term": "Bau"
  },
  {
    "labels": [
      {
        "wd_id": "Q2202145",
        "search_term": "Neubau",
        "confidence": 0.7256
      }
    ],
    "start": 3059,
    "end": 3062,
    "found_term": "Bau"
  },
  {
    "labels": [
      {
        "wd_id": "Q2202145",
        "search_term": "Neubau",
        "confidence": 0.6431
      }
    ],
    "start": 4818,
    "end": 4832,
    "found_term": "Fertigstellung"
  },
  {
    "labels": [
      {
        "wd_id": "Q2202145",
        "search_term": "Neubau",
        "confidence": 0.6406
      }
    ],
    "start": 5450,
    "end": 5460,
    "found_term": "Errichtung"
  },
  {
    "labels": [
      {
        "wd_id": "Q2202145",
        "search_term": "Neubau",
        "confidence": 0.7256
      }
    ],
    "start": 6402,
    "end": 6405,
    "found_term": "Bau"
  },
  {
    "labels": [
      {
        "aat_id": 300002526,
        "wd_id": "Q183061",
        "search_term": "Fassade",
        "confidence": 0.6038
      },
      {
        "wd_id": "Q1627767",
        "search_term": "Laubengang",
        "confidence": 0.6029
      },
      {
        "aat_id": 300001788,
        "wd_id": "Q328092",
        "search_term": "Gesims",
        "confidence": 0.6296
      },
      {
        "aat_id": 300002737,
        "wd_id": "Q175112",
        "search_term": "Pilaster",
        "confidence": 0.6537
      },
      {
        "aat_id": 300002268,
        "wd_id": "Q163972",
        "search_term": "Dachtraufe",
        "confidence": 0.6018
      }
    ],
    "start": 5198,
    "end": 5214,
    "found_term": "schmiedeeisernen"
  },
  {
    "labels": [
      {
        "aat_id": 300004044,
        "wd_id": "Q180516",
        "search_term": "Zimmer",
        "confidence": 0.6418
      }
    ],
    "start": 781,
    "end": 793,
    "found_term": "Schlafgemach"
  },
  {
    "labels": [
      {
        "aat_id": 300004044,
        "wd_id": "Q180516",
        "search_term": "Zimmer",
        "confidence": 0.6773
      }
    ],
    "start": 1876,
    "end": 1883,
    "found_term": "Zimmern"
  },
  {
    "labels": [
      {
        "aat_id": 300004044,
        "wd_id": "Q180516",
        "search_term": "Zimmer",
        "confidence": 0.6135
      },
      {
        "aat_id": 300002060,
        "wd_id": "Q217164",
        "search_term": "Fußboden",
        "confidence": 0.62
      }
    ],
    "start": 5169,
    "end": 5181,
    "found_term": "Zimmerdecken"
  }
]