[
  {
    "labels": [
      {
        "wd_id": "Q1496790",
        "search_term": "Wallpavillon",
        "confidence": 0.6388
      },
      {
        "wd_id": "Q155107",
        "search_term": "Zwinger",
        "confidence": 1.0
      },
      {
        "wd_id": "Q267390",
        "search_term": "Taschenbergpalais",
        "confidence": 0.6099
      }
    ],
    "start": 1705,
    "end": 1712,
    "found_term": "Zwinger"
  },
  {
    "labels": [
      {
        "aat_id": 300005734,
        "wd_id": "Q16560",
        "search_term": "Palast",
        "confidence": 0.6152
      },
      {
        "aat_id": 300184568,
        "wd_id": "Q1436181",
        "search_term": "Lustschloss",
        "confidence": 0.6253
      },
      {
        "wd_id": "Q267390",
        "search_term": "Taschenbergpalais",
        "confidence": 0.7295
      },
      {
        "aat_id": 300006804,
        "wd_id": "Q952885",
        "search_term": "Orangerie",
        "confidence": 0.6341
      }
    ],
    "start": 375,
    "end": 381,
    "found_term": "Palais"
  },
  {
    "labels": [
      {
        "aat_id": 300005734,
        "wd_id": "Q16560",
        "search_term": "Palast",
        "confidence": 0.6152
      },
      {
        "aat_id": 300184568,
        "wd_id": "Q1436181",
        "search_term": "Lustschloss",
        "confidence": 0.6253
      },
      {
        "wd_id": "Q267390",
        "search_term": "Taschenbergpalais",
        "confidence": 0.7295
      },
      {
        "aat_id": 300006804,
        "wd_id": "Q952885",
        "search_term": "Orangerie",
        "confidence": 0.6341
      }
    ],
    "start": 729,
    "end": 735,
    "found_term": "Palais"
  },
  {
    "labels": [
      {
        "aat_id": 300005734,
        "wd_id": "Q16560",
        "search_term": "Palast",
        "confidence": 0.6152
      },
      {
        "aat_id": 300184568,
        "wd_id": "Q1436181",
        "search_term": "Lustschloss",
        "confidence": 0.6253
      },
      {
        "wd_id": "Q267390",
        "search_term": "Taschenbergpalais",
        "confidence": 0.7295
      },
      {
        "aat_id": 300006804,
        "wd_id": "Q952885",
        "search_term": "Orangerie",
        "confidence": 0.6341
      }
    ],
    "start": 1924,
    "end": 1930,
    "found_term": "Palais"
  },
  {
    "labels": [
      {
        "aat_id": 300008090,
        "wd_id": "Q1107656",
        "search_term": "Garten",
        "confidence": 0.6424
      }
    ],
    "start": 1313,
    "end": 1324,
    "found_term": "Gartenkunst"
  },
  {
    "labels": [
      {
        "aat_id": 300008090,
        "wd_id": "Q1107656",
        "search_term": "Garten",
        "confidence": 0.6424
      }
    ],
    "start": 2213,
    "end": 2224,
    "found_term": "Gartenkunst"
  },
  {
    "labels": [
      {
        "wd_id": "Q3476515",
        "search_term": "Bauplastik",
        "confidence": 0.6778
      },
      {
        "wd_id": "Q811438",
        "search_term": "Baukörper",
        "confidence": 0.6585
      }
    ],
    "start": 590,
    "end": 610,
    "found_term": "Architekturelementen"
  },
  {
    "labels": [
      {
        "wd_id": "Q3476515",
        "search_term": "Bauplastik",
        "confidence": 0.6126
      }
    ],
    "start": 1058,
    "end": 1066,
    "found_term": "Neogotik"
  },
  {
    "labels": [
      {
        "wd_id": "Q3476515",
        "search_term": "Bauplastik",
        "confidence": 0.6085
      },
      {
        "aat_id": 300003790,
        "wd_id": "Q211775",
        "search_term": "Kanzel",
        "confidence": 0.6375
      },
      {
        "wd_id": "Q2202145",
        "search_term": "Neubau",
        "confidence": 0.604
      },
      {
        "aat_id": 300002526,
        "wd_id": "Q183061",
        "search_term": "Fassade",
        "confidence": 0.6456
      },
      {
        "wd_id": "Q1244038",
        "search_term": "Dorfkirche",
        "confidence": 0.6122
      },
      {
        "aat_id": 300007466,
        "wd_id": "Q16970",
        "search_term": "Kirchengebäude",
        "confidence": 0.6725
      }
    ],
    "start": 1254,
    "end": 1266,
    "found_term": "neogotischen"
  },
  {
    "labels": [
      {
        "aat_id": 300004188,
        "wd_id": "Q1125776",
        "search_term": "Gebäudetrakt",
        "confidence": 0.6868
      },
      {
        "wd_id": "Q2202145",
        "search_term": "Neubau",
        "confidence": 0.7492
      },
      {
        "wd_id": "Q811438",
        "search_term": "Baukörper",
        "confidence": 0.625
      },
      {
        "aat_id": 300004792,
        "wd_id": "Q41176",
        "search_term": "Gebäude",
        "confidence": 0.629
      }
    ],
    "start": 352,
    "end": 370,
    "found_term": "Erweiterungsbauten"
  },
  {
    "labels": [
      {
        "aat_id": 300004188,
        "wd_id": "Q1125776",
        "search_term": "Gebäudetrakt",
        "confidence": 0.6001
      },
      {
        "aat_id": 300001324,
        "wd_id": "Q189771",
        "search_term": "Gewölbe",
        "confidence": 0.6157
      },
      {
        "aat_id": 300004792,
        "wd_id": "Q41176",
        "search_term": "Gebäude",
        "confidence": 0.6124
      },
      {
        "wd_id": "Q11755880",
        "search_term": "Wohngebäude",
        "confidence": 0.6049
      }
    ],
    "start": 964,
    "end": 975,
    "found_term": "Grundmauern"
  },
  {
    "labels": [
      {
        "aat_id": 300005738,
        "wd_id": "Q751876",
        "search_term": "Schloss",
        "confidence": 1.0
      },
      {
        "aat_id": 300184568,
        "wd_id": "Q1436181",
        "search_term": "Lustschloss",
        "confidence": 0.6455
      }
    ],
    "start": 887,
    "end": 894,
    "found_term": "Schloss"
  },
  {
    "labels": [
      {
        "aat_id": 300005738,
        "wd_id": "Q751876",
        "search_term": "Schloss",
        "confidence": 1.0
      },
      {
        "aat_id": 300184568,
        "wd_id": "Q1436181",
        "search_term": "Lustschloss",
        "confidence": 0.6455
      }
    ],
    "start": 1448,
    "end": 1455,
    "found_term": "Schloss"
  },
  {
    "labels": [
      {
        "aat_id": 300005738,
        "wd_id": "Q751876",
        "search_term": "Schloss",
        "confidence": 1.0
      },
      {
        "aat_id": 300184568,
        "wd_id": "Q1436181",
        "search_term": "Lustschloss",
        "confidence": 0.6455
      }
    ],
    "start": 1993,
    "end": 2000,
    "found_term": "Schloss"
  },
  {
    "labels": [
      {
        "aat_id": 300005738,
        "wd_id": "Q751876",
        "search_term": "Schloss",
        "confidence": 0.7132
      }
    ],
    "start": 2103,
    "end": 2109,
    "found_term": "Schloß"
  },
  {
    "labels": [
      {
        "aat_id": 300005738,
        "wd_id": "Q751876",
        "search_term": "Schloss",
        "confidence": 1.0
      },
      {
        "aat_id": 300184568,
        "wd_id": "Q1436181",
        "search_term": "Lustschloss",
        "confidence": 0.6455
      }
    ],
    "start": 2446,
    "end": 2453,
    "found_term": "Schloss"
  },
  {
    "labels": [
      {
        "aat_id": 300003790,
        "wd_id": "Q211775",
        "search_term": "Kanzel",
        "confidence": 0.6343
      }
    ],
    "start": 581,
    "end": 589,
    "found_term": "barocken"
  },
  {
    "labels": [
      {
        "aat_id": 300006891,
        "wd_id": "Q23413",
        "search_term": "Burg",
        "confidence": 0.7606
      }
    ],
    "start": 835,
    "end": 840,
    "found_term": "Ruine"
  },
  {
    "labels": [
      {
        "aat_id": 300006891,
        "wd_id": "Q23413",
        "search_term": "Burg",
        "confidence": 0.7606
      }
    ],
    "start": 920,
    "end": 925,
    "found_term": "Ruine"
  },
  {
    "labels": [
      {
        "aat_id": 300006891,
        "wd_id": "Q23413",
        "search_term": "Burg",
        "confidence": 0.7606
      }
    ],
    "start": 1267,
    "end": 1272,
    "found_term": "Ruine"
  },
  {
    "labels": [
      {
        "aat_id": 300006891,
        "wd_id": "Q23413",
        "search_term": "Burg",
        "confidence": 0.7606
      }
    ],
    "start": 1942,
    "end": 1947,
    "found_term": "Ruine"
  },
  {
    "labels": [
      {
        "aat_id": 300006891,
        "wd_id": "Q23413",
        "search_term": "Burg",
        "confidence": 0.7606
      }
    ],
    "start": 1968,
    "end": 1973,
    "found_term": "Ruine"
  },
  {
    "labels": [
      {
        "aat_id": 300006888,
        "wd_id": "Q57821",
        "search_term": "Befestigung",
        "confidence": 1.0
      }
    ],
    "start": 1030,
    "end": 1041,
    "found_term": "Befestigung"
  },
  {
    "labels": [
      {
        "aat_id": 300184568,
        "wd_id": "Q1436181",
        "search_term": "Lustschloss",
        "confidence": 0.6122
      }
    ],
    "start": 1853,
    "end": 1868,
    "found_term": "Waldschlösschen"
  },
  {
    "labels": [
      {
        "aat_id": 300184568,
        "wd_id": "Q1436181",
        "search_term": "Lustschloss",
        "confidence": 0.7206
      },
      {
        "wd_id": "Q267390",
        "search_term": "Taschenbergpalais",
        "confidence": 0.6346
      },
      {
        "aat_id": 300006804,
        "wd_id": "Q952885",
        "search_term": "Orangerie",
        "confidence": 0.6583
      }
    ],
    "start": 1893,
    "end": 1911,
    "found_term": "Fasanenschlösschen"
  },
  {
    "labels": [
      {
        "wd_id": "Q2202145",
        "search_term": "Neubau",
        "confidence": 0.7256
      }
    ],
    "start": 492,
    "end": 495,
    "found_term": "Bau"
  },
  {
    "labels": [
      {
        "wd_id": "Q2202145",
        "search_term": "Neubau",
        "confidence": 0.6116
      },
      {
        "aat_id": 300265418,
        "wd_id": "Q811979",
        "search_term": "Bauwerk",
        "confidence": 0.6236
      },
      {
        "aat_id": 300004792,
        "wd_id": "Q41176",
        "search_term": "Gebäude",
        "confidence": 0.6132
      }
    ],
    "start": 634,
    "end": 640,
    "found_term": "erbaut"
  },
  {
    "labels": [
      {
        "wd_id": "Q2202145",
        "search_term": "Neubau",
        "confidence": 0.7641
      }
    ],
    "start": 707,
    "end": 712,
    "found_term": "Umbau"
  },
  {
    "labels": [
      {
        "wd_id": "Q2202145",
        "search_term": "Neubau",
        "confidence": 0.6406
      }
    ],
    "start": 1190,
    "end": 1200,
    "found_term": "Errichtung"
  },
  {
    "labels": [
      {
        "wd_id": "Q2202145",
        "search_term": "Neubau",
        "confidence": 0.7256
      }
    ],
    "start": 1493,
    "end": 1496,
    "found_term": "Bau"
  },
  {
    "labels": [
      {
        "wd_id": "Q2202145",
        "search_term": "Neubau",
        "confidence": 0.6116
      },
      {
        "aat_id": 300265418,
        "wd_id": "Q811979",
        "search_term": "Bauwerk",
        "confidence": 0.6236
      },
      {
        "aat_id": 300004792,
        "wd_id": "Q41176",
        "search_term": "Gebäude",
        "confidence": 0.6132
      }
    ],
    "start": 1869,
    "end": 1875,
    "found_term": "erbaut"
  },
  {
    "labels": [
      {
        "aat_id": 300265418,
        "wd_id": "Q811979",
        "search_term": "Bauwerk",
        "confidence": 0.6052
      },
      {
        "aat_id": 300004792,
        "wd_id": "Q41176",
        "search_term": "Gebäude",
        "confidence": 0.6254
      }
    ],
    "start": 1067,
    "end": 1076,
    "found_term": "errichtet"
  },
  {
    "labels": [
      {
        "aat_id": 300265418,
        "wd_id": "Q811979",
        "search_term": "Bauwerk",
        "confidence": 0.722
      }
    ],
    "start": 1883,
    "end": 1891,
    "found_term": "Bauwerke"
  }
]