[
  {
    "labels": [
      {
        "wd_id": "Q1251403",
        "search_term": "Gasse",
        "confidence": 0.6207
      }
    ],
    "start": 14591,
    "end": 14597,
    "found_term": "Straße"
  },
  {
    "labels": [
      {
        "aat_id": 300075767,
        "wd_id": "Q164419",
        "search_term": "Galerie",
        "confidence": 0.6243
      }
    ],
    "start": 1,
    "end": 15,
    "found_term": "Gemäldegalerie"
  },
  {
    "labels": [
      {
        "aat_id": 300075767,
        "wd_id": "Q164419",
        "search_term": "Galerie",
        "confidence": 0.6243
      }
    ],
    "start": 60,
    "end": 74,
    "found_term": "Gemäldegalerie"
  },
  {
    "labels": [
      {
        "aat_id": 300075767,
        "wd_id": "Q164419",
        "search_term": "Galerie",
        "confidence": 0.6243
      }
    ],
    "start": 119,
    "end": 133,
    "found_term": "Gemäldegalerie"
  },
  {
    "labels": [
      {
        "aat_id": 300075767,
        "wd_id": "Q164419",
        "search_term": "Galerie",
        "confidence": 0.6104
      },
      {
        "wd_id": "Q1496790",
        "search_term": "Wallpavillon",
        "confidence": 0.6447
      },
      {
        "wd_id": "Q267390",
        "search_term": "Taschenbergpalais",
        "confidence": 0.6282
      }
    ],
    "start": 175,
    "end": 188,
    "found_term": "Sempergalerie"
  },
  {
    "labels": [
      {
        "aat_id": 300075767,
        "wd_id": "Q164419",
        "search_term": "Galerie",
        "confidence": 0.6243
      }
    ],
    "start": 240,
    "end": 254,
    "found_term": "Gemäldegalerie"
  },
  {
    "labels": [
      {
        "aat_id": 300075767,
        "wd_id": "Q164419",
        "search_term": "Galerie",
        "confidence": 0.6243
      }
    ],
    "start": 646,
    "end": 660,
    "found_term": "Gemäldegalerie"
  },
  {
    "labels": [
      {
        "aat_id": 300075767,
        "wd_id": "Q164419",
        "search_term": "Galerie",
        "confidence": 0.632
      }
    ],
    "start": 686,
    "end": 701,
    "found_term": "Kunstsammlungen"
  },
  {
    "labels": [
      {
        "aat_id": 300075767,
        "wd_id": "Q164419",
        "search_term": "Galerie",
        "confidence": 0.6104
      },
      {
        "wd_id": "Q1496790",
        "search_term": "Wallpavillon",
        "confidence": 0.6447
      },
      {
        "wd_id": "Q267390",
        "search_term": "Taschenbergpalais",
        "confidence": 0.6282
      }
    ],
    "start": 736,
    "end": 749,
    "found_term": "Sempergalerie"
  },
  {
    "labels": [
      {
        "aat_id": 300075767,
        "wd_id": "Q164419",
        "search_term": "Galerie",
        "confidence": 0.6243
      }
    ],
    "start": 858,
    "end": 872,
    "found_term": "Gemäldegalerie"
  },
  {
    "labels": [
      {
        "aat_id": 300075767,
        "wd_id": "Q164419",
        "search_term": "Galerie",
        "confidence": 0.6243
      }
    ],
    "start": 1575,
    "end": 1589,
    "found_term": "Gemäldegalerie"
  },
  {
    "labels": [
      {
        "aat_id": 300075767,
        "wd_id": "Q164419",
        "search_term": "Galerie",
        "confidence": 0.6104
      },
      {
        "wd_id": "Q1496790",
        "search_term": "Wallpavillon",
        "confidence": 0.6447
      },
      {
        "wd_id": "Q267390",
        "search_term": "Taschenbergpalais",
        "confidence": 0.6282
      }
    ],
    "start": 1928,
    "end": 1941,
    "found_term": "Sempergalerie"
  },
  {
    "labels": [
      {
        "aat_id": 300075767,
        "wd_id": "Q164419",
        "search_term": "Galerie",
        "confidence": 0.6243
      }
    ],
    "start": 1969,
    "end": 1983,
    "found_term": "Gemäldegalerie"
  },
  {
    "labels": [
      {
        "aat_id": 300075767,
        "wd_id": "Q164419",
        "search_term": "Galerie",
        "confidence": 1.0
      }
    ],
    "start": 2000,
    "end": 2007,
    "found_term": "Galerie"
  },
  {
    "labels": [
      {
        "aat_id": 300075767,
        "wd_id": "Q164419",
        "search_term": "Galerie",
        "confidence": 0.7224
      }
    ],
    "start": 2204,
    "end": 2214,
    "found_term": "Galeriebau"
  },
  {
    "labels": [
      {
        "aat_id": 300075767,
        "wd_id": "Q164419",
        "search_term": "Galerie",
        "confidence": 0.6104
      },
      {
        "wd_id": "Q1496790",
        "search_term": "Wallpavillon",
        "confidence": 0.6447
      },
      {
        "wd_id": "Q267390",
        "search_term": "Taschenbergpalais",
        "confidence": 0.6282
      }
    ],
    "start": 2461,
    "end": 2474,
    "found_term": "Sempergalerie"
  },
  {
    "labels": [
      {
        "aat_id": 300075767,
        "wd_id": "Q164419",
        "search_term": "Galerie",
        "confidence": 0.6243
      }
    ],
    "start": 2489,
    "end": 2503,
    "found_term": "Gemäldegalerie"
  },
  {
    "labels": [
      {
        "aat_id": 300075767,
        "wd_id": "Q164419",
        "search_term": "Galerie",
        "confidence": 1.0
      }
    ],
    "start": 3017,
    "end": 3024,
    "found_term": "Galerie"
  },
  {
    "labels": [
      {
        "aat_id": 300075767,
        "wd_id": "Q164419",
        "search_term": "Galerie",
        "confidence": 0.6104
      },
      {
        "wd_id": "Q1496790",
        "search_term": "Wallpavillon",
        "confidence": 0.6447
      },
      {
        "wd_id": "Q267390",
        "search_term": "Taschenbergpalais",
        "confidence": 0.6282
      }
    ],
    "start": 3278,
    "end": 3291,
    "found_term": "Sempergalerie"
  },
  {
    "labels": [
      {
        "aat_id": 300075767,
        "wd_id": "Q164419",
        "search_term": "Galerie",
        "confidence": 0.6243
      }
    ],
    "start": 4136,
    "end": 4150,
    "found_term": "Gemäldegalerie"
  },
  {
    "labels": [
      {
        "aat_id": 300075767,
        "wd_id": "Q164419",
        "search_term": "Galerie",
        "confidence": 0.6243
      }
    ],
    "start": 4194,
    "end": 4208,
    "found_term": "Gemäldegalerie"
  },
  {
    "labels": [
      {
        "aat_id": 300075767,
        "wd_id": "Q164419",
        "search_term": "Galerie",
        "confidence": 0.6104
      },
      {
        "wd_id": "Q1496790",
        "search_term": "Wallpavillon",
        "confidence": 0.6447
      },
      {
        "wd_id": "Q267390",
        "search_term": "Taschenbergpalais",
        "confidence": 0.6282
      }
    ],
    "start": 4278,
    "end": 4291,
    "found_term": "Sempergalerie"
  },
  {
    "labels": [
      {
        "aat_id": 300075767,
        "wd_id": "Q164419",
        "search_term": "Galerie",
        "confidence": 0.6243
      }
    ],
    "start": 4479,
    "end": 4493,
    "found_term": "Gemäldegalerie"
  },
  {
    "labels": [
      {
        "aat_id": 300075767,
        "wd_id": "Q164419",
        "search_term": "Galerie",
        "confidence": 0.6104
      },
      {
        "wd_id": "Q1496790",
        "search_term": "Wallpavillon",
        "confidence": 0.6447
      },
      {
        "wd_id": "Q267390",
        "search_term": "Taschenbergpalais",
        "confidence": 0.6282
      }
    ],
    "start": 4819,
    "end": 4832,
    "found_term": "Sempergalerie"
  },
  {
    "labels": [
      {
        "aat_id": 300075767,
        "wd_id": "Q164419",
        "search_term": "Galerie",
        "confidence": 1.0
      }
    ],
    "start": 4987,
    "end": 4994,
    "found_term": "Galerie"
  },
  {
    "labels": [
      {
        "aat_id": 300075767,
        "wd_id": "Q164419",
        "search_term": "Galerie",
        "confidence": 0.6243
      }
    ],
    "start": 5005,
    "end": 5019,
    "found_term": "Gemäldegalerie"
  },
  {
    "labels": [
      {
        "aat_id": 300075767,
        "wd_id": "Q164419",
        "search_term": "Galerie",
        "confidence": 0.6243
      }
    ],
    "start": 5123,
    "end": 5137,
    "found_term": "Gemäldegalerie"
  },
  {
    "labels": [
      {
        "aat_id": 300075767,
        "wd_id": "Q164419",
        "search_term": "Galerie",
        "confidence": 0.6243
      }
    ],
    "start": 5302,
    "end": 5316,
    "found_term": "Gemäldegalerie"
  },
  {
    "labels": [
      {
        "aat_id": 300075767,
        "wd_id": "Q164419",
        "search_term": "Galerie",
        "confidence": 0.7174
      }
    ],
    "start": 5555,
    "end": 5562,
    "found_term": "Gallery"
  },
  {
    "labels": [
      {
        "aat_id": 300075767,
        "wd_id": "Q164419",
        "search_term": "Galerie",
        "confidence": 0.6104
      },
      {
        "wd_id": "Q1496790",
        "search_term": "Wallpavillon",
        "confidence": 0.6447
      },
      {
        "wd_id": "Q267390",
        "search_term": "Taschenbergpalais",
        "confidence": 0.6282
      }
    ],
    "start": 5700,
    "end": 5713,
    "found_term": "Sempergalerie"
  },
  {
    "labels": [
      {
        "aat_id": 300075767,
        "wd_id": "Q164419",
        "search_term": "Galerie",
        "confidence": 0.6243
      }
    ],
    "start": 6703,
    "end": 6717,
    "found_term": "Gemäldegalerie"
  },
  {
    "labels": [
      {
        "aat_id": 300075767,
        "wd_id": "Q164419",
        "search_term": "Galerie",
        "confidence": 0.6935
      }
    ],
    "start": 6926,
    "end": 6937,
    "found_term": "Ausstellung"
  },
  {
    "labels": [
      {
        "aat_id": 300075767,
        "wd_id": "Q164419",
        "search_term": "Galerie",
        "confidence": 1.0
      }
    ],
    "start": 7125,
    "end": 7132,
    "found_term": "Galerie"
  },
  {
    "labels": [
      {
        "aat_id": 300075767,
        "wd_id": "Q164419",
        "search_term": "Galerie",
        "confidence": 0.6243
      }
    ],
    "start": 7184,
    "end": 7198,
    "found_term": "Gemäldegalerie"
  },
  {
    "labels": [
      {
        "aat_id": 300075767,
        "wd_id": "Q164419",
        "search_term": "Galerie",
        "confidence": 1.0
      }
    ],
    "start": 7374,
    "end": 7381,
    "found_term": "Galerie"
  },
  {
    "labels": [
      {
        "aat_id": 300075767,
        "wd_id": "Q164419",
        "search_term": "Galerie",
        "confidence": 1.0
      }
    ],
    "start": 9458,
    "end": 9465,
    "found_term": "Galerie"
  },
  {
    "labels": [
      {
        "aat_id": 300075767,
        "wd_id": "Q164419",
        "search_term": "Galerie",
        "confidence": 1.0
      }
    ],
    "start": 9536,
    "end": 9543,
    "found_term": "Galerie"
  },
  {
    "labels": [
      {
        "aat_id": 300075767,
        "wd_id": "Q164419",
        "search_term": "Galerie",
        "confidence": 0.6243
      }
    ],
    "start": 9738,
    "end": 9752,
    "found_term": "Gemäldegalerie"
  },
  {
    "labels": [
      {
        "aat_id": 300075767,
        "wd_id": "Q164419",
        "search_term": "Galerie",
        "confidence": 0.6243
      }
    ],
    "start": 9861,
    "end": 9875,
    "found_term": "Gemäldegalerie"
  },
  {
    "labels": [
      {
        "aat_id": 300075767,
        "wd_id": "Q164419",
        "search_term": "Galerie",
        "confidence": 0.6243
      }
    ],
    "start": 10007,
    "end": 10021,
    "found_term": "Gemäldegalerie"
  },
  {
    "labels": [
      {
        "aat_id": 300075767,
        "wd_id": "Q164419",
        "search_term": "Galerie",
        "confidence": 0.6243
      }
    ],
    "start": 10102,
    "end": 10116,
    "found_term": "Gemäldegalerie"
  },
  {
    "labels": [
      {
        "aat_id": 300075767,
        "wd_id": "Q164419",
        "search_term": "Galerie",
        "confidence": 0.6243
      }
    ],
    "start": 10239,
    "end": 10253,
    "found_term": "Gemäldegalerie"
  },
  {
    "labels": [
      {
        "aat_id": 300075767,
        "wd_id": "Q164419",
        "search_term": "Galerie",
        "confidence": 0.6243
      }
    ],
    "start": 10480,
    "end": 10494,
    "found_term": "Gemäldegalerie"
  },
  {
    "labels": [
      {
        "aat_id": 300075767,
        "wd_id": "Q164419",
        "search_term": "Galerie",
        "confidence": 0.632
      }
    ],
    "start": 10547,
    "end": 10562,
    "found_term": "Kunstsammlungen"
  },
  {
    "labels": [
      {
        "aat_id": 300075767,
        "wd_id": "Q164419",
        "search_term": "Galerie",
        "confidence": 0.632
      }
    ],
    "start": 10695,
    "end": 10710,
    "found_term": "Kunstsammlungen"
  },
  {
    "labels": [
      {
        "aat_id": 300075767,
        "wd_id": "Q164419",
        "search_term": "Galerie",
        "confidence": 0.6243
      }
    ],
    "start": 10793,
    "end": 10807,
    "found_term": "Gemäldegalerie"
  },
  {
    "labels": [
      {
        "aat_id": 300075767,
        "wd_id": "Q164419",
        "search_term": "Galerie",
        "confidence": 0.6243
      }
    ],
    "start": 10881,
    "end": 10895,
    "found_term": "Gemäldegalerie"
  },
  {
    "labels": [
      {
        "aat_id": 300075767,
        "wd_id": "Q164419",
        "search_term": "Galerie",
        "confidence": 0.6243
      }
    ],
    "start": 10933,
    "end": 10947,
    "found_term": "Gemäldegalerie"
  },
  {
    "labels": [
      {
        "aat_id": 300075767,
        "wd_id": "Q164419",
        "search_term": "Galerie",
        "confidence": 0.632
      }
    ],
    "start": 10981,
    "end": 10996,
    "found_term": "Kunstsammlungen"
  },
  {
    "labels": [
      {
        "aat_id": 300075767,
        "wd_id": "Q164419",
        "search_term": "Galerie",
        "confidence": 0.6243
      }
    ],
    "start": 11034,
    "end": 11048,
    "found_term": "Gemäldegalerie"
  },
  {
    "labels": [
      {
        "aat_id": 300075767,
        "wd_id": "Q164419",
        "search_term": "Galerie",
        "confidence": 1.0
      }
    ],
    "start": 11139,
    "end": 11146,
    "found_term": "Galerie"
  },
  {
    "labels": [
      {
        "aat_id": 300075767,
        "wd_id": "Q164419",
        "search_term": "Galerie",
        "confidence": 0.6243
      }
    ],
    "start": 11308,
    "end": 11322,
    "found_term": "Gemäldegalerie"
  },
  {
    "labels": [
      {
        "aat_id": 300075767,
        "wd_id": "Q164419",
        "search_term": "Galerie",
        "confidence": 0.6243
      }
    ],
    "start": 11438,
    "end": 11452,
    "found_term": "Gemäldegalerie"
  },
  {
    "labels": [
      {
        "aat_id": 300075767,
        "wd_id": "Q164419",
        "search_term": "Galerie",
        "confidence": 0.6243
      }
    ],
    "start": 11654,
    "end": 11668,
    "found_term": "Gemäldegalerie"
  },
  {
    "labels": [
      {
        "aat_id": 300075767,
        "wd_id": "Q164419",
        "search_term": "Galerie",
        "confidence": 0.6243
      }
    ],
    "start": 11928,
    "end": 11942,
    "found_term": "Gemäldegalerie"
  },
  {
    "labels": [
      {
        "aat_id": 300075767,
        "wd_id": "Q164419",
        "search_term": "Galerie",
        "confidence": 0.6243
      }
    ],
    "start": 12257,
    "end": 12271,
    "found_term": "Gemäldegalerie"
  },
  {
    "labels": [
      {
        "aat_id": 300075767,
        "wd_id": "Q164419",
        "search_term": "Galerie",
        "confidence": 0.6253
      },
      {
        "wd_id": "Q3476515",
        "search_term": "Bauplastik",
        "confidence": 0.6121
      },
      {
        "aat_id": 300047090,
        "wd_id": "Q860861",
        "search_term": "Skulptur",
        "confidence": 0.6959
      }
    ],
    "start": 12289,
    "end": 12307,
    "found_term": "Skulpturensammlung"
  },
  {
    "labels": [
      {
        "aat_id": 300075767,
        "wd_id": "Q164419",
        "search_term": "Galerie",
        "confidence": 0.6935
      }
    ],
    "start": 12410,
    "end": 12421,
    "found_term": "Ausstellung"
  },
  {
    "labels": [
      {
        "aat_id": 300075767,
        "wd_id": "Q164419",
        "search_term": "Galerie",
        "confidence": 0.632
      }
    ],
    "start": 12434,
    "end": 12449,
    "found_term": "Kunstsammlungen"
  },
  {
    "labels": [
      {
        "aat_id": 300075767,
        "wd_id": "Q164419",
        "search_term": "Galerie",
        "confidence": 0.6243
      }
    ],
    "start": 12615,
    "end": 12629,
    "found_term": "Gemäldegalerie"
  },
  {
    "labels": [
      {
        "aat_id": 300075767,
        "wd_id": "Q164419",
        "search_term": "Galerie",
        "confidence": 0.632
      }
    ],
    "start": 12722,
    "end": 12737,
    "found_term": "Kunstsammlungen"
  },
  {
    "labels": [
      {
        "aat_id": 300075767,
        "wd_id": "Q164419",
        "search_term": "Galerie",
        "confidence": 1.0
      }
    ],
    "start": 12793,
    "end": 12800,
    "found_term": "Galerie"
  },
  {
    "labels": [
      {
        "aat_id": 300075767,
        "wd_id": "Q164419",
        "search_term": "Galerie",
        "confidence": 0.6243
      }
    ],
    "start": 12816,
    "end": 12830,
    "found_term": "Gemäldegalerie"
  },
  {
    "labels": [
      {
        "aat_id": 300075767,
        "wd_id": "Q164419",
        "search_term": "Galerie",
        "confidence": 0.6253
      },
      {
        "wd_id": "Q3476515",
        "search_term": "Bauplastik",
        "confidence": 0.6121
      },
      {
        "aat_id": 300047090,
        "wd_id": "Q860861",
        "search_term": "Skulptur",
        "confidence": 0.6959
      }
    ],
    "start": 13149,
    "end": 13167,
    "found_term": "Skulpturensammlung"
  },
  {
    "labels": [
      {
        "aat_id": 300075767,
        "wd_id": "Q164419",
        "search_term": "Galerie",
        "confidence": 0.7614
      }
    ],
    "start": 13388,
    "end": 13398,
    "found_term": "Kunsthalle"
  },
  {
    "labels": [
      {
        "aat_id": 300075767,
        "wd_id": "Q164419",
        "search_term": "Galerie",
        "confidence": 0.6104
      },
      {
        "wd_id": "Q1496790",
        "search_term": "Wallpavillon",
        "confidence": 0.6447
      },
      {
        "wd_id": "Q267390",
        "search_term": "Taschenbergpalais",
        "confidence": 0.6282
      }
    ],
    "start": 13461,
    "end": 13474,
    "found_term": "Sempergalerie"
  },
  {
    "labels": [
      {
        "aat_id": 300075767,
        "wd_id": "Q164419",
        "search_term": "Galerie",
        "confidence": 0.632
      }
    ],
    "start": 13632,
    "end": 13647,
    "found_term": "Kunstsammlungen"
  },
  {
    "labels": [
      {
        "aat_id": 300075767,
        "wd_id": "Q164419",
        "search_term": "Galerie",
        "confidence": 1.0
      }
    ],
    "start": 13675,
    "end": 13682,
    "found_term": "Galerie"
  },
  {
    "labels": [
      {
        "aat_id": 300075767,
        "wd_id": "Q164419",
        "search_term": "Galerie",
        "confidence": 0.6243
      }
    ],
    "start": 13698,
    "end": 13712,
    "found_term": "Gemäldegalerie"
  },
  {
    "labels": [
      {
        "aat_id": 300075767,
        "wd_id": "Q164419",
        "search_term": "Galerie",
        "confidence": 0.7614
      }
    ],
    "start": 13766,
    "end": 13776,
    "found_term": "Kunsthalle"
  },
  {
    "labels": [
      {
        "aat_id": 300075767,
        "wd_id": "Q164419",
        "search_term": "Galerie",
        "confidence": 0.6253
      },
      {
        "wd_id": "Q3476515",
        "search_term": "Bauplastik",
        "confidence": 0.6121
      },
      {
        "aat_id": 300047090,
        "wd_id": "Q860861",
        "search_term": "Skulptur",
        "confidence": 0.6959
      }
    ],
    "start": 14059,
    "end": 14077,
    "found_term": "Skulpturensammlung"
  },
  {
    "labels": [
      {
        "aat_id": 300075767,
        "wd_id": "Q164419",
        "search_term": "Galerie",
        "confidence": 0.7473
      }
    ],
    "start": 14292,
    "end": 14301,
    "found_term": "Kunsthaus"
  },
  {
    "labels": [
      {
        "aat_id": 300075767,
        "wd_id": "Q164419",
        "search_term": "Galerie",
        "confidence": 1.0
      }
    ],
    "start": 14386,
    "end": 14393,
    "found_term": "Galerie"
  },
  {
    "labels": [
      {
        "wd_id": "Q1496790",
        "search_term": "Wallpavillon",
        "confidence": 0.6388
      },
      {
        "wd_id": "Q155107",
        "search_term": "Zwinger",
        "confidence": 1.0
      },
      {
        "wd_id": "Q267390",
        "search_term": "Taschenbergpalais",
        "confidence": 0.6099
      }
    ],
    "start": 1945,
    "end": 1952,
    "found_term": "Zwinger"
  },
  {
    "labels": [
      {
        "wd_id": "Q1496790",
        "search_term": "Wallpavillon",
        "confidence": 0.6388
      },
      {
        "wd_id": "Q155107",
        "search_term": "Zwinger",
        "confidence": 1.0
      },
      {
        "wd_id": "Q267390",
        "search_term": "Taschenbergpalais",
        "confidence": 0.6099
      }
    ],
    "start": 2218,
    "end": 2225,
    "found_term": "Zwinger"
  },
  {
    "labels": [
      {
        "wd_id": "Q1496790",
        "search_term": "Wallpavillon",
        "confidence": 0.6058
      },
      {
        "aat_id": 300007836,
        "wd_id": "Q12280",
        "search_term": "Brücke",
        "confidence": 0.6857
      }
    ],
    "start": 9309,
    "end": 9323,
    "found_term": "Augustusbrücke"
  },
  {
    "labels": [
      {
        "wd_id": "Q1496790",
        "search_term": "Wallpavillon",
        "confidence": 0.639
      },
      {
        "aat_id": 300004188,
        "wd_id": "Q1125776",
        "search_term": "Gebäudetrakt",
        "confidence": 0.6234
      },
      {
        "wd_id": "Q1412205",
        "search_term": "Zeughaus",
        "confidence": 0.6419
      },
      {
        "aat_id": 300006054,
        "wd_id": "Q543654",
        "search_term": "Rathaus",
        "confidence": 0.6107
      },
      {
        "aat_id": 300006819,
        "wd_id": "Q276173",
        "search_term": "Pavillon",
        "confidence": 0.6424
      },
      {
        "aat_id": 300004792,
        "wd_id": "Q41176",
        "search_term": "Gebäude",
        "confidence": 0.6886
      },
      {
        "wd_id": "Q1431210",
        "search_term": "Foyer",
        "confidence": 0.6319
      }
    ],
    "start": 13311,
    "end": 13330,
    "found_term": "Ausstellungsgebäude"
  },
  {
    "labels": [
      {
        "wd_id": "Q1496790",
        "search_term": "Wallpavillon",
        "confidence": 0.6204
      },
      {
        "wd_id": "Q1180262",
        "search_term": "Residenzstadt",
        "confidence": 0.7289
      },
      {
        "aat_id": 300005738,
        "wd_id": "Q751876",
        "search_term": "Schloss",
        "confidence": 0.6146
      },
      {
        "wd_id": "Q1412205",
        "search_term": "Zeughaus",
        "confidence": 0.6049
      },
      {
        "aat_id": 300184568,
        "wd_id": "Q1436181",
        "search_term": "Lustschloss",
        "confidence": 0.7567
      },
      {
        "wd_id": "Q267390",
        "search_term": "Taschenbergpalais",
        "confidence": 0.6447
      },
      {
        "aat_id": 300006804,
        "wd_id": "Q952885",
        "search_term": "Orangerie",
        "confidence": 0.7056
      }
    ],
    "start": 13435,
    "end": 13450,
    "found_term": "Residenzschloss"
  },
  {
    "labels": [
      {
        "wd_id": "Q1496790",
        "search_term": "Wallpavillon",
        "confidence": 0.6388
      },
      {
        "wd_id": "Q155107",
        "search_term": "Zwinger",
        "confidence": 1.0
      },
      {
        "wd_id": "Q267390",
        "search_term": "Taschenbergpalais",
        "confidence": 0.6099
      }
    ],
    "start": 13477,
    "end": 13484,
    "found_term": "Zwinger"
  },
  {
    "labels": [
      {
        "aat_id": 300005734,
        "wd_id": "Q16560",
        "search_term": "Palast",
        "confidence": 0.6152
      },
      {
        "aat_id": 300184568,
        "wd_id": "Q1436181",
        "search_term": "Lustschloss",
        "confidence": 0.6253
      },
      {
        "wd_id": "Q267390",
        "search_term": "Taschenbergpalais",
        "confidence": 0.7295
      },
      {
        "aat_id": 300006804,
        "wd_id": "Q952885",
        "search_term": "Orangerie",
        "confidence": 0.6341
      }
    ],
    "start": 13379,
    "end": 13385,
    "found_term": "Palais"
  },
  {
    "labels": [
      {
        "aat_id": 300008090,
        "wd_id": "Q1107656",
        "search_term": "Garten",
        "confidence": 0.7508
      },
      {
        "aat_id": 300006804,
        "wd_id": "Q952885",
        "search_term": "Orangerie",
        "confidence": 0.6013
      }
    ],
    "start": 11817,
    "end": 11823,
    "found_term": "Gärten"
  },
  {
    "labels": [
      {
        "aat_id": 300417950,
        "wd_id": "Q17489160",
        "search_term": "Büste",
        "confidence": 0.7796
      },
      {
        "aat_id": 300003725,
        "wd_id": "Q101687",
        "search_term": "Altar",
        "confidence": 0.6068
      },
      {
        "aat_id": 300047090,
        "wd_id": "Q860861",
        "search_term": "Skulptur",
        "confidence": 0.6913
      },
      {
        "aat_id": 300047600,
        "wd_id": "Q179700",
        "search_term": "Statue",
        "confidence": 1.0
      },
      {
        "aat_id": 300189808,
        "wd_id": "Q29527347",
        "search_term": "Figur",
        "confidence": 0.6156
      }
    ],
    "start": 7899,
    "end": 7905,
    "found_term": "Statue"
  },
  {
    "labels": [
      {
        "aat_id": 300417950,
        "wd_id": "Q17489160",
        "search_term": "Büste",
        "confidence": 0.7796
      },
      {
        "aat_id": 300003725,
        "wd_id": "Q101687",
        "search_term": "Altar",
        "confidence": 0.6068
      },
      {
        "aat_id": 300047090,
        "wd_id": "Q860861",
        "search_term": "Skulptur",
        "confidence": 0.6913
      },
      {
        "aat_id": 300047600,
        "wd_id": "Q179700",
        "search_term": "Statue",
        "confidence": 1.0
      },
      {
        "aat_id": 300189808,
        "wd_id": "Q29527347",
        "search_term": "Figur",
        "confidence": 0.6156
      }
    ],
    "start": 7978,
    "end": 7984,
    "found_term": "Statue"
  },
  {
    "labels": [
      {
        "aat_id": 300417950,
        "wd_id": "Q17489160",
        "search_term": "Büste",
        "confidence": 0.6699
      },
      {
        "aat_id": 300047600,
        "wd_id": "Q179700",
        "search_term": "Statue",
        "confidence": 0.6271
      }
    ],
    "start": 8816,
    "end": 8823,
    "found_term": "Bildnis"
  },
  {
    "labels": [
      {
        "aat_id": 300028729,
        "wd_id": "Q1772",
        "search_term": "Epitaph",
        "confidence": 0.6168
      },
      {
        "aat_id": 300003725,
        "wd_id": "Q101687",
        "search_term": "Altar",
        "confidence": 0.8248
      },
      {
        "aat_id": 300248835,
        "wd_id": "Q20460",
        "search_term": "Kruzifix",
        "confidence": 0.7557
      },
      {
        "aat_id": 300003790,
        "wd_id": "Q211775",
        "search_term": "Kanzel",
        "confidence": 0.7605
      },
      {
        "aat_id": 300004590,
        "wd_id": "Q108325",
        "search_term": "Kapelle",
        "confidence": 0.6637
      },
      {
        "aat_id": 300002704,
        "wd_id": "Q695992",
        "search_term": "Wandnische",
        "confidence": 0.6151
      }
    ],
    "start": 8860,
    "end": 8871,
    "found_term": "Marienaltar"
  },
  {
    "labels": [
      {
        "wd_id": "Q3476515",
        "search_term": "Bauplastik",
        "confidence": 0.6017
      }
    ],
    "start": 6287,
    "end": 6302,
    "found_term": "Hochrenaissance"
  },
  {
    "labels": [
      {
        "wd_id": "Q3476515",
        "search_term": "Bauplastik",
        "confidence": 0.6826
      },
      {
        "aat_id": 300047090,
        "wd_id": "Q860861",
        "search_term": "Skulptur",
        "confidence": 0.8081
      }
    ],
    "start": 7097,
    "end": 7107,
    "found_term": "Skulpturen"
  },
  {
    "labels": [
      {
        "wd_id": "Q3476515",
        "search_term": "Bauplastik",
        "confidence": 0.6826
      },
      {
        "aat_id": 300047090,
        "wd_id": "Q860861",
        "search_term": "Skulptur",
        "confidence": 0.8081
      }
    ],
    "start": 7159,
    "end": 7169,
    "found_term": "Skulpturen"
  },
  {
    "labels": [
      {
        "wd_id": "Q3476515",
        "search_term": "Bauplastik",
        "confidence": 0.6826
      },
      {
        "aat_id": 300047090,
        "wd_id": "Q860861",
        "search_term": "Skulptur",
        "confidence": 0.8081
      }
    ],
    "start": 7211,
    "end": 7221,
    "found_term": "Skulpturen"
  },
  {
    "labels": [
      {
        "wd_id": "Q3476515",
        "search_term": "Bauplastik",
        "confidence": 0.6826
      },
      {
        "aat_id": 300047090,
        "wd_id": "Q860861",
        "search_term": "Skulptur",
        "confidence": 0.8081
      }
    ],
    "start": 7329,
    "end": 7339,
    "found_term": "Skulpturen"
  },
  {
    "labels": [
      {
        "wd_id": "Q3476515",
        "search_term": "Bauplastik",
        "confidence": 0.6868
      },
      {
        "aat_id": 300047090,
        "wd_id": "Q860861",
        "search_term": "Skulptur",
        "confidence": 0.7773
      }
    ],
    "start": 7500,
    "end": 7511,
    "found_term": "skulpturale"
  },
  {
    "labels": [
      {
        "aat_id": 300002944,
        "wd_id": "Q35473",
        "search_term": "Fenster",
        "confidence": 0.6353
      },
      {
        "aat_id": 300004324,
        "wd_id": "Q2451751",
        "search_term": "Treppenhaus",
        "confidence": 0.6149
      },
      {
        "aat_id": 300001324,
        "wd_id": "Q189771",
        "search_term": "Gewölbe",
        "confidence": 0.6928
      },
      {
        "aat_id": 300002526,
        "wd_id": "Q183061",
        "search_term": "Fassade",
        "confidence": 0.622
      },
      {
        "aat_id": 300002704,
        "wd_id": "Q695992",
        "search_term": "Wandnische",
        "confidence": 0.6089
      },
      {
        "aat_id": 300002060,
        "wd_id": "Q217164",
        "search_term": "Fußboden",
        "confidence": 0.7277
      },
      {
        "aat_id": 300002737,
        "wd_id": "Q175112",
        "search_term": "Pilaster",
        "confidence": 0.6106
      },
      {
        "aat_id": 300002268,
        "wd_id": "Q163972",
        "search_term": "Dachtraufe",
        "confidence": 0.6411
      }
    ],
    "start": 5809,
    "end": 5814,
    "found_term": "Wände"
  },
  {
    "labels": [
      {
        "aat_id": 300002944,
        "wd_id": "Q35473",
        "search_term": "Fenster",
        "confidence": 1.0
      },
      {
        "aat_id": 300004324,
        "wd_id": "Q2451751",
        "search_term": "Treppenhaus",
        "confidence": 0.6731
      },
      {
        "aat_id": 300001324,
        "wd_id": "Q189771",
        "search_term": "Gewölbe",
        "confidence": 0.6039
      },
      {
        "aat_id": 300002526,
        "wd_id": "Q183061",
        "search_term": "Fassade",
        "confidence": 0.6439
      },
      {
        "aat_id": 300002803,
        "wd_id": "Q36794",
        "search_term": "Tür",
        "confidence": 0.6982
      },
      {
        "aat_id": 300002704,
        "wd_id": "Q695992",
        "search_term": "Wandnische",
        "confidence": 0.6086
      },
      {
        "aat_id": 300001788,
        "wd_id": "Q328092",
        "search_term": "Gesims",
        "confidence": 0.6477
      },
      {
        "aat_id": 300002737,
        "wd_id": "Q175112",
        "search_term": "Pilaster",
        "confidence": 0.6117
      },
      {
        "aat_id": 300002588,
        "wd_id": "Q170552",
        "search_term": "Balkon",
        "confidence": 0.628
      },
      {
        "aat_id": 300002580,
        "wd_id": "Q186637",
        "search_term": "Arkade",
        "confidence": 0.603
      },
      {
        "aat_id": 300002268,
        "wd_id": "Q163972",
        "search_term": "Dachtraufe",
        "confidence": 0.6487
      }
    ],
    "start": 9174,
    "end": 9181,
    "found_term": "Fenster"
  },
  {
    "labels": [
      {
        "aat_id": 300002944,
        "wd_id": "Q35473",
        "search_term": "Fenster",
        "confidence": 0.6039
      },
      {
        "aat_id": 300004324,
        "wd_id": "Q2451751",
        "search_term": "Treppenhaus",
        "confidence": 0.6351
      },
      {
        "aat_id": 300001324,
        "wd_id": "Q189771",
        "search_term": "Gewölbe",
        "confidence": 1.0
      },
      {
        "aat_id": 300002526,
        "wd_id": "Q183061",
        "search_term": "Fassade",
        "confidence": 0.6499
      },
      {
        "aat_id": 300264605,
        "wd_id": "Q29052406",
        "search_term": "Pfeiler",
        "confidence": 0.6923
      },
      {
        "aat_id": 300001280,
        "wd_id": "Q12493",
        "search_term": "Kuppel",
        "confidence": 0.6916
      },
      {
        "wd_id": "Q1501427",
        "search_term": "Oktogon",
        "confidence": 0.6343
      },
      {
        "aat_id": 300002704,
        "wd_id": "Q695992",
        "search_term": "Wandnische",
        "confidence": 0.6537
      },
      {
        "aat_id": 300002060,
        "wd_id": "Q217164",
        "search_term": "Fußboden",
        "confidence": 0.6453
      },
      {
        "aat_id": 300001788,
        "wd_id": "Q328092",
        "search_term": "Gesims",
        "confidence": 0.647
      },
      {
        "aat_id": 300002737,
        "wd_id": "Q175112",
        "search_term": "Pilaster",
        "confidence": 0.6683
      },
      {
        "aat_id": 300002580,
        "wd_id": "Q186637",
        "search_term": "Arkade",
        "confidence": 0.6822
      },
      {
        "aat_id": 300002268,
        "wd_id": "Q163972",
        "search_term": "Dachtraufe",
        "confidence": 0.6269
      }
    ],
    "start": 12853,
    "end": 12860,
    "found_term": "Gewölbe"
  },
  {
    "labels": [
      {
        "aat_id": 300002944,
        "wd_id": "Q35473",
        "search_term": "Fenster",
        "confidence": 0.6039
      },
      {
        "aat_id": 300004324,
        "wd_id": "Q2451751",
        "search_term": "Treppenhaus",
        "confidence": 0.6351
      },
      {
        "aat_id": 300001324,
        "wd_id": "Q189771",
        "search_term": "Gewölbe",
        "confidence": 1.0
      },
      {
        "aat_id": 300002526,
        "wd_id": "Q183061",
        "search_term": "Fassade",
        "confidence": 0.6499
      },
      {
        "aat_id": 300264605,
        "wd_id": "Q29052406",
        "search_term": "Pfeiler",
        "confidence": 0.6923
      },
      {
        "aat_id": 300001280,
        "wd_id": "Q12493",
        "search_term": "Kuppel",
        "confidence": 0.6916
      },
      {
        "wd_id": "Q1501427",
        "search_term": "Oktogon",
        "confidence": 0.6343
      },
      {
        "aat_id": 300002704,
        "wd_id": "Q695992",
        "search_term": "Wandnische",
        "confidence": 0.6537
      },
      {
        "aat_id": 300002060,
        "wd_id": "Q217164",
        "search_term": "Fußboden",
        "confidence": 0.6453
      },
      {
        "aat_id": 300001788,
        "wd_id": "Q328092",
        "search_term": "Gesims",
        "confidence": 0.647
      },
      {
        "aat_id": 300002737,
        "wd_id": "Q175112",
        "search_term": "Pilaster",
        "confidence": 0.6683
      },
      {
        "aat_id": 300002580,
        "wd_id": "Q186637",
        "search_term": "Arkade",
        "confidence": 0.6822
      },
      {
        "aat_id": 300002268,
        "wd_id": "Q163972",
        "search_term": "Dachtraufe",
        "confidence": 0.6269
      }
    ],
    "start": 13735,
    "end": 13742,
    "found_term": "Gewölbe"
  },
  {
    "labels": [
      {
        "aat_id": 300008304,
        "wd_id": "Q174782",
        "search_term": "Platz",
        "confidence": 1.0
      }
    ],
    "start": 14622,
    "end": 14627,
    "found_term": "Platz"
  },
  {
    "labels": [
      {
        "aat_id": 300004188,
        "wd_id": "Q1125776",
        "search_term": "Gebäudetrakt",
        "confidence": 0.7208
      },
      {
        "aat_id": 300004324,
        "wd_id": "Q2451751",
        "search_term": "Treppenhaus",
        "confidence": 0.6504
      },
      {
        "wd_id": "Q63759229",
        "search_term": "Seitenflügel",
        "confidence": 0.6834
      },
      {
        "aat_id": 300006804,
        "wd_id": "Q952885",
        "search_term": "Orangerie",
        "confidence": 0.6098
      },
      {
        "aat_id": 300004792,
        "wd_id": "Q41176",
        "search_term": "Gebäude",
        "confidence": 0.751
      },
      {
        "wd_id": "Q11755880",
        "search_term": "Wohngebäude",
        "confidence": 0.7682
      }
    ],
    "start": 902,
    "end": 914,
    "found_term": "Stallgebäude"
  },
  {
    "labels": [
      {
        "aat_id": 300004188,
        "wd_id": "Q1125776",
        "search_term": "Gebäudetrakt",
        "confidence": 0.7208
      },
      {
        "aat_id": 300004324,
        "wd_id": "Q2451751",
        "search_term": "Treppenhaus",
        "confidence": 0.6504
      },
      {
        "wd_id": "Q63759229",
        "search_term": "Seitenflügel",
        "confidence": 0.6834
      },
      {
        "aat_id": 300006804,
        "wd_id": "Q952885",
        "search_term": "Orangerie",
        "confidence": 0.6098
      },
      {
        "aat_id": 300004792,
        "wd_id": "Q41176",
        "search_term": "Gebäude",
        "confidence": 0.751
      },
      {
        "wd_id": "Q11755880",
        "search_term": "Wohngebäude",
        "confidence": 0.7682
      }
    ],
    "start": 1600,
    "end": 1612,
    "found_term": "Stallgebäude"
  },
  {
    "labels": [
      {
        "aat_id": 300004188,
        "wd_id": "Q1125776",
        "search_term": "Gebäudetrakt",
        "confidence": 0.6067
      },
      {
        "aat_id": 300007117,
        "wd_id": "Q24354",
        "search_term": "Theatergebäude",
        "confidence": 0.6029
      },
      {
        "aat_id": 300004792,
        "wd_id": "Q41176",
        "search_term": "Gebäude",
        "confidence": 0.7155
      }
    ],
    "start": 2090,
    "end": 2104,
    "found_term": "Museumsgebäude"
  },
  {
    "labels": [
      {
        "aat_id": 300004182,
        "wd_id": "Q641406",
        "search_term": "Terrasse",
        "confidence": 0.6282
      },
      {
        "aat_id": 300004324,
        "wd_id": "Q2451751",
        "search_term": "Treppenhaus",
        "confidence": 0.7566
      },
      {
        "aat_id": 300003228,
        "wd_id": "Q12511",
        "search_term": "Treppe",
        "confidence": 1.0
      },
      {
        "wd_id": "Q1627767",
        "search_term": "Laubengang",
        "confidence": 0.6107
      },
      {
        "aat_id": 300002803,
        "wd_id": "Q36794",
        "search_term": "Tür",
        "confidence": 0.6094
      },
      {
        "aat_id": 300002588,
        "wd_id": "Q170552",
        "search_term": "Balkon",
        "confidence": 0.6626
      }
    ],
    "start": 9429,
    "end": 9435,
    "found_term": "Treppe"
  },
  {
    "labels": [
      {
        "aat_id": 300007117,
        "wd_id": "Q24354",
        "search_term": "Theatergebäude",
        "confidence": 0.6093
      }
    ],
    "start": 13033,
    "end": 13054,
    "found_term": "Puppentheatersammlung"
  },
  {
    "labels": [
      {
        "aat_id": 300007117,
        "wd_id": "Q24354",
        "search_term": "Theatergebäude",
        "confidence": 0.6093
      }
    ],
    "start": 13943,
    "end": 13964,
    "found_term": "Puppentheatersammlung"
  },
  {
    "labels": [
      {
        "aat_id": 300005738,
        "wd_id": "Q751876",
        "search_term": "Schloss",
        "confidence": 1.0
      },
      {
        "aat_id": 300184568,
        "wd_id": "Q1436181",
        "search_term": "Lustschloss",
        "confidence": 0.6455
      }
    ],
    "start": 3572,
    "end": 3579,
    "found_term": "Schloss"
  },
  {
    "labels": [
      {
        "aat_id": 300005738,
        "wd_id": "Q751876",
        "search_term": "Schloss",
        "confidence": 1.0
      },
      {
        "aat_id": 300184568,
        "wd_id": "Q1436181",
        "search_term": "Lustschloss",
        "confidence": 0.6455
      }
    ],
    "start": 13416,
    "end": 13423,
    "found_term": "Schloss"
  },
  {
    "labels": [
      {
        "aat_id": 300248835,
        "wd_id": "Q20460",
        "search_term": "Kruzifix",
        "confidence": 0.6134
      }
    ],
    "start": 222,
    "end": 229,
    "found_term": "Madonna"
  },
  {
    "labels": [
      {
        "aat_id": 300248835,
        "wd_id": "Q20460",
        "search_term": "Kruzifix",
        "confidence": 0.6134
      }
    ],
    "start": 9401,
    "end": 9408,
    "found_term": "Madonna"
  },
  {
    "labels": [
      {
        "aat_id": 300008389,
        "wd_id": "Q515",
        "search_term": "Stadt",
        "confidence": 1.0
      }
    ],
    "start": 14189,
    "end": 14194,
    "found_term": "Stadt"
  },
  {
    "labels": [
      {
        "aat_id": 300006891,
        "wd_id": "Q23413",
        "search_term": "Burg",
        "confidence": 0.7041
      }
    ],
    "start": 11785,
    "end": 11791,
    "found_term": "Burgen"
  },
  {
    "labels": [
      {
        "aat_id": 300006891,
        "wd_id": "Q23413",
        "search_term": "Burg",
        "confidence": 0.7041
      }
    ],
    "start": 11806,
    "end": 11812,
    "found_term": "Burgen"
  },
  {
    "labels": [
      {
        "aat_id": 300006891,
        "wd_id": "Q23413",
        "search_term": "Burg",
        "confidence": 0.6108
      },
      {
        "aat_id": 300006888,
        "wd_id": "Q57821",
        "search_term": "Befestigung",
        "confidence": 0.6077
      }
    ],
    "start": 14543,
    "end": 14550,
    "found_term": "Festung"
  },
  {
    "labels": [
      {
        "aat_id": 300001324,
        "wd_id": "Q189771",
        "search_term": "Gewölbe",
        "confidence": 0.6545
      },
      {
        "aat_id": 300002704,
        "wd_id": "Q695992",
        "search_term": "Wandnische",
        "confidence": 0.6353
      },
      {
        "aat_id": 300002060,
        "wd_id": "Q217164",
        "search_term": "Fußboden",
        "confidence": 0.7097
      },
      {
        "aat_id": 300002268,
        "wd_id": "Q163972",
        "search_term": "Dachtraufe",
        "confidence": 0.6166
      }
    ],
    "start": 5891,
    "end": 5897,
    "found_term": "Wänden"
  },
  {
    "labels": [
      {
        "wd_id": "Q1412205",
        "search_term": "Zeughaus",
        "confidence": 0.6461
      }
    ],
    "start": 13111,
    "end": 13121,
    "found_term": "Rüstkammer"
  },
  {
    "labels": [
      {
        "wd_id": "Q1412205",
        "search_term": "Zeughaus",
        "confidence": 0.6461
      }
    ],
    "start": 14021,
    "end": 14031,
    "found_term": "Rüstkammer"
  },
  {
    "labels": [
      {
        "wd_id": "Q1412205",
        "search_term": "Zeughaus",
        "confidence": 0.6151
      }
    ],
    "start": 14361,
    "end": 14372,
    "found_term": "Stadtmuseum"
  },
  {
    "labels": [
      {
        "wd_id": "Q1412205",
        "search_term": "Zeughaus",
        "confidence": 0.6016
      }
    ],
    "start": 14826,
    "end": 14839,
    "found_term": "Schlossmuseum"
  },
  {
    "labels": [
      {
        "wd_id": "Q2202145",
        "search_term": "Neubau",
        "confidence": 0.6308
      }
    ],
    "start": 2367,
    "end": 2381,
    "found_term": "fertiggestellt"
  },
  {
    "labels": [
      {
        "wd_id": "Q2202145",
        "search_term": "Neubau",
        "confidence": 0.6477
      }
    ],
    "start": 4252,
    "end": 4264,
    "found_term": "Wiederaufbau"
  },
  {
    "labels": [
      {
        "wd_id": "Q2202145",
        "search_term": "Neubau",
        "confidence": 0.6308
      }
    ],
    "start": 4310,
    "end": 4324,
    "found_term": "fertiggestellt"
  },
  {
    "labels": [
      {
        "wd_id": "Q2202145",
        "search_term": "Neubau",
        "confidence": 0.6822
      }
    ],
    "start": 4923,
    "end": 4939,
    "found_term": "Generalsanierung"
  },
  {
    "labels": [
      {
        "wd_id": "Q811438",
        "search_term": "Baukörper",
        "confidence": 0.6557
      }
    ],
    "start": 10408,
    "end": 10417,
    "found_term": "Grundriss"
  },
  {
    "labels": [
      {
        "wd_id": "Q811438",
        "search_term": "Baukörper",
        "confidence": 0.6557
      }
    ],
    "start": 11020,
    "end": 11029,
    "found_term": "Grundriss"
  },
  {
    "labels": [
      {
        "wd_id": "Q155107",
        "search_term": "Zwinger",
        "confidence": 0.8668
      }
    ],
    "start": 754,
    "end": 762,
    "found_term": "Zwingers"
  },
  {
    "labels": [
      {
        "aat_id": 300005512,
        "wd_id": "Q2651004",
        "search_term": "Palazzo",
        "confidence": 0.629
      }
    ],
    "start": 1471,
    "end": 1480,
    "found_term": "Francesco"
  },
  {
    "labels": [
      {
        "aat_id": 300005512,
        "wd_id": "Q2651004",
        "search_term": "Palazzo",
        "confidence": 0.6062
      }
    ],
    "start": 1695,
    "end": 1703,
    "found_term": "Raffaels"
  },
  {
    "labels": [
      {
        "aat_id": 300005512,
        "wd_id": "Q2651004",
        "search_term": "Palazzo",
        "confidence": 0.6384
      }
    ],
    "start": 7590,
    "end": 7601,
    "found_term": "Giambologna"
  },
  {
    "labels": [
      {
        "aat_id": 300005512,
        "wd_id": "Q2651004",
        "search_term": "Palazzo",
        "confidence": 0.6282
      }
    ],
    "start": 8101,
    "end": 8108,
    "found_term": "Florenz"
  },
  {
    "labels": [
      {
        "aat_id": 300005512,
        "wd_id": "Q2651004",
        "search_term": "Palazzo",
        "confidence": 0.6133
      }
    ],
    "start": 8773,
    "end": 8782,
    "found_term": "Correggio"
  },
  {
    "labels": [
      {
        "aat_id": 300005512,
        "wd_id": "Q2651004",
        "search_term": "Palazzo",
        "confidence": 0.6268
      }
    ],
    "start": 8802,
    "end": 8814,
    "found_term": "Pinturicchio"
  },
  {
    "labels": [
      {
        "aat_id": 300005512,
        "wd_id": "Q2651004",
        "search_term": "Palazzo",
        "confidence": 0.6314
      }
    ],
    "start": 8872,
    "end": 8881,
    "found_term": "Antonello"
  },
  {
    "labels": [
      {
        "aat_id": 300005512,
        "wd_id": "Q2651004",
        "search_term": "Palazzo",
        "confidence": 0.636
      }
    ],
    "start": 8916,
    "end": 8925,
    "found_term": "Giorgione"
  },
  {
    "labels": [
      {
        "aat_id": 300005512,
        "wd_id": "Q2651004",
        "search_term": "Palazzo",
        "confidence": 0.6115
      }
    ],
    "start": 9001,
    "end": 9011,
    "found_term": "Bartolomeo"
  },
  {
    "labels": [
      {
        "aat_id": 300005512,
        "wd_id": "Q2651004",
        "search_term": "Palazzo",
        "confidence": 0.6058
      }
    ],
    "start": 9256,
    "end": 9265,
    "found_term": "Canaletto"
  },
  {
    "labels": [
      {
        "aat_id": 300005512,
        "wd_id": "Q2651004",
        "search_term": "Palazzo",
        "confidence": 0.6248
      }
    ],
    "start": 9387,
    "end": 9395,
    "found_term": "Veronese"
  },
  {
    "labels": [
      {
        "wd_id": "Q110811156",
        "search_term": "Festhalle",
        "confidence": 0.7862
      }
    ],
    "start": 7361,
    "end": 7369,
    "found_term": "Osthalle"
  },
  {
    "labels": [
      {
        "aat_id": 300150555,
        "wd_id": "Q43115",
        "search_term": "Heiliger",
        "confidence": 0.7899
      }
    ],
    "start": 8788,
    "end": 8795,
    "found_term": "Heilige"
  },
  {
    "labels": [
      {
        "aat_id": 300150555,
        "wd_id": "Q43115",
        "search_term": "Heiliger",
        "confidence": 0.7899
      }
    ],
    "start": 8898,
    "end": 8905,
    "found_term": "heilige"
  }
]