[
  {
    "labels": [
      {
        "aat_id": 300001749,
        "wd_id": "Q268205",
        "search_term": "Plinthe",
        "confidence": 0.6158
      },
      {
        "aat_id": 300001788,
        "wd_id": "Q328092",
        "search_term": "Gesims",
        "confidence": 0.6199
      }
    ],
    "start": 125,
    "end": 131,
    "found_term": "Sockel"
  },
  {
    "labels": [
      {
        "aat_id": 300001749,
        "wd_id": "Q268205",
        "search_term": "Plinthe",
        "confidence": 0.6158
      },
      {
        "aat_id": 300001788,
        "wd_id": "Q328092",
        "search_term": "Gesims",
        "confidence": 0.6199
      }
    ],
    "start": 4515,
    "end": 4521,
    "found_term": "Sockel"
  },
  {
    "labels": [
      {
        "wd_id": "Q157229",
        "search_term": "Frauenkirche",
        "confidence": 0.7048
      },
      {
        "aat_id": 300004590,
        "wd_id": "Q108325",
        "search_term": "Kapelle",
        "confidence": 0.6076
      },
      {
        "wd_id": "Q1244038",
        "search_term": "Dorfkirche",
        "confidence": 0.6415
      },
      {
        "aat_id": 300007466,
        "wd_id": "Q16970",
        "search_term": "Kirchengebäude",
        "confidence": 0.6736
      }
    ],
    "start": 3758,
    "end": 3772,
    "found_term": "Johanneskirche"
  },
  {
    "labels": [
      {
        "wd_id": "Q157229",
        "search_term": "Frauenkirche",
        "confidence": 0.7985
      }
    ],
    "start": 4417,
    "end": 4430,
    "found_term": "Sophienkirche"
  },
  {
    "labels": [
      {
        "wd_id": "Q1496790",
        "search_term": "Wallpavillon",
        "confidence": 0.6388
      },
      {
        "wd_id": "Q155107",
        "search_term": "Zwinger",
        "confidence": 1.0
      },
      {
        "wd_id": "Q267390",
        "search_term": "Taschenbergpalais",
        "confidence": 0.6099
      }
    ],
    "start": 4442,
    "end": 4449,
    "found_term": "Zwinger"
  },
  {
    "labels": [
      {
        "aat_id": 300417950,
        "wd_id": "Q17489160",
        "search_term": "Büste",
        "confidence": 0.6248
      },
      {
        "wd_id": "Q3476515",
        "search_term": "Bauplastik",
        "confidence": 0.6229
      },
      {
        "aat_id": 300047090,
        "wd_id": "Q860861",
        "search_term": "Skulptur",
        "confidence": 0.8
      },
      {
        "aat_id": 300047600,
        "wd_id": "Q179700",
        "search_term": "Statue",
        "confidence": 0.6492
      }
    ],
    "start": 87,
    "end": 103,
    "found_term": "Bronzeskulpturen"
  },
  {
    "labels": [
      {
        "aat_id": 300417950,
        "wd_id": "Q17489160",
        "search_term": "Büste",
        "confidence": 0.6016
      },
      {
        "aat_id": 300005923,
        "wd_id": "Q203443",
        "search_term": "Grabstein",
        "confidence": 0.687
      }
    ],
    "start": 3849,
    "end": 3860,
    "found_term": "Gedenkstein"
  },
  {
    "labels": [
      {
        "aat_id": 300417950,
        "wd_id": "Q17489160",
        "search_term": "Büste",
        "confidence": 1.0
      },
      {
        "aat_id": 300047090,
        "wd_id": "Q860861",
        "search_term": "Skulptur",
        "confidence": 0.6133
      },
      {
        "aat_id": 300047600,
        "wd_id": "Q179700",
        "search_term": "Statue",
        "confidence": 0.7796
      }
    ],
    "start": 4092,
    "end": 4097,
    "found_term": "Büste"
  },
  {
    "labels": [
      {
        "aat_id": 300417950,
        "wd_id": "Q17489160",
        "search_term": "Büste",
        "confidence": 0.6133
      },
      {
        "wd_id": "Q3476515",
        "search_term": "Bauplastik",
        "confidence": 0.6679
      },
      {
        "aat_id": 300047090,
        "wd_id": "Q860861",
        "search_term": "Skulptur",
        "confidence": 1.0
      },
      {
        "aat_id": 300047600,
        "wd_id": "Q179700",
        "search_term": "Statue",
        "confidence": 0.6913
      }
    ],
    "start": 4626,
    "end": 4634,
    "found_term": "Skulptur"
  },
  {
    "labels": [
      {
        "aat_id": 300005433,
        "wd_id": "Q3947",
        "search_term": "Haus",
        "confidence": 1.0
      },
      {
        "aat_id": 300004792,
        "wd_id": "Q41176",
        "search_term": "Gebäude",
        "confidence": 0.6104
      }
    ],
    "start": 4434,
    "end": 4438,
    "found_term": "Haus"
  },
  {
    "labels": [
      {
        "wd_id": "Q3476515",
        "search_term": "Bauplastik",
        "confidence": 0.6526
      },
      {
        "aat_id": 300047090,
        "wd_id": "Q860861",
        "search_term": "Skulptur",
        "confidence": 0.6827
      }
    ],
    "start": 3250,
    "end": 3261,
    "found_term": "Bildhauerei"
  },
  {
    "labels": [
      {
        "wd_id": "Q747567",
        "search_term": "Risalit",
        "confidence": 0.6161
      },
      {
        "aat_id": 300248835,
        "wd_id": "Q20460",
        "search_term": "Kruzifix",
        "confidence": 0.619
      },
      {
        "aat_id": 300001324,
        "wd_id": "Q189771",
        "search_term": "Gewölbe",
        "confidence": 0.6683
      },
      {
        "aat_id": 300264605,
        "wd_id": "Q29052406",
        "search_term": "Pfeiler",
        "confidence": 0.6448
      },
      {
        "wd_id": "Q1501427",
        "search_term": "Oktogon",
        "confidence": 0.6054
      },
      {
        "aat_id": 300002704,
        "wd_id": "Q695992",
        "search_term": "Wandnische",
        "confidence": 0.6447
      },
      {
        "aat_id": 300001788,
        "wd_id": "Q328092",
        "search_term": "Gesims",
        "confidence": 0.6967
      },
      {
        "aat_id": 300002737,
        "wd_id": "Q175112",
        "search_term": "Pilaster",
        "confidence": 0.7025
      },
      {
        "aat_id": 300002580,
        "wd_id": "Q186637",
        "search_term": "Arkade",
        "confidence": 0.6737
      },
      {
        "aat_id": 300002268,
        "wd_id": "Q163972",
        "search_term": "Dachtraufe",
        "confidence": 0.6484
      }
    ],
    "start": 4354,
    "end": 4366,
    "found_term": "Schlussstein"
  },
  {
    "labels": [
      {
        "aat_id": 300004324,
        "wd_id": "Q2451751",
        "search_term": "Treppenhaus",
        "confidence": 0.6195
      },
      {
        "aat_id": 300003228,
        "wd_id": "Q12511",
        "search_term": "Treppe",
        "confidence": 0.6002
      },
      {
        "wd_id": "Q1137365",
        "search_term": "Eingang",
        "confidence": 0.697
      },
      {
        "aat_id": 300002526,
        "wd_id": "Q183061",
        "search_term": "Fassade",
        "confidence": 0.6039
      },
      {
        "wd_id": "Q1627767",
        "search_term": "Laubengang",
        "confidence": 0.6499
      }
    ],
    "start": 4275,
    "end": 4286,
    "found_term": "Eingangstor"
  },
  {
    "labels": [
      {
        "aat_id": 300003725,
        "wd_id": "Q101687",
        "search_term": "Altar",
        "confidence": 0.8035
      },
      {
        "aat_id": 300248835,
        "wd_id": "Q20460",
        "search_term": "Kruzifix",
        "confidence": 0.6708
      },
      {
        "aat_id": 300003790,
        "wd_id": "Q211775",
        "search_term": "Kanzel",
        "confidence": 0.7305
      },
      {
        "aat_id": 300002704,
        "wd_id": "Q695992",
        "search_term": "Wandnische",
        "confidence": 0.6217
      }
    ],
    "start": 3217,
    "end": 3223,
    "found_term": "Altäre"
  },
  {
    "labels": [
      {
        "aat_id": 300003725,
        "wd_id": "Q101687",
        "search_term": "Altar",
        "confidence": 0.7773
      },
      {
        "aat_id": 300248835,
        "wd_id": "Q20460",
        "search_term": "Kruzifix",
        "confidence": 0.7797
      },
      {
        "aat_id": 300003790,
        "wd_id": "Q211775",
        "search_term": "Kanzel",
        "confidence": 0.776
      },
      {
        "wd_id": "Q1501427",
        "search_term": "Oktogon",
        "confidence": 0.6347
      },
      {
        "aat_id": 300002704,
        "wd_id": "Q695992",
        "search_term": "Wandnische",
        "confidence": 0.6761
      }
    ],
    "start": 3228,
    "end": 3238,
    "found_term": "Taufbecken"
  },
  {
    "labels": [
      {
        "aat_id": 300008389,
        "wd_id": "Q515",
        "search_term": "Stadt",
        "confidence": 0.6328
      }
    ],
    "start": 313,
    "end": 323,
    "found_term": "Kreisstadt"
  },
  {
    "labels": [
      {
        "aat_id": 300008389,
        "wd_id": "Q515",
        "search_term": "Stadt",
        "confidence": 0.605
      }
    ],
    "start": 667,
    "end": 678,
    "found_term": "Stadtgebiet"
  },
  {
    "labels": [
      {
        "aat_id": 300003790,
        "wd_id": "Q211775",
        "search_term": "Kanzel",
        "confidence": 0.6305
      },
      {
        "aat_id": 300002526,
        "wd_id": "Q183061",
        "search_term": "Fassade",
        "confidence": 0.6227
      },
      {
        "wd_id": "Q1244038",
        "search_term": "Dorfkirche",
        "confidence": 0.6314
      },
      {
        "aat_id": 300007466,
        "wd_id": "Q16970",
        "search_term": "Kirchengebäude",
        "confidence": 0.6754
      }
    ],
    "start": 3746,
    "end": 3757,
    "found_term": "neogotische"
  },
  {
    "labels": [
      {
        "aat_id": 300001324,
        "wd_id": "Q189771",
        "search_term": "Gewölbe",
        "confidence": 0.6923
      },
      {
        "aat_id": 300264605,
        "wd_id": "Q29052406",
        "search_term": "Pfeiler",
        "confidence": 1.0
      },
      {
        "aat_id": 300002704,
        "wd_id": "Q695992",
        "search_term": "Wandnische",
        "confidence": 0.6303
      },
      {
        "aat_id": 300001788,
        "wd_id": "Q328092",
        "search_term": "Gesims",
        "confidence": 0.6227
      },
      {
        "aat_id": 300002737,
        "wd_id": "Q175112",
        "search_term": "Pilaster",
        "confidence": 0.6606
      },
      {
        "aat_id": 300002580,
        "wd_id": "Q186637",
        "search_term": "Arkade",
        "confidence": 0.6359
      },
      {
        "aat_id": 300002268,
        "wd_id": "Q163972",
        "search_term": "Dachtraufe",
        "confidence": 0.6184
      }
    ],
    "start": 173,
    "end": 180,
    "found_term": "Pfeiler"
  },
  {
    "labels": [
      {
        "aat_id": 300001324,
        "wd_id": "Q189771",
        "search_term": "Gewölbe",
        "confidence": 0.6453
      },
      {
        "aat_id": 300002704,
        "wd_id": "Q695992",
        "search_term": "Wandnische",
        "confidence": 0.6292
      },
      {
        "aat_id": 300002060,
        "wd_id": "Q217164",
        "search_term": "Fußboden",
        "confidence": 1.0
      },
      {
        "aat_id": 300002268,
        "wd_id": "Q163972",
        "search_term": "Dachtraufe",
        "confidence": 0.6216
      }
    ],
    "start": 3370,
    "end": 3378,
    "found_term": "Fußboden"
  },
  {
    "labels": [
      {
        "wd_id": "Q2202145",
        "search_term": "Neubau",
        "confidence": 0.6406
      }
    ],
    "start": 3812,
    "end": 3822,
    "found_term": "Errichtung"
  },
  {
    "labels": [
      {
        "wd_id": "Q2202145",
        "search_term": "Neubau",
        "confidence": 0.6489
      }
    ],
    "start": 4404,
    "end": 4416,
    "found_term": "abgerissenen"
  },
  {
    "labels": [
      {
        "aat_id": 300005923,
        "wd_id": "Q203443",
        "search_term": "Grabstein",
        "confidence": 0.8342
      }
    ],
    "start": 2956,
    "end": 2966,
    "found_term": "Grabsteine"
  },
  {
    "labels": [
      {
        "aat_id": 300002526,
        "wd_id": "Q183061",
        "search_term": "Fassade",
        "confidence": 0.6148
      },
      {
        "aat_id": 300002268,
        "wd_id": "Q163972",
        "search_term": "Dachtraufe",
        "confidence": 0.6001
      }
    ],
    "start": 237,
    "end": 247,
    "found_term": "verblendet"
  },
  {
    "labels": [
      {
        "aat_id": 300002526,
        "wd_id": "Q183061",
        "search_term": "Fassade",
        "confidence": 0.6151
      },
      {
        "wd_id": "Q811438",
        "search_term": "Baukörper",
        "confidence": 0.6251
      },
      {
        "aat_id": 300001788,
        "wd_id": "Q328092",
        "search_term": "Gesims",
        "confidence": 0.6129
      },
      {
        "aat_id": 300002737,
        "wd_id": "Q175112",
        "search_term": "Pilaster",
        "confidence": 0.6272
      },
      {
        "aat_id": 300002268,
        "wd_id": "Q163972",
        "search_term": "Dachtraufe",
        "confidence": 0.6108
      }
    ],
    "start": 2348,
    "end": 2359,
    "found_term": "Werksteinen"
  },
  {
    "labels": [
      {
        "aat_id": 300002526,
        "wd_id": "Q183061",
        "search_term": "Fassade",
        "confidence": 0.6151
      },
      {
        "wd_id": "Q811438",
        "search_term": "Baukörper",
        "confidence": 0.6251
      },
      {
        "aat_id": 300001788,
        "wd_id": "Q328092",
        "search_term": "Gesims",
        "confidence": 0.6129
      },
      {
        "aat_id": 300002737,
        "wd_id": "Q175112",
        "search_term": "Pilaster",
        "confidence": 0.6272
      },
      {
        "aat_id": 300002268,
        "wd_id": "Q163972",
        "search_term": "Dachtraufe",
        "confidence": 0.6108
      }
    ],
    "start": 2478,
    "end": 2489,
    "found_term": "Werksteinen"
  },
  {
    "labels": [
      {
        "wd_id": "Q811438",
        "search_term": "Baukörper",
        "confidence": 0.6557
      }
    ],
    "start": 4390,
    "end": 4399,
    "found_term": "Grundriss"
  },
  {
    "labels": [
      {
        "aat_id": 300002469,
        "wd_id": "Q42948",
        "search_term": "Mauer",
        "confidence": 0.6093
      }
    ],
    "start": 2264,
    "end": 2275,
    "found_term": "Mauersteine"
  },
  {
    "labels": [
      {
        "aat_id": 300002469,
        "wd_id": "Q42948",
        "search_term": "Mauer",
        "confidence": 1.0
      }
    ],
    "start": 2528,
    "end": 2533,
    "found_term": "Mauer"
  },
  {
    "labels": [
      {
        "aat_id": 300002469,
        "wd_id": "Q42948",
        "search_term": "Mauer",
        "confidence": 0.647
      }
    ],
    "start": 3351,
    "end": 3361,
    "found_term": "Mauerstein"
  },
  {
    "labels": [
      {
        "aat_id": 300007836,
        "wd_id": "Q12280",
        "search_term": "Brücke",
        "confidence": 0.7543
      }
    ],
    "start": 191,
    "end": 201,
    "found_term": "Elbebrücke"
  },
  {
    "labels": [
      {
        "aat_id": 300007836,
        "wd_id": "Q12280",
        "search_term": "Brücke",
        "confidence": 0.7332
      }
    ],
    "start": 3405,
    "end": 3420,
    "found_term": "Autobahnbrücken"
  },
  {
    "labels": [
      {
        "aat_id": 300002060,
        "wd_id": "Q217164",
        "search_term": "Fußboden",
        "confidence": 0.652
      }
    ],
    "start": 3384,
    "end": 3397,
    "found_term": "Treppenbeläge"
  },
  {
    "labels": [
      {
        "aat_id": 300265418,
        "wd_id": "Q811979",
        "search_term": "Bauwerk",
        "confidence": 0.722
      }
    ],
    "start": 3426,
    "end": 3434,
    "found_term": "bauwerke"
  }
]