[
  {
    "labels": [
      {
        "wd_id": "Q157229",
        "search_term": "Frauenkirche",
        "confidence": 1.0
      }
    ],
    "start": 13350,
    "end": 13362,
    "found_term": "Frauenkirche"
  },
  {
    "labels": [
      {
        "wd_id": "Q157229",
        "search_term": "Frauenkirche",
        "confidence": 1.0
      }
    ],
    "start": 37893,
    "end": 37905,
    "found_term": "Frauenkirche"
  },
  {
    "labels": [
      {
        "aat_id": 300075767,
        "wd_id": "Q164419",
        "search_term": "Galerie",
        "confidence": 0.6935
      }
    ],
    "start": 8033,
    "end": 8044,
    "found_term": "Ausstellung"
  },
  {
    "labels": [
      {
        "aat_id": 300075767,
        "wd_id": "Q164419",
        "search_term": "Galerie",
        "confidence": 0.6383
      }
    ],
    "start": 10212,
    "end": 10225,
    "found_term": "Ausstellungen"
  },
  {
    "labels": [
      {
        "aat_id": 300075767,
        "wd_id": "Q164419",
        "search_term": "Galerie",
        "confidence": 0.632
      }
    ],
    "start": 24152,
    "end": 24167,
    "found_term": "Kunstsammlungen"
  },
  {
    "labels": [
      {
        "aat_id": 300075767,
        "wd_id": "Q164419",
        "search_term": "Galerie",
        "confidence": 0.6935
      }
    ],
    "start": 41357,
    "end": 41368,
    "found_term": "Ausstellung"
  },
  {
    "labels": [
      {
        "aat_id": 300075767,
        "wd_id": "Q164419",
        "search_term": "Galerie",
        "confidence": 0.6935
      }
    ],
    "start": 42807,
    "end": 42818,
    "found_term": "Ausstellung"
  },
  {
    "labels": [
      {
        "aat_id": 300075767,
        "wd_id": "Q164419",
        "search_term": "Galerie",
        "confidence": 0.632
      }
    ],
    "start": 46173,
    "end": 46188,
    "found_term": "Kunstsammlungen"
  },
  {
    "labels": [
      {
        "aat_id": 300075767,
        "wd_id": "Q164419",
        "search_term": "Galerie",
        "confidence": 0.6935
      }
    ],
    "start": 50939,
    "end": 50950,
    "found_term": "Ausstellung"
  },
  {
    "labels": [
      {
        "wd_id": "Q1496790",
        "search_term": "Wallpavillon",
        "confidence": 0.6385
      },
      {
        "aat_id": 300002580,
        "wd_id": "Q186637",
        "search_term": "Arkade",
        "confidence": 0.6142
      }
    ],
    "start": 23632,
    "end": 23645,
    "found_term": "Bogengalerien"
  },
  {
    "labels": [
      {
        "aat_id": 300005734,
        "wd_id": "Q16560",
        "search_term": "Palast",
        "confidence": 0.6152
      },
      {
        "aat_id": 300184568,
        "wd_id": "Q1436181",
        "search_term": "Lustschloss",
        "confidence": 0.6253
      },
      {
        "wd_id": "Q267390",
        "search_term": "Taschenbergpalais",
        "confidence": 0.7295
      },
      {
        "aat_id": 300006804,
        "wd_id": "Q952885",
        "search_term": "Orangerie",
        "confidence": 0.6341
      }
    ],
    "start": 23955,
    "end": 23961,
    "found_term": "Palais"
  },
  {
    "labels": [
      {
        "aat_id": 300005734,
        "wd_id": "Q16560",
        "search_term": "Palast",
        "confidence": 0.6152
      },
      {
        "aat_id": 300184568,
        "wd_id": "Q1436181",
        "search_term": "Lustschloss",
        "confidence": 0.6253
      },
      {
        "wd_id": "Q267390",
        "search_term": "Taschenbergpalais",
        "confidence": 0.7295
      },
      {
        "aat_id": 300006804,
        "wd_id": "Q952885",
        "search_term": "Orangerie",
        "confidence": 0.6341
      }
    ],
    "start": 24049,
    "end": 24055,
    "found_term": "Palais"
  },
  {
    "labels": [
      {
        "aat_id": 300417950,
        "wd_id": "Q17489160",
        "search_term": "Büste",
        "confidence": 1.0
      },
      {
        "aat_id": 300047090,
        "wd_id": "Q860861",
        "search_term": "Skulptur",
        "confidence": 0.6133
      },
      {
        "aat_id": 300047600,
        "wd_id": "Q179700",
        "search_term": "Statue",
        "confidence": 0.7796
      }
    ],
    "start": 7043,
    "end": 7048,
    "found_term": "Büste"
  },
  {
    "labels": [
      {
        "aat_id": 300005433,
        "wd_id": "Q3947",
        "search_term": "Haus",
        "confidence": 0.6104
      },
      {
        "aat_id": 300004188,
        "wd_id": "Q1125776",
        "search_term": "Gebäudetrakt",
        "confidence": 0.7553
      },
      {
        "aat_id": 300004324,
        "wd_id": "Q2451751",
        "search_term": "Treppenhaus",
        "confidence": 0.6247
      },
      {
        "aat_id": 300007117,
        "wd_id": "Q24354",
        "search_term": "Theatergebäude",
        "confidence": 0.6879
      },
      {
        "aat_id": 300002526,
        "wd_id": "Q183061",
        "search_term": "Fassade",
        "confidence": 0.6486
      },
      {
        "wd_id": "Q811438",
        "search_term": "Baukörper",
        "confidence": 0.62
      },
      {
        "wd_id": "Q63759229",
        "search_term": "Seitenflügel",
        "confidence": 0.6045
      },
      {
        "aat_id": 300265418,
        "wd_id": "Q811979",
        "search_term": "Bauwerk",
        "confidence": 0.7322
      },
      {
        "aat_id": 300004792,
        "wd_id": "Q41176",
        "search_term": "Gebäude",
        "confidence": 1.0
      },
      {
        "aat_id": 300007466,
        "wd_id": "Q16970",
        "search_term": "Kirchengebäude",
        "confidence": 0.6404
      },
      {
        "wd_id": "Q11755880",
        "search_term": "Wohngebäude",
        "confidence": 0.8091
      }
    ],
    "start": 9392,
    "end": 9399,
    "found_term": "Gebäude"
  },
  {
    "labels": [
      {
        "wd_id": "Q3476515",
        "search_term": "Bauplastik",
        "confidence": 0.6889
      },
      {
        "wd_id": "Q6149036",
        "search_term": "Dekoration",
        "confidence": 0.6077
      },
      {
        "aat_id": 300002704,
        "wd_id": "Q695992",
        "search_term": "Wandnische",
        "confidence": 0.6437
      }
    ],
    "start": 5760,
    "end": 5770,
    "found_term": "figürliche"
  },
  {
    "labels": [
      {
        "wd_id": "Q3476515",
        "search_term": "Bauplastik",
        "confidence": 0.7114
      },
      {
        "aat_id": 300047090,
        "wd_id": "Q860861",
        "search_term": "Skulptur",
        "confidence": 0.8121
      }
    ],
    "start": 5771,
    "end": 5778,
    "found_term": "Plastik"
  },
  {
    "labels": [
      {
        "wd_id": "Q3476515",
        "search_term": "Bauplastik",
        "confidence": 0.6306
      },
      {
        "wd_id": "Q6149036",
        "search_term": "Dekoration",
        "confidence": 0.841
      }
    ],
    "start": 5976,
    "end": 5986,
    "found_term": "dekorative"
  },
  {
    "labels": [
      {
        "wd_id": "Q3476515",
        "search_term": "Bauplastik",
        "confidence": 0.6726
      },
      {
        "aat_id": 300047090,
        "wd_id": "Q860861",
        "search_term": "Skulptur",
        "confidence": 0.6676
      }
    ],
    "start": 6442,
    "end": 6456,
    "found_term": "Kleinplastiken"
  },
  {
    "labels": [
      {
        "wd_id": "Q3476515",
        "search_term": "Bauplastik",
        "confidence": 0.6138
      }
    ],
    "start": 6715,
    "end": 6727,
    "found_term": "Klassizismus"
  },
  {
    "labels": [
      {
        "wd_id": "Q3476515",
        "search_term": "Bauplastik",
        "confidence": 0.6638
      },
      {
        "aat_id": 300002526,
        "wd_id": "Q183061",
        "search_term": "Fassade",
        "confidence": 0.6013
      },
      {
        "wd_id": "Q811438",
        "search_term": "Baukörper",
        "confidence": 0.6477
      }
    ],
    "start": 9680,
    "end": 9693,
    "found_term": "Formensprache"
  },
  {
    "labels": [
      {
        "wd_id": "Q3476515",
        "search_term": "Bauplastik",
        "confidence": 0.619
      }
    ],
    "start": 10078,
    "end": 10089,
    "found_term": "Historismus"
  },
  {
    "labels": [
      {
        "wd_id": "Q3476515",
        "search_term": "Bauplastik",
        "confidence": 0.6392
      }
    ],
    "start": 11154,
    "end": 11164,
    "found_term": "Jugendstil"
  },
  {
    "labels": [
      {
        "wd_id": "Q3476515",
        "search_term": "Bauplastik",
        "confidence": 0.6392
      }
    ],
    "start": 11979,
    "end": 11989,
    "found_term": "Jugendstil"
  },
  {
    "labels": [
      {
        "wd_id": "Q3476515",
        "search_term": "Bauplastik",
        "confidence": 0.6726
      },
      {
        "aat_id": 300047090,
        "wd_id": "Q860861",
        "search_term": "Skulptur",
        "confidence": 0.6676
      }
    ],
    "start": 12156,
    "end": 12170,
    "found_term": "Kleinplastiken"
  },
  {
    "labels": [
      {
        "wd_id": "Q3476515",
        "search_term": "Bauplastik",
        "confidence": 0.6404
      },
      {
        "aat_id": 300047090,
        "wd_id": "Q860861",
        "search_term": "Skulptur",
        "confidence": 0.613
      }
    ],
    "start": 12176,
    "end": 12187,
    "found_term": "Tierplastik"
  },
  {
    "labels": [
      {
        "wd_id": "Q3476515",
        "search_term": "Bauplastik",
        "confidence": 0.6726
      },
      {
        "aat_id": 300047090,
        "wd_id": "Q860861",
        "search_term": "Skulptur",
        "confidence": 0.6676
      }
    ],
    "start": 12313,
    "end": 12327,
    "found_term": "Kleinplastiken"
  },
  {
    "labels": [
      {
        "wd_id": "Q3476515",
        "search_term": "Bauplastik",
        "confidence": 0.6889
      },
      {
        "wd_id": "Q6149036",
        "search_term": "Dekoration",
        "confidence": 0.6077
      },
      {
        "aat_id": 300002704,
        "wd_id": "Q695992",
        "search_term": "Wandnische",
        "confidence": 0.6437
      }
    ],
    "start": 12805,
    "end": 12815,
    "found_term": "figürliche"
  },
  {
    "labels": [
      {
        "wd_id": "Q3476515",
        "search_term": "Bauplastik",
        "confidence": 0.6343
      }
    ],
    "start": 12816,
    "end": 12832,
    "found_term": "Porzellanplastik"
  },
  {
    "labels": [
      {
        "wd_id": "Q3476515",
        "search_term": "Bauplastik",
        "confidence": 0.6633
      },
      {
        "wd_id": "Q6149036",
        "search_term": "Dekoration",
        "confidence": 0.6236
      },
      {
        "aat_id": 300002526,
        "wd_id": "Q183061",
        "search_term": "Fassade",
        "confidence": 0.6171
      }
    ],
    "start": 14894,
    "end": 14908,
    "found_term": "Wandgestaltung"
  },
  {
    "labels": [
      {
        "wd_id": "Q3476515",
        "search_term": "Bauplastik",
        "confidence": 0.6103
      }
    ],
    "start": 14949,
    "end": 14959,
    "found_term": "Wandbilder"
  },
  {
    "labels": [
      {
        "wd_id": "Q3476515",
        "search_term": "Bauplastik",
        "confidence": 0.6687
      },
      {
        "wd_id": "Q6149036",
        "search_term": "Dekoration",
        "confidence": 0.6553
      },
      {
        "aat_id": 300002526,
        "wd_id": "Q183061",
        "search_term": "Fassade",
        "confidence": 0.649
      }
    ],
    "start": 14990,
    "end": 15005,
    "found_term": "Innengestaltung"
  },
  {
    "labels": [
      {
        "wd_id": "Q3476515",
        "search_term": "Bauplastik",
        "confidence": 0.6167
      }
    ],
    "start": 18180,
    "end": 18191,
    "found_term": "Architektur"
  },
  {
    "labels": [
      {
        "wd_id": "Q3476515",
        "search_term": "Bauplastik",
        "confidence": 0.6633
      },
      {
        "wd_id": "Q6149036",
        "search_term": "Dekoration",
        "confidence": 0.6236
      },
      {
        "aat_id": 300002526,
        "wd_id": "Q183061",
        "search_term": "Fassade",
        "confidence": 0.6171
      }
    ],
    "start": 41134,
    "end": 41148,
    "found_term": "Wandgestaltung"
  },
  {
    "labels": [
      {
        "wd_id": "Q3476515",
        "search_term": "Bauplastik",
        "confidence": 0.6103
      }
    ],
    "start": 41182,
    "end": 41192,
    "found_term": "Wandbilder"
  },
  {
    "labels": [
      {
        "wd_id": "Q3476515",
        "search_term": "Bauplastik",
        "confidence": 0.6392
      }
    ],
    "start": 41964,
    "end": 41974,
    "found_term": "Jugendstil"
  },
  {
    "labels": [
      {
        "wd_id": "Q3476515",
        "search_term": "Bauplastik",
        "confidence": 0.625
      },
      {
        "wd_id": "Q747567",
        "search_term": "Risalit",
        "confidence": 0.6027
      },
      {
        "aat_id": 300002526,
        "wd_id": "Q183061",
        "search_term": "Fassade",
        "confidence": 0.6705
      },
      {
        "wd_id": "Q811438",
        "search_term": "Baukörper",
        "confidence": 0.6037
      },
      {
        "wd_id": "Q63759229",
        "search_term": "Seitenflügel",
        "confidence": 0.6067
      },
      {
        "aat_id": 300002737,
        "wd_id": "Q175112",
        "search_term": "Pilaster",
        "confidence": 0.6195
      }
    ],
    "start": 43681,
    "end": 43696,
    "found_term": "klassizistische"
  },
  {
    "labels": [
      {
        "wd_id": "Q3476515",
        "search_term": "Bauplastik",
        "confidence": 0.6343
      }
    ],
    "start": 43697,
    "end": 43713,
    "found_term": "Porzellanplastik"
  },
  {
    "labels": [
      {
        "wd_id": "Q82383",
        "search_term": "Basis",
        "confidence": 1.0
      }
    ],
    "start": 17659,
    "end": 17664,
    "found_term": "Basis"
  },
  {
    "labels": [
      {
        "aat_id": 300002944,
        "wd_id": "Q35473",
        "search_term": "Fenster",
        "confidence": 0.6982
      },
      {
        "aat_id": 300003228,
        "wd_id": "Q12511",
        "search_term": "Treppe",
        "confidence": 0.6094
      },
      {
        "aat_id": 300002803,
        "wd_id": "Q36794",
        "search_term": "Tür",
        "confidence": 1.0
      }
    ],
    "start": 22971,
    "end": 22974,
    "found_term": "Tür"
  },
  {
    "labels": [
      {
        "aat_id": 300002944,
        "wd_id": "Q35473",
        "search_term": "Fenster",
        "confidence": 0.7144
      },
      {
        "aat_id": 300002803,
        "wd_id": "Q36794",
        "search_term": "Tür",
        "confidence": 0.782
      }
    ],
    "start": 23110,
    "end": 23115,
    "found_term": "Türen"
  },
  {
    "labels": [
      {
        "aat_id": 300004188,
        "wd_id": "Q1125776",
        "search_term": "Gebäudetrakt",
        "confidence": 0.6363
      },
      {
        "aat_id": 300004792,
        "wd_id": "Q41176",
        "search_term": "Gebäude",
        "confidence": 0.7669
      },
      {
        "wd_id": "Q11755880",
        "search_term": "Wohngebäude",
        "confidence": 0.7032
      }
    ],
    "start": 15010,
    "end": 15018,
    "found_term": "Gebäuden"
  },
  {
    "labels": [
      {
        "aat_id": 300004188,
        "wd_id": "Q1125776",
        "search_term": "Gebäudetrakt",
        "confidence": 0.6258
      },
      {
        "aat_id": 300004792,
        "wd_id": "Q41176",
        "search_term": "Gebäude",
        "confidence": 0.6038
      }
    ],
    "start": 18901,
    "end": 18915,
    "found_term": "Geschäftsräume"
  },
  {
    "labels": [
      {
        "wd_id": "Q6149036",
        "search_term": "Dekoration",
        "confidence": 0.7356
      }
    ],
    "start": 1843,
    "end": 1852,
    "found_term": "dekoriert"
  },
  {
    "labels": [
      {
        "wd_id": "Q6149036",
        "search_term": "Dekoration",
        "confidence": 0.7356
      }
    ],
    "start": 5409,
    "end": 5418,
    "found_term": "dekoriert"
  },
  {
    "labels": [
      {
        "wd_id": "Q6149036",
        "search_term": "Dekoration",
        "confidence": 0.7439
      }
    ],
    "start": 5576,
    "end": 5582,
    "found_term": "Dekore"
  },
  {
    "labels": [
      {
        "wd_id": "Q6149036",
        "search_term": "Dekoration",
        "confidence": 0.8747
      }
    ],
    "start": 9012,
    "end": 9024,
    "found_term": "Dekorationen"
  },
  {
    "labels": [
      {
        "wd_id": "Q6149036",
        "search_term": "Dekoration",
        "confidence": 0.7031
      }
    ],
    "start": 10579,
    "end": 10586,
    "found_term": "Dekoren"
  },
  {
    "labels": [
      {
        "wd_id": "Q6149036",
        "search_term": "Dekoration",
        "confidence": 1.0
      }
    ],
    "start": 10948,
    "end": 10958,
    "found_term": "dekoration"
  },
  {
    "labels": [
      {
        "wd_id": "Q6149036",
        "search_term": "Dekoration",
        "confidence": 0.7439
      }
    ],
    "start": 11797,
    "end": 11803,
    "found_term": "dekore"
  },
  {
    "labels": [
      {
        "wd_id": "Q6149036",
        "search_term": "Dekoration",
        "confidence": 0.7439
      }
    ],
    "start": 13239,
    "end": 13245,
    "found_term": "Dekore"
  },
  {
    "labels": [
      {
        "wd_id": "Q6149036",
        "search_term": "Dekoration",
        "confidence": 0.6951
      },
      {
        "aat_id": 300002737,
        "wd_id": "Q175112",
        "search_term": "Pilaster",
        "confidence": 0.6093
      }
    ],
    "start": 15831,
    "end": 15843,
    "found_term": "Verzierungen"
  },
  {
    "labels": [
      {
        "wd_id": "Q6149036",
        "search_term": "Dekoration",
        "confidence": 0.6413
      }
    ],
    "start": 18218,
    "end": 18225,
    "found_term": "Schmuck"
  },
  {
    "labels": [
      {
        "wd_id": "Q6149036",
        "search_term": "Dekoration",
        "confidence": 0.7177
      },
      {
        "aat_id": 300002526,
        "wd_id": "Q183061",
        "search_term": "Fassade",
        "confidence": 0.6038
      },
      {
        "aat_id": 300002737,
        "wd_id": "Q175112",
        "search_term": "Pilaster",
        "confidence": 0.6231
      }
    ],
    "start": 21007,
    "end": 21012,
    "found_term": "Dekor"
  },
  {
    "labels": [
      {
        "wd_id": "Q6149036",
        "search_term": "Dekoration",
        "confidence": 0.7356
      }
    ],
    "start": 34610,
    "end": 34619,
    "found_term": "dekoriert"
  },
  {
    "labels": [
      {
        "wd_id": "Q6149036",
        "search_term": "Dekoration",
        "confidence": 0.6951
      },
      {
        "aat_id": 300002737,
        "wd_id": "Q175112",
        "search_term": "Pilaster",
        "confidence": 0.6093
      }
    ],
    "start": 38754,
    "end": 38766,
    "found_term": "Verzierungen"
  },
  {
    "labels": [
      {
        "wd_id": "Q6149036",
        "search_term": "Dekoration",
        "confidence": 0.7439
      }
    ],
    "start": 38974,
    "end": 38980,
    "found_term": "Dekore"
  },
  {
    "labels": [
      {
        "wd_id": "Q6149036",
        "search_term": "Dekoration",
        "confidence": 0.7439
      }
    ],
    "start": 39178,
    "end": 39184,
    "found_term": "Dekore"
  },
  {
    "labels": [
      {
        "wd_id": "Q6149036",
        "search_term": "Dekoration",
        "confidence": 0.7439
      }
    ],
    "start": 40135,
    "end": 40141,
    "found_term": "Dekore"
  },
  {
    "labels": [
      {
        "wd_id": "Q6149036",
        "search_term": "Dekoration",
        "confidence": 0.7439
      }
    ],
    "start": 40172,
    "end": 40178,
    "found_term": "Dekore"
  },
  {
    "labels": [
      {
        "wd_id": "Q6149036",
        "search_term": "Dekoration",
        "confidence": 0.6075
      }
    ],
    "start": 40314,
    "end": 40327,
    "found_term": "Blumenmalerei"
  },
  {
    "labels": [
      {
        "wd_id": "Q6149036",
        "search_term": "Dekoration",
        "confidence": 0.6075
      }
    ],
    "start": 40398,
    "end": 40411,
    "found_term": "Blumenmalerei"
  },
  {
    "labels": [
      {
        "wd_id": "Q6149036",
        "search_term": "Dekoration",
        "confidence": 0.7177
      },
      {
        "aat_id": 300002526,
        "wd_id": "Q183061",
        "search_term": "Fassade",
        "confidence": 0.6038
      },
      {
        "aat_id": 300002737,
        "wd_id": "Q175112",
        "search_term": "Pilaster",
        "confidence": 0.6231
      }
    ],
    "start": 40578,
    "end": 40583,
    "found_term": "Dekor"
  },
  {
    "labels": [
      {
        "wd_id": "Q6149036",
        "search_term": "Dekoration",
        "confidence": 0.7439
      }
    ],
    "start": 42062,
    "end": 42068,
    "found_term": "Dekore"
  },
  {
    "labels": [
      {
        "wd_id": "Q6149036",
        "search_term": "Dekoration",
        "confidence": 0.7031
      }
    ],
    "start": 44048,
    "end": 44055,
    "found_term": "Dekoren"
  },
  {
    "labels": [
      {
        "aat_id": 300005738,
        "wd_id": "Q751876",
        "search_term": "Schloss",
        "confidence": 1.0
      },
      {
        "aat_id": 300184568,
        "wd_id": "Q1436181",
        "search_term": "Lustschloss",
        "confidence": 0.6455
      }
    ],
    "start": 24249,
    "end": 24256,
    "found_term": "Schloss"
  },
  {
    "labels": [
      {
        "aat_id": 300005738,
        "wd_id": "Q751876",
        "search_term": "Schloss",
        "confidence": 0.7132
      }
    ],
    "start": 43034,
    "end": 43040,
    "found_term": "Schloß"
  },
  {
    "labels": [
      {
        "aat_id": 300005738,
        "wd_id": "Q751876",
        "search_term": "Schloss",
        "confidence": 1.0
      },
      {
        "aat_id": 300184568,
        "wd_id": "Q1436181",
        "search_term": "Lustschloss",
        "confidence": 0.6455
      }
    ],
    "start": 44116,
    "end": 44123,
    "found_term": "Schloss"
  },
  {
    "labels": [
      {
        "aat_id": 300005738,
        "wd_id": "Q751876",
        "search_term": "Schloss",
        "confidence": 1.0
      },
      {
        "aat_id": 300184568,
        "wd_id": "Q1436181",
        "search_term": "Lustschloss",
        "confidence": 0.6455
      }
    ],
    "start": 46253,
    "end": 46260,
    "found_term": "Schloss"
  },
  {
    "labels": [
      {
        "aat_id": 300005738,
        "wd_id": "Q751876",
        "search_term": "Schloss",
        "confidence": 1.0
      },
      {
        "aat_id": 300184568,
        "wd_id": "Q1436181",
        "search_term": "Lustschloss",
        "confidence": 0.6455
      }
    ],
    "start": 50887,
    "end": 50894,
    "found_term": "Schloss"
  },
  {
    "labels": [
      {
        "aat_id": 300248835,
        "wd_id": "Q20460",
        "search_term": "Kruzifix",
        "confidence": 0.632
      }
    ],
    "start": 40753,
    "end": 40764,
    "found_term": "Vergoldetes"
  },
  {
    "labels": [
      {
        "aat_id": 300008389,
        "wd_id": "Q515",
        "search_term": "Stadt",
        "confidence": 0.6738
      }
    ],
    "start": 33783,
    "end": 33790,
    "found_term": "Städten"
  },
  {
    "labels": [
      {
        "aat_id": 300008389,
        "wd_id": "Q515",
        "search_term": "Stadt",
        "confidence": 0.6738
      }
    ],
    "start": 34849,
    "end": 34856,
    "found_term": "Städten"
  },
  {
    "labels": [
      {
        "aat_id": 300047090,
        "wd_id": "Q860861",
        "search_term": "Skulptur",
        "confidence": 0.6523
      }
    ],
    "start": 6479,
    "end": 6488,
    "found_term": "Bildhauer"
  },
  {
    "labels": [
      {
        "aat_id": 300047090,
        "wd_id": "Q860861",
        "search_term": "Skulptur",
        "confidence": 0.6523
      }
    ],
    "start": 12035,
    "end": 12044,
    "found_term": "Bildhauer"
  },
  {
    "labels": [
      {
        "aat_id": 300047090,
        "wd_id": "Q860861",
        "search_term": "Skulptur",
        "confidence": 0.6523
      }
    ],
    "start": 12419,
    "end": 12428,
    "found_term": "Bildhauer"
  },
  {
    "labels": [
      {
        "aat_id": 300047090,
        "wd_id": "Q860861",
        "search_term": "Skulptur",
        "confidence": 0.6071
      }
    ],
    "start": 15116,
    "end": 15126,
    "found_term": "Kunstwerke"
  },
  {
    "labels": [
      {
        "wd_id": "Q309250",
        "search_term": "Hof",
        "confidence": 0.7718
      }
    ],
    "start": 5919,
    "end": 5924,
    "found_term": "Hofes"
  },
  {
    "labels": [
      {
        "wd_id": "Q309250",
        "search_term": "Hof",
        "confidence": 1.0
      }
    ],
    "start": 27054,
    "end": 27057,
    "found_term": "Hof"
  },
  {
    "labels": [
      {
        "wd_id": "Q1412205",
        "search_term": "Zeughaus",
        "confidence": 0.6151
      }
    ],
    "start": 51935,
    "end": 51946,
    "found_term": "Stadtmuseum"
  },
  {
    "labels": [
      {
        "wd_id": "Q1412205",
        "search_term": "Zeughaus",
        "confidence": 0.6151
      }
    ],
    "start": 51971,
    "end": 51982,
    "found_term": "Stadtmuseum"
  },
  {
    "labels": [
      {
        "wd_id": "Q2202145",
        "search_term": "Neubau",
        "confidence": 0.6379
      }
    ],
    "start": 24320,
    "end": 24329,
    "found_term": "Sanierung"
  },
  {
    "labels": [
      {
        "wd_id": "Q63759229",
        "search_term": "Seitenflügel",
        "confidence": 0.6574
      }
    ],
    "start": 11296,
    "end": 11302,
    "found_term": "Flügel"
  },
  {
    "labels": [
      {
        "wd_id": "Q155107",
        "search_term": "Zwinger",
        "confidence": 0.6034
      },
      {
        "wd_id": "Q267390",
        "search_term": "Taschenbergpalais",
        "confidence": 0.6416
      }
    ],
    "start": 2245,
    "end": 2259,
    "found_term": "Jungfernbastei"
  },
  {
    "labels": [
      {
        "wd_id": "Q155107",
        "search_term": "Zwinger",
        "confidence": 0.8668
      }
    ],
    "start": 23659,
    "end": 23667,
    "found_term": "Zwingers"
  },
  {
    "labels": [
      {
        "aat_id": 300047230,
        "wd_id": "Q245117",
        "search_term": "Relief",
        "confidence": 0.6007
      },
      {
        "aat_id": 300002704,
        "wd_id": "Q695992",
        "search_term": "Wandnische",
        "confidence": 0.6112
      },
      {
        "aat_id": 300001788,
        "wd_id": "Q328092",
        "search_term": "Gesims",
        "confidence": 0.6017
      },
      {
        "aat_id": 300002737,
        "wd_id": "Q175112",
        "search_term": "Pilaster",
        "confidence": 0.6265
      }
    ],
    "start": 11240,
    "end": 11251,
    "found_term": "reliefierte"
  },
  {
    "labels": [
      {
        "aat_id": 300000994,
        "wd_id": "Q12277",
        "search_term": "Bogen",
        "confidence": 1.0
      }
    ],
    "start": 27882,
    "end": 27887,
    "found_term": "Bogen"
  },
  {
    "labels": [
      {
        "aat_id": 300000994,
        "wd_id": "Q12277",
        "search_term": "Bogen",
        "confidence": 1.0
      }
    ],
    "start": 27929,
    "end": 27934,
    "found_term": "Bogen"
  },
  {
    "labels": [
      {
        "aat_id": 300002060,
        "wd_id": "Q217164",
        "search_term": "Fußboden",
        "confidence": 0.6549
      }
    ],
    "start": 2682,
    "end": 2689,
    "found_term": "Fliesen"
  },
  {
    "labels": [
      {
        "wd_id": "Q1979154",
        "search_term": "Modell",
        "confidence": 1.0
      }
    ],
    "start": 12075,
    "end": 12081,
    "found_term": "Modell"
  },
  {
    "labels": [
      {
        "wd_id": "Q1979154",
        "search_term": "Modell",
        "confidence": 0.6028
      }
    ],
    "start": 12622,
    "end": 12635,
    "found_term": "Modellpalette"
  },
  {
    "labels": [
      {
        "wd_id": "Q1979154",
        "search_term": "Modell",
        "confidence": 0.7774
      }
    ],
    "start": 16851,
    "end": 16858,
    "found_term": "Modelle"
  },
  {
    "labels": [
      {
        "wd_id": "Q1979154",
        "search_term": "Modell",
        "confidence": 0.7774
      }
    ],
    "start": 20989,
    "end": 20996,
    "found_term": "Modelle"
  },
  {
    "labels": [
      {
        "aat_id": 300265418,
        "wd_id": "Q811979",
        "search_term": "Bauwerk",
        "confidence": 0.6076
      },
      {
        "aat_id": 300004792,
        "wd_id": "Q41176",
        "search_term": "Gebäude",
        "confidence": 0.6254
      }
    ],
    "start": 23232,
    "end": 23240,
    "found_term": "erbautes"
  },
  {
    "labels": [
      {
        "aat_id": 300265418,
        "wd_id": "Q811979",
        "search_term": "Bauwerk",
        "confidence": 0.7009
      }
    ],
    "start": 33077,
    "end": 33086,
    "found_term": "Bauwerken"
  },
  {
    "labels": [
      {
        "aat_id": 300004792,
        "wd_id": "Q41176",
        "search_term": "Gebäude",
        "confidence": 0.6071
      }
    ],
    "start": 23055,
    "end": 23072,
    "found_term": "Nachbargrundstück"
  },
  {
    "labels": [
      {
        "aat_id": 300001788,
        "wd_id": "Q328092",
        "search_term": "Gesims",
        "confidence": 0.6407
      },
      {
        "aat_id": 300002737,
        "wd_id": "Q175112",
        "search_term": "Pilaster",
        "confidence": 0.6495
      }
    ],
    "start": 5477,
    "end": 5486,
    "found_term": "gerahmtes"
  },
  {
    "labels": [
      {
        "aat_id": 300002737,
        "wd_id": "Q175112",
        "search_term": "Pilaster",
        "confidence": 0.6346
      }
    ],
    "start": 2669,
    "end": 2681,
    "found_term": "marmorierten"
  },
  {
    "labels": [
      {
        "aat_id": 300002737,
        "wd_id": "Q175112",
        "search_term": "Pilaster",
        "confidence": 0.6243
      }
    ],
    "start": 39475,
    "end": 39484,
    "found_term": "Girlanden"
  },
  {
    "labels": [
      {
        "wd_id": "Q1395899",
        "search_term": "Hoftheater",
        "confidence": 0.872
      }
    ],
    "start": 36243,
    "end": 36258,
    "found_term": "Hoftheatermaler"
  },
  {
    "labels": [
      {
        "aat_id": 300047600,
        "wd_id": "Q179700",
        "search_term": "Statue",
        "confidence": 0.6156
      },
      {
        "aat_id": 300189808,
        "wd_id": "Q29527347",
        "search_term": "Figur",
        "confidence": 1.0
      }
    ],
    "start": 16418,
    "end": 16423,
    "found_term": "Figur"
  },
  {
    "labels": [
      {
        "aat_id": 300189808,
        "wd_id": "Q29527347",
        "search_term": "Figur",
        "confidence": 0.8095
      }
    ],
    "start": 12344,
    "end": 12351,
    "found_term": "Figuren"
  },
  {
    "labels": [
      {
        "aat_id": 300189808,
        "wd_id": "Q29527347",
        "search_term": "Figur",
        "confidence": 0.8095
      }
    ],
    "start": 16768,
    "end": 16775,
    "found_term": "Figuren"
  }
]