[
  {
    "labels": [
      {
        "aat_id": 300075767,
        "wd_id": "Q164419",
        "search_term": "Galerie",
        "confidence": 0.6935
      }
    ],
    "start": 278,
    "end": 289,
    "found_term": "Ausstellung"
  },
  {
    "labels": [
      {
        "aat_id": 300075767,
        "wd_id": "Q164419",
        "search_term": "Galerie",
        "confidence": 0.6935
      }
    ],
    "start": 589,
    "end": 600,
    "found_term": "Ausstellung"
  },
  {
    "labels": [
      {
        "aat_id": 300075767,
        "wd_id": "Q164419",
        "search_term": "Galerie",
        "confidence": 0.6935
      }
    ],
    "start": 859,
    "end": 870,
    "found_term": "Ausstellung"
  },
  {
    "labels": [
      {
        "aat_id": 300075767,
        "wd_id": "Q164419",
        "search_term": "Galerie",
        "confidence": 0.6935
      }
    ],
    "start": 1165,
    "end": 1176,
    "found_term": "Ausstellung"
  },
  {
    "labels": [
      {
        "aat_id": 300075767,
        "wd_id": "Q164419",
        "search_term": "Galerie",
        "confidence": 0.6227
      }
    ],
    "start": 1545,
    "end": 1563,
    "found_term": "Ausstellungsplakat"
  },
  {
    "labels": [
      {
        "aat_id": 300075767,
        "wd_id": "Q164419",
        "search_term": "Galerie",
        "confidence": 0.6935
      }
    ],
    "start": 2337,
    "end": 2348,
    "found_term": "Ausstellung"
  },
  {
    "labels": [
      {
        "aat_id": 300075767,
        "wd_id": "Q164419",
        "search_term": "Galerie",
        "confidence": 0.6935
      }
    ],
    "start": 2717,
    "end": 2728,
    "found_term": "Ausstellung"
  },
  {
    "labels": [
      {
        "aat_id": 300075767,
        "wd_id": "Q164419",
        "search_term": "Galerie",
        "confidence": 0.6935
      }
    ],
    "start": 4438,
    "end": 4449,
    "found_term": "Ausstellung"
  },
  {
    "labels": [
      {
        "aat_id": 300075767,
        "wd_id": "Q164419",
        "search_term": "Galerie",
        "confidence": 0.6935
      }
    ],
    "start": 4574,
    "end": 4585,
    "found_term": "Ausstellung"
  },
  {
    "labels": [
      {
        "aat_id": 300075767,
        "wd_id": "Q164419",
        "search_term": "Galerie",
        "confidence": 0.632
      }
    ],
    "start": 6007,
    "end": 6023,
    "found_term": "Ausstellungsteil"
  },
  {
    "labels": [
      {
        "aat_id": 300075767,
        "wd_id": "Q164419",
        "search_term": "Galerie",
        "confidence": 0.6935
      }
    ],
    "start": 6572,
    "end": 6583,
    "found_term": "Ausstellung"
  },
  {
    "labels": [
      {
        "aat_id": 300075767,
        "wd_id": "Q164419",
        "search_term": "Galerie",
        "confidence": 0.6935
      }
    ],
    "start": 6716,
    "end": 6727,
    "found_term": "Ausstellung"
  },
  {
    "labels": [
      {
        "aat_id": 300075767,
        "wd_id": "Q164419",
        "search_term": "Galerie",
        "confidence": 0.6433
      },
      {
        "wd_id": "Q1496790",
        "search_term": "Wallpavillon",
        "confidence": 0.6084
      },
      {
        "aat_id": 300005734,
        "wd_id": "Q16560",
        "search_term": "Palast",
        "confidence": 0.6274
      },
      {
        "aat_id": 300006819,
        "wd_id": "Q276173",
        "search_term": "Pavillon",
        "confidence": 0.6512
      },
      {
        "wd_id": "Q1431210",
        "search_term": "Foyer",
        "confidence": 0.6065
      }
    ],
    "start": 6952,
    "end": 6970,
    "found_term": "Ausstellungspalast"
  },
  {
    "labels": [
      {
        "aat_id": 300075767,
        "wd_id": "Q164419",
        "search_term": "Galerie",
        "confidence": 0.6076
      },
      {
        "wd_id": "Q110811156",
        "search_term": "Festhalle",
        "confidence": 0.6072
      },
      {
        "aat_id": 300006819,
        "wd_id": "Q276173",
        "search_term": "Pavillon",
        "confidence": 0.6301
      },
      {
        "wd_id": "Q1431210",
        "search_term": "Foyer",
        "confidence": 0.6297
      }
    ],
    "start": 7406,
    "end": 7424,
    "found_term": "Ausstellungshallen"
  },
  {
    "labels": [
      {
        "aat_id": 300075767,
        "wd_id": "Q164419",
        "search_term": "Galerie",
        "confidence": 0.6935
      }
    ],
    "start": 7428,
    "end": 7439,
    "found_term": "Ausstellung"
  },
  {
    "labels": [
      {
        "aat_id": 300075767,
        "wd_id": "Q164419",
        "search_term": "Galerie",
        "confidence": 0.6622
      }
    ],
    "start": 7672,
    "end": 7692,
    "found_term": "Kollektivausstellung"
  },
  {
    "labels": [
      {
        "aat_id": 300075767,
        "wd_id": "Q164419",
        "search_term": "Galerie",
        "confidence": 0.6935
      }
    ],
    "start": 7803,
    "end": 7814,
    "found_term": "Ausstellung"
  },
  {
    "labels": [
      {
        "aat_id": 300075767,
        "wd_id": "Q164419",
        "search_term": "Galerie",
        "confidence": 0.6935
      }
    ],
    "start": 9621,
    "end": 9632,
    "found_term": "Ausstellung"
  },
  {
    "labels": [
      {
        "aat_id": 300075767,
        "wd_id": "Q164419",
        "search_term": "Galerie",
        "confidence": 0.6935
      }
    ],
    "start": 10058,
    "end": 10069,
    "found_term": "Ausstellung"
  },
  {
    "labels": [
      {
        "aat_id": 300075767,
        "wd_id": "Q164419",
        "search_term": "Galerie",
        "confidence": 0.6935
      }
    ],
    "start": 10605,
    "end": 10616,
    "found_term": "Ausstellung"
  },
  {
    "labels": [
      {
        "aat_id": 300075767,
        "wd_id": "Q164419",
        "search_term": "Galerie",
        "confidence": 0.6935
      }
    ],
    "start": 10946,
    "end": 10957,
    "found_term": "Ausstellung"
  },
  {
    "labels": [
      {
        "aat_id": 300075767,
        "wd_id": "Q164419",
        "search_term": "Galerie",
        "confidence": 0.6935
      }
    ],
    "start": 15717,
    "end": 15728,
    "found_term": "Ausstellung"
  },
  {
    "labels": [
      {
        "wd_id": "Q1496790",
        "search_term": "Wallpavillon",
        "confidence": 0.639
      },
      {
        "aat_id": 300004188,
        "wd_id": "Q1125776",
        "search_term": "Gebäudetrakt",
        "confidence": 0.6234
      },
      {
        "wd_id": "Q1412205",
        "search_term": "Zeughaus",
        "confidence": 0.6419
      },
      {
        "aat_id": 300006054,
        "wd_id": "Q543654",
        "search_term": "Rathaus",
        "confidence": 0.6107
      },
      {
        "aat_id": 300006819,
        "wd_id": "Q276173",
        "search_term": "Pavillon",
        "confidence": 0.6424
      },
      {
        "aat_id": 300004792,
        "wd_id": "Q41176",
        "search_term": "Gebäude",
        "confidence": 0.6886
      },
      {
        "wd_id": "Q1431210",
        "search_term": "Foyer",
        "confidence": 0.6319
      }
    ],
    "start": 10332,
    "end": 10351,
    "found_term": "Ausstellungsgebäude"
  },
  {
    "labels": [
      {
        "wd_id": "Q1496790",
        "search_term": "Wallpavillon",
        "confidence": 0.6457
      },
      {
        "aat_id": 300004324,
        "wd_id": "Q2451751",
        "search_term": "Treppenhaus",
        "confidence": 0.6004
      },
      {
        "wd_id": "Q1627767",
        "search_term": "Laubengang",
        "confidence": 0.6998
      },
      {
        "aat_id": 300002704,
        "wd_id": "Q695992",
        "search_term": "Wandnische",
        "confidence": 0.6337
      }
    ],
    "start": 10765,
    "end": 10775,
    "found_term": "Wandelgang"
  },
  {
    "labels": [
      {
        "aat_id": 300008090,
        "wd_id": "Q1107656",
        "search_term": "Garten",
        "confidence": 0.816
      },
      {
        "aat_id": 300006804,
        "wd_id": "Q952885",
        "search_term": "Orangerie",
        "confidence": 0.634
      }
    ],
    "start": 6989,
    "end": 6996,
    "found_term": "Gartens"
  },
  {
    "labels": [
      {
        "aat_id": 300008090,
        "wd_id": "Q1107656",
        "search_term": "Garten",
        "confidence": 1.0
      },
      {
        "aat_id": 300006804,
        "wd_id": "Q952885",
        "search_term": "Orangerie",
        "confidence": 0.6468
      }
    ],
    "start": 11608,
    "end": 11614,
    "found_term": "Garten"
  },
  {
    "labels": [
      {
        "aat_id": 300005433,
        "wd_id": "Q3947",
        "search_term": "Haus",
        "confidence": 0.6104
      },
      {
        "aat_id": 300004188,
        "wd_id": "Q1125776",
        "search_term": "Gebäudetrakt",
        "confidence": 0.7553
      },
      {
        "aat_id": 300004324,
        "wd_id": "Q2451751",
        "search_term": "Treppenhaus",
        "confidence": 0.6247
      },
      {
        "aat_id": 300007117,
        "wd_id": "Q24354",
        "search_term": "Theatergebäude",
        "confidence": 0.6879
      },
      {
        "aat_id": 300002526,
        "wd_id": "Q183061",
        "search_term": "Fassade",
        "confidence": 0.6486
      },
      {
        "wd_id": "Q811438",
        "search_term": "Baukörper",
        "confidence": 0.62
      },
      {
        "wd_id": "Q63759229",
        "search_term": "Seitenflügel",
        "confidence": 0.6045
      },
      {
        "aat_id": 300265418,
        "wd_id": "Q811979",
        "search_term": "Bauwerk",
        "confidence": 0.7322
      },
      {
        "aat_id": 300004792,
        "wd_id": "Q41176",
        "search_term": "Gebäude",
        "confidence": 1.0
      },
      {
        "aat_id": 300007466,
        "wd_id": "Q16970",
        "search_term": "Kirchengebäude",
        "confidence": 0.6404
      },
      {
        "wd_id": "Q11755880",
        "search_term": "Wohngebäude",
        "confidence": 0.8091
      }
    ],
    "start": 1205,
    "end": 1212,
    "found_term": "Gebäude"
  },
  {
    "labels": [
      {
        "aat_id": 300005433,
        "wd_id": "Q3947",
        "search_term": "Haus",
        "confidence": 0.6104
      },
      {
        "aat_id": 300004188,
        "wd_id": "Q1125776",
        "search_term": "Gebäudetrakt",
        "confidence": 0.7553
      },
      {
        "aat_id": 300004324,
        "wd_id": "Q2451751",
        "search_term": "Treppenhaus",
        "confidence": 0.6247
      },
      {
        "aat_id": 300007117,
        "wd_id": "Q24354",
        "search_term": "Theatergebäude",
        "confidence": 0.6879
      },
      {
        "aat_id": 300002526,
        "wd_id": "Q183061",
        "search_term": "Fassade",
        "confidence": 0.6486
      },
      {
        "wd_id": "Q811438",
        "search_term": "Baukörper",
        "confidence": 0.62
      },
      {
        "wd_id": "Q63759229",
        "search_term": "Seitenflügel",
        "confidence": 0.6045
      },
      {
        "aat_id": 300265418,
        "wd_id": "Q811979",
        "search_term": "Bauwerk",
        "confidence": 0.7322
      },
      {
        "aat_id": 300004792,
        "wd_id": "Q41176",
        "search_term": "Gebäude",
        "confidence": 1.0
      },
      {
        "aat_id": 300007466,
        "wd_id": "Q16970",
        "search_term": "Kirchengebäude",
        "confidence": 0.6404
      },
      {
        "wd_id": "Q11755880",
        "search_term": "Wohngebäude",
        "confidence": 0.8091
      }
    ],
    "start": 5328,
    "end": 5335,
    "found_term": "Gebäude"
  },
  {
    "labels": [
      {
        "aat_id": 300005433,
        "wd_id": "Q3947",
        "search_term": "Haus",
        "confidence": 0.6104
      },
      {
        "aat_id": 300004188,
        "wd_id": "Q1125776",
        "search_term": "Gebäudetrakt",
        "confidence": 0.7553
      },
      {
        "aat_id": 300004324,
        "wd_id": "Q2451751",
        "search_term": "Treppenhaus",
        "confidence": 0.6247
      },
      {
        "aat_id": 300007117,
        "wd_id": "Q24354",
        "search_term": "Theatergebäude",
        "confidence": 0.6879
      },
      {
        "aat_id": 300002526,
        "wd_id": "Q183061",
        "search_term": "Fassade",
        "confidence": 0.6486
      },
      {
        "wd_id": "Q811438",
        "search_term": "Baukörper",
        "confidence": 0.62
      },
      {
        "wd_id": "Q63759229",
        "search_term": "Seitenflügel",
        "confidence": 0.6045
      },
      {
        "aat_id": 300265418,
        "wd_id": "Q811979",
        "search_term": "Bauwerk",
        "confidence": 0.7322
      },
      {
        "aat_id": 300004792,
        "wd_id": "Q41176",
        "search_term": "Gebäude",
        "confidence": 1.0
      },
      {
        "aat_id": 300007466,
        "wd_id": "Q16970",
        "search_term": "Kirchengebäude",
        "confidence": 0.6404
      },
      {
        "wd_id": "Q11755880",
        "search_term": "Wohngebäude",
        "confidence": 0.8091
      }
    ],
    "start": 8915,
    "end": 8922,
    "found_term": "Gebäude"
  },
  {
    "labels": [
      {
        "wd_id": "Q3476515",
        "search_term": "Bauplastik",
        "confidence": 0.6167
      }
    ],
    "start": 10305,
    "end": 10316,
    "found_term": "Architektur"
  },
  {
    "labels": [
      {
        "wd_id": "Q82383",
        "search_term": "Basis",
        "confidence": 1.0
      }
    ],
    "start": 3844,
    "end": 3849,
    "found_term": "Basis"
  },
  {
    "labels": [
      {
        "wd_id": "Q82383",
        "search_term": "Basis",
        "confidence": 0.6363
      }
    ],
    "start": 7218,
    "end": 7227,
    "found_term": "Grundlage"
  },
  {
    "labels": [
      {
        "aat_id": 300008304,
        "wd_id": "Q174782",
        "search_term": "Platz",
        "confidence": 1.0
      }
    ],
    "start": 8366,
    "end": 8371,
    "found_term": "Platz"
  },
  {
    "labels": [
      {
        "aat_id": 300008304,
        "wd_id": "Q174782",
        "search_term": "Platz",
        "confidence": 1.0
      }
    ],
    "start": 8900,
    "end": 8905,
    "found_term": "Platz"
  },
  {
    "labels": [
      {
        "aat_id": 300008304,
        "wd_id": "Q174782",
        "search_term": "Platz",
        "confidence": 1.0
      }
    ],
    "start": 10622,
    "end": 10627,
    "found_term": "Platz"
  },
  {
    "labels": [
      {
        "aat_id": 300004188,
        "wd_id": "Q1125776",
        "search_term": "Gebäudetrakt",
        "confidence": 0.6363
      },
      {
        "aat_id": 300004792,
        "wd_id": "Q41176",
        "search_term": "Gebäude",
        "confidence": 0.7669
      },
      {
        "wd_id": "Q11755880",
        "search_term": "Wohngebäude",
        "confidence": 0.7032
      }
    ],
    "start": 6815,
    "end": 6823,
    "found_term": "Gebäuden"
  },
  {
    "labels": [
      {
        "aat_id": 300004188,
        "wd_id": "Q1125776",
        "search_term": "Gebäudetrakt",
        "confidence": 0.8175
      },
      {
        "wd_id": "Q2202145",
        "search_term": "Neubau",
        "confidence": 0.636
      },
      {
        "aat_id": 300002526,
        "wd_id": "Q183061",
        "search_term": "Fassade",
        "confidence": 0.6353
      },
      {
        "wd_id": "Q811438",
        "search_term": "Baukörper",
        "confidence": 0.6775
      },
      {
        "wd_id": "Q63759229",
        "search_term": "Seitenflügel",
        "confidence": 0.6357
      },
      {
        "aat_id": 300004792,
        "wd_id": "Q41176",
        "search_term": "Gebäude",
        "confidence": 0.8297
      },
      {
        "wd_id": "Q11755880",
        "search_term": "Wohngebäude",
        "confidence": 0.6944
      }
    ],
    "start": 8321,
    "end": 8335,
    "found_term": "Gebäudekomplex"
  },
  {
    "labels": [
      {
        "aat_id": 300004188,
        "wd_id": "Q1125776",
        "search_term": "Gebäudetrakt",
        "confidence": 0.6512
      }
    ],
    "start": 9086,
    "end": 9091,
    "found_term": "Räume"
  },
  {
    "labels": [
      {
        "aat_id": 300004514,
        "wd_id": "Q43164",
        "search_term": "Küche",
        "confidence": 1.0
      }
    ],
    "start": 9131,
    "end": 9136,
    "found_term": "küche"
  },
  {
    "labels": [
      {
        "wd_id": "Q747567",
        "search_term": "Risalit",
        "confidence": 0.6195
      },
      {
        "wd_id": "Q811438",
        "search_term": "Baukörper",
        "confidence": 0.6064
      },
      {
        "aat_id": 300264605,
        "wd_id": "Q29052406",
        "search_term": "Pfeiler",
        "confidence": 0.6078
      },
      {
        "aat_id": 300001788,
        "wd_id": "Q328092",
        "search_term": "Gesims",
        "confidence": 0.6173
      },
      {
        "aat_id": 300002737,
        "wd_id": "Q175112",
        "search_term": "Pilaster",
        "confidence": 0.6646
      }
    ],
    "start": 10791,
    "end": 10807,
    "found_term": "säulengestützten"
  },
  {
    "labels": [
      {
        "aat_id": 300008389,
        "wd_id": "Q515",
        "search_term": "Stadt",
        "confidence": 1.0
      }
    ],
    "start": 1360,
    "end": 1365,
    "found_term": "Stadt"
  },
  {
    "labels": [
      {
        "aat_id": 300008389,
        "wd_id": "Q515",
        "search_term": "Stadt",
        "confidence": 0.7255
      }
    ],
    "start": 7661,
    "end": 7667,
    "found_term": "Städte"
  },
  {
    "labels": [
      {
        "aat_id": 300008389,
        "wd_id": "Q515",
        "search_term": "Stadt",
        "confidence": 1.0
      }
    ],
    "start": 12998,
    "end": 13003,
    "found_term": "Stadt"
  },
  {
    "labels": [
      {
        "aat_id": 300008389,
        "wd_id": "Q515",
        "search_term": "Stadt",
        "confidence": 1.0
      }
    ],
    "start": 14960,
    "end": 14965,
    "found_term": "Stadt"
  },
  {
    "labels": [
      {
        "aat_id": 300008389,
        "wd_id": "Q515",
        "search_term": "Stadt",
        "confidence": 1.0
      }
    ],
    "start": 15307,
    "end": 15312,
    "found_term": "Stadt"
  },
  {
    "labels": [
      {
        "aat_id": 300008389,
        "wd_id": "Q515",
        "search_term": "Stadt",
        "confidence": 1.0
      }
    ],
    "start": 15349,
    "end": 15354,
    "found_term": "Stadt"
  },
  {
    "labels": [
      {
        "aat_id": 300008389,
        "wd_id": "Q515",
        "search_term": "Stadt",
        "confidence": 1.0
      }
    ],
    "start": 15429,
    "end": 15434,
    "found_term": "Stadt"
  },
  {
    "labels": [
      {
        "aat_id": 300008389,
        "wd_id": "Q515",
        "search_term": "Stadt",
        "confidence": 1.0
      }
    ],
    "start": 15498,
    "end": 15503,
    "found_term": "Stadt"
  },
  {
    "labels": [
      {
        "aat_id": 300001324,
        "wd_id": "Q189771",
        "search_term": "Gewölbe",
        "confidence": 0.6545
      },
      {
        "aat_id": 300002704,
        "wd_id": "Q695992",
        "search_term": "Wandnische",
        "confidence": 0.6353
      },
      {
        "aat_id": 300002060,
        "wd_id": "Q217164",
        "search_term": "Fußboden",
        "confidence": 0.7097
      },
      {
        "aat_id": 300002268,
        "wd_id": "Q163972",
        "search_term": "Dachtraufe",
        "confidence": 0.6166
      }
    ],
    "start": 10737,
    "end": 10743,
    "found_term": "Wänden"
  },
  {
    "labels": [
      {
        "wd_id": "Q2202145",
        "search_term": "Neubau",
        "confidence": 0.7256
      }
    ],
    "start": 1378,
    "end": 1381,
    "found_term": "Bau"
  },
  {
    "labels": [
      {
        "wd_id": "Q2202145",
        "search_term": "Neubau",
        "confidence": 0.6341
      }
    ],
    "start": 9982,
    "end": 10002,
    "found_term": "Renovierungsarbeiten"
  },
  {
    "labels": [
      {
        "aat_id": 300006054,
        "wd_id": "Q543654",
        "search_term": "Rathaus",
        "confidence": 0.6467
      },
      {
        "wd_id": "Q110811156",
        "search_term": "Festhalle",
        "confidence": 0.7468
      }
    ],
    "start": 8932,
    "end": 8942,
    "found_term": "Stadthalle"
  },
  {
    "labels": [
      {
        "aat_id": 300002526,
        "wd_id": "Q183061",
        "search_term": "Fassade",
        "confidence": 0.6134
      },
      {
        "aat_id": 300002268,
        "wd_id": "Q163972",
        "search_term": "Dachtraufe",
        "confidence": 0.6588
      }
    ],
    "start": 10511,
    "end": 10517,
    "found_term": "Dächer"
  },
  {
    "labels": [
      {
        "aat_id": 300002526,
        "wd_id": "Q183061",
        "search_term": "Fassade",
        "confidence": 0.6769
      },
      {
        "wd_id": "Q811438",
        "search_term": "Baukörper",
        "confidence": 0.6774
      },
      {
        "aat_id": 300002704,
        "wd_id": "Q695992",
        "search_term": "Wandnische",
        "confidence": 0.6232
      },
      {
        "aat_id": 300001788,
        "wd_id": "Q328092",
        "search_term": "Gesims",
        "confidence": 0.6364
      },
      {
        "aat_id": 300002737,
        "wd_id": "Q175112",
        "search_term": "Pilaster",
        "confidence": 0.659
      },
      {
        "aat_id": 300002268,
        "wd_id": "Q163972",
        "search_term": "Dachtraufe",
        "confidence": 0.646
      }
    ],
    "start": 10724,
    "end": 10736,
    "found_term": "schmucklosen"
  },
  {
    "labels": [
      {
        "aat_id": 300004044,
        "wd_id": "Q180516",
        "search_term": "Zimmer",
        "confidence": 0.7088
      }
    ],
    "start": 8763,
    "end": 8770,
    "found_term": "Wohnung"
  },
  {
    "labels": [
      {
        "aat_id": 300007836,
        "wd_id": "Q12280",
        "search_term": "Brücke",
        "confidence": 0.8454
      }
    ],
    "start": 11093,
    "end": 11108,
    "found_term": "Fußgängerbrücke"
  },
  {
    "labels": [
      {
        "aat_id": 300007836,
        "wd_id": "Q12280",
        "search_term": "Brücke",
        "confidence": 0.6437
      }
    ],
    "start": 11740,
    "end": 11747,
    "found_term": "Querung"
  },
  {
    "labels": [
      {
        "wd_id": "Q267390",
        "search_term": "Taschenbergpalais",
        "confidence": 0.6165
      }
    ],
    "start": 7039,
    "end": 7052,
    "found_term": "Herkulesallee"
  },
  {
    "labels": [
      {
        "wd_id": "Q240854",
        "search_term": "Halle",
        "confidence": 0.6188
      }
    ],
    "start": 8601,
    "end": 8607,
    "found_term": "Hallen"
  }
]