[
  {
    "labels": [
      {
        "wd_id": "Q1251403",
        "search_term": "Gasse",
        "confidence": 0.6025
      }
    ],
    "start": 793,
    "end": 804,
    "found_term": "Jüdenstraße"
  },
  {
    "labels": [
      {
        "aat_id": 300417950,
        "wd_id": "Q17489160",
        "search_term": "Büste",
        "confidence": 0.658
      },
      {
        "aat_id": 300005923,
        "wd_id": "Q203443",
        "search_term": "Grabstein",
        "confidence": 0.6162
      }
    ],
    "start": 781,
    "end": 792,
    "found_term": "Gedenktafel"
  },
  {
    "labels": [
      {
        "wd_id": "Q3476515",
        "search_term": "Bauplastik",
        "confidence": 0.6386
      }
    ],
    "start": 2774,
    "end": 2782,
    "found_term": "Baukunst"
  },
  {
    "labels": [
      {
        "wd_id": "Q3476515",
        "search_term": "Bauplastik",
        "confidence": 0.6386
      }
    ],
    "start": 6242,
    "end": 6250,
    "found_term": "Baukunst"
  },
  {
    "labels": [
      {
        "aat_id": 300004188,
        "wd_id": "Q1125776",
        "search_term": "Gebäudetrakt",
        "confidence": 0.6631
      },
      {
        "wd_id": "Q2202145",
        "search_term": "Neubau",
        "confidence": 0.6578
      },
      {
        "wd_id": "Q811438",
        "search_term": "Baukörper",
        "confidence": 0.6534
      },
      {
        "aat_id": 300004792,
        "wd_id": "Q41176",
        "search_term": "Gebäude",
        "confidence": 0.6066
      }
    ],
    "start": 3449,
    "end": 3457,
    "found_term": "Zubauten"
  },
  {
    "labels": [
      {
        "aat_id": 300005738,
        "wd_id": "Q751876",
        "search_term": "Schloss",
        "confidence": 0.7132
      }
    ],
    "start": 6597,
    "end": 6603,
    "found_term": "Schloß"
  },
  {
    "labels": [
      {
        "wd_id": "Q2202145",
        "search_term": "Neubau",
        "confidence": 0.6477
      }
    ],
    "start": 406,
    "end": 418,
    "found_term": "Wiederaufbau"
  },
  {
    "labels": [
      {
        "wd_id": "Q2202145",
        "search_term": "Neubau",
        "confidence": 0.7641
      }
    ],
    "start": 3096,
    "end": 3101,
    "found_term": "Umbau"
  },
  {
    "labels": [
      {
        "wd_id": "Q2202145",
        "search_term": "Neubau",
        "confidence": 0.6477
      }
    ],
    "start": 3758,
    "end": 3770,
    "found_term": "Wiederaufbau"
  },
  {
    "labels": [
      {
        "aat_id": 300005923,
        "wd_id": "Q203443",
        "search_term": "Grabstein",
        "confidence": 0.6726
      }
    ],
    "start": 1608,
    "end": 1621,
    "found_term": "Stadtfriedhof"
  },
  {
    "labels": [
      {
        "aat_id": 300005923,
        "wd_id": "Q203443",
        "search_term": "Grabstein",
        "confidence": 0.6823
      }
    ],
    "start": 1622,
    "end": 1630,
    "found_term": "beerdigt"
  },
  {
    "labels": [
      {
        "aat_id": 300005923,
        "wd_id": "Q203443",
        "search_term": "Grabstein",
        "confidence": 0.6944
      }
    ],
    "start": 2863,
    "end": 2867,
    "found_term": "Grab"
  },
  {
    "labels": [
      {
        "aat_id": 300005923,
        "wd_id": "Q203443",
        "search_term": "Grabstein",
        "confidence": 0.6726
      }
    ],
    "start": 2884,
    "end": 2897,
    "found_term": "Stadtfriedhof"
  },
  {
    "labels": [
      {
        "aat_id": 300265418,
        "wd_id": "Q811979",
        "search_term": "Bauwerk",
        "confidence": 0.7009
      }
    ],
    "start": 326,
    "end": 335,
    "found_term": "Bauwerken"
  },
  {
    "labels": [
      {
        "aat_id": 300265418,
        "wd_id": "Q811979",
        "search_term": "Bauwerk",
        "confidence": 0.6215
      },
      {
        "aat_id": 300004792,
        "wd_id": "Q41176",
        "search_term": "Gebäude",
        "confidence": 0.6011
      }
    ],
    "start": 2462,
    "end": 2475,
    "found_term": "Denkmalschutz"
  },
  {
    "labels": [
      {
        "aat_id": 300265418,
        "wd_id": "Q811979",
        "search_term": "Bauwerk",
        "confidence": 0.6215
      },
      {
        "aat_id": 300004792,
        "wd_id": "Q41176",
        "search_term": "Gebäude",
        "confidence": 0.6011
      }
    ],
    "start": 2508,
    "end": 2521,
    "found_term": "Denkmalschutz"
  },
  {
    "labels": [
      {
        "aat_id": 300265418,
        "wd_id": "Q811979",
        "search_term": "Bauwerk",
        "confidence": 0.6215
      },
      {
        "aat_id": 300004792,
        "wd_id": "Q41176",
        "search_term": "Gebäude",
        "confidence": 0.6011
      }
    ],
    "start": 6745,
    "end": 6758,
    "found_term": "Denkmalschutz"
  },
  {
    "labels": [
      {
        "aat_id": 300265418,
        "wd_id": "Q811979",
        "search_term": "Bauwerk",
        "confidence": 0.6215
      },
      {
        "aat_id": 300004792,
        "wd_id": "Q41176",
        "search_term": "Gebäude",
        "confidence": 0.6011
      }
    ],
    "start": 10523,
    "end": 10536,
    "found_term": "Denkmalschutz"
  },
  {
    "labels": [
      {
        "aat_id": 300076641,
        "wd_id": "Q854429",
        "search_term": "Portal",
        "confidence": 0.7379
      }
    ],
    "start": 11036,
    "end": 11048,
    "found_term": "Themenportal"
  },
  {
    "labels": [
      {
        "wd_id": "Q11755880",
        "search_term": "Wohngebäude",
        "confidence": 0.6747
      }
    ],
    "start": 9035,
    "end": 9041,
    "found_term": "Häuser"
  }
]