[
  {
    "labels": [
      {
        "wd_id": "Q1251403",
        "search_term": "Gasse",
        "confidence": 0.6207
      }
    ],
    "start": 30374,
    "end": 30380,
    "found_term": "Straße"
  },
  {
    "labels": [
      {
        "aat_id": 300005734,
        "wd_id": "Q16560",
        "search_term": "Palast",
        "confidence": 1.0
      },
      {
        "aat_id": 300005512,
        "wd_id": "Q2651004",
        "search_term": "Palazzo",
        "confidence": 0.6001
      }
    ],
    "start": 30416,
    "end": 30422,
    "found_term": "Palast"
  },
  {
    "labels": [
      {
        "aat_id": 300417950,
        "wd_id": "Q17489160",
        "search_term": "Büste",
        "confidence": 0.6699
      },
      {
        "aat_id": 300047600,
        "wd_id": "Q179700",
        "search_term": "Statue",
        "confidence": 0.6271
      }
    ],
    "start": 29393,
    "end": 29400,
    "found_term": "Bildnis"
  },
  {
    "labels": [
      {
        "aat_id": 300005433,
        "wd_id": "Q3947",
        "search_term": "Haus",
        "confidence": 1.0
      },
      {
        "aat_id": 300004792,
        "wd_id": "Q41176",
        "search_term": "Gebäude",
        "confidence": 0.6104
      }
    ],
    "start": 31751,
    "end": 31755,
    "found_term": "Haus"
  },
  {
    "labels": [
      {
        "wd_id": "Q1180262",
        "search_term": "Residenzstadt",
        "confidence": 0.6023
      }
    ],
    "start": 7764,
    "end": 7774,
    "found_term": "Hauptstadt"
  },
  {
    "labels": [
      {
        "wd_id": "Q1180262",
        "search_term": "Residenzstadt",
        "confidence": 0.6023
      }
    ],
    "start": 44508,
    "end": 44518,
    "found_term": "Hauptstadt"
  },
  {
    "labels": [
      {
        "aat_id": 300004188,
        "wd_id": "Q1125776",
        "search_term": "Gebäudetrakt",
        "confidence": 0.6562
      },
      {
        "wd_id": "Q2202145",
        "search_term": "Neubau",
        "confidence": 0.6674
      },
      {
        "aat_id": 300004792,
        "wd_id": "Q41176",
        "search_term": "Gebäude",
        "confidence": 0.645
      }
    ],
    "start": 29547,
    "end": 29560,
    "found_term": "Schulgebäudes"
  },
  {
    "labels": [
      {
        "aat_id": 300004188,
        "wd_id": "Q1125776",
        "search_term": "Gebäudetrakt",
        "confidence": 0.6066
      },
      {
        "aat_id": 300004792,
        "wd_id": "Q41176",
        "search_term": "Gebäude",
        "confidence": 0.677
      },
      {
        "wd_id": "Q11755880",
        "search_term": "Wohngebäude",
        "confidence": 0.6232
      }
    ],
    "start": 31171,
    "end": 31188,
    "found_term": "Staatsratsgebäude"
  },
  {
    "labels": [
      {
        "aat_id": 300007117,
        "wd_id": "Q24354",
        "search_term": "Theatergebäude",
        "confidence": 0.6505
      },
      {
        "wd_id": "Q1395899",
        "search_term": "Hoftheater",
        "confidence": 0.7312
      }
    ],
    "start": 29669,
    "end": 29684,
    "found_term": "Nationaltheater"
  },
  {
    "labels": [
      {
        "aat_id": 300008389,
        "wd_id": "Q515",
        "search_term": "Stadt",
        "confidence": 1.0
      }
    ],
    "start": 11614,
    "end": 11619,
    "found_term": "Stadt"
  },
  {
    "labels": [
      {
        "aat_id": 300008389,
        "wd_id": "Q515",
        "search_term": "Stadt",
        "confidence": 0.6738
      }
    ],
    "start": 37313,
    "end": 37320,
    "found_term": "Städten"
  },
  {
    "labels": [
      {
        "wd_id": "Q1412205",
        "search_term": "Zeughaus",
        "confidence": 1.0
      },
      {
        "aat_id": 300006054,
        "wd_id": "Q543654",
        "search_term": "Rathaus",
        "confidence": 0.6095
      }
    ],
    "start": 30474,
    "end": 30482,
    "found_term": "Zeughaus"
  },
  {
    "labels": [
      {
        "wd_id": "Q1412205",
        "search_term": "Zeughaus",
        "confidence": 0.6095
      },
      {
        "aat_id": 300006054,
        "wd_id": "Q543654",
        "search_term": "Rathaus",
        "confidence": 1.0
      }
    ],
    "start": 30542,
    "end": 30549,
    "found_term": "Rathaus"
  },
  {
    "labels": [
      {
        "aat_id": 300002916,
        "wd_id": "Q53060",
        "search_term": "Tor",
        "confidence": 1.0
      }
    ],
    "start": 30659,
    "end": 30662,
    "found_term": "Tor"
  },
  {
    "labels": [
      {
        "aat_id": 300002916,
        "wd_id": "Q53060",
        "search_term": "Tor",
        "confidence": 0.7438
      }
    ],
    "start": 31328,
    "end": 31333,
    "found_term": "Tores"
  },
  {
    "labels": [
      {
        "aat_id": 300002916,
        "wd_id": "Q53060",
        "search_term": "Tor",
        "confidence": 1.0
      }
    ],
    "start": 31501,
    "end": 31504,
    "found_term": "Tor"
  },
  {
    "labels": [
      {
        "aat_id": 300002916,
        "wd_id": "Q53060",
        "search_term": "Tor",
        "confidence": 1.0
      }
    ],
    "start": 31573,
    "end": 31576,
    "found_term": "Tor"
  },
  {
    "labels": [
      {
        "wd_id": "Q2202145",
        "search_term": "Neubau",
        "confidence": 0.6477
      }
    ],
    "start": 33308,
    "end": 33320,
    "found_term": "Wiederaufbau"
  },
  {
    "labels": [
      {
        "aat_id": 300002469,
        "wd_id": "Q42948",
        "search_term": "Mauer",
        "confidence": 0.6285
      }
    ],
    "start": 32759,
    "end": 32770,
    "found_term": "Betonmauern"
  },
  {
    "labels": [
      {
        "aat_id": 300004792,
        "wd_id": "Q41176",
        "search_term": "Gebäude",
        "confidence": 0.6184
      },
      {
        "wd_id": "Q11755880",
        "search_term": "Wohngebäude",
        "confidence": 0.7045
      }
    ],
    "start": 2276,
    "end": 2285,
    "found_term": "Wohnungen"
  },
  {
    "labels": [
      {
        "aat_id": 300001788,
        "wd_id": "Q328092",
        "search_term": "Gesims",
        "confidence": 0.6083
      },
      {
        "aat_id": 300002737,
        "wd_id": "Q175112",
        "search_term": "Pilaster",
        "confidence": 0.6039
      }
    ],
    "start": 12762,
    "end": 12773,
    "found_term": "umlaufenden"
  },
  {
    "labels": [
      {
        "aat_id": 300001788,
        "wd_id": "Q328092",
        "search_term": "Gesims",
        "confidence": 0.6083
      },
      {
        "aat_id": 300002737,
        "wd_id": "Q175112",
        "search_term": "Pilaster",
        "confidence": 0.6039
      }
    ],
    "start": 13905,
    "end": 13916,
    "found_term": "umlaufenden"
  },
  {
    "labels": [
      {
        "aat_id": 300001788,
        "wd_id": "Q328092",
        "search_term": "Gesims",
        "confidence": 0.6083
      },
      {
        "aat_id": 300002737,
        "wd_id": "Q175112",
        "search_term": "Pilaster",
        "confidence": 0.6039
      }
    ],
    "start": 14307,
    "end": 14318,
    "found_term": "umlaufenden"
  },
  {
    "labels": [
      {
        "aat_id": 300001788,
        "wd_id": "Q328092",
        "search_term": "Gesims",
        "confidence": 0.6083
      },
      {
        "aat_id": 300002737,
        "wd_id": "Q175112",
        "search_term": "Pilaster",
        "confidence": 0.6039
      }
    ],
    "start": 17361,
    "end": 17372,
    "found_term": "umlaufenden"
  },
  {
    "labels": [
      {
        "aat_id": 300001788,
        "wd_id": "Q328092",
        "search_term": "Gesims",
        "confidence": 0.6083
      },
      {
        "aat_id": 300002737,
        "wd_id": "Q175112",
        "search_term": "Pilaster",
        "confidence": 0.6039
      }
    ],
    "start": 30249,
    "end": 30260,
    "found_term": "umlaufenden"
  },
  {
    "labels": [
      {
        "aat_id": 300002737,
        "wd_id": "Q175112",
        "search_term": "Pilaster",
        "confidence": 0.6081
      }
    ],
    "start": 21029,
    "end": 21038,
    "found_term": "flankiert"
  },
  {
    "labels": [
      {
        "wd_id": "Q11755880",
        "search_term": "Wohngebäude",
        "confidence": 0.6024
      }
    ],
    "start": 30863,
    "end": 30873,
    "found_term": "Wohngebiet"
  }
]