[
  {
    "labels": [
      {
        "aat_id": 300378890,
        "wd_id": "Q34132",
        "search_term": "Zylinder",
        "confidence": 0.6135
      }
    ],
    "start": 1978,
    "end": 1990,
    "found_term": "aufgebohrten"
  },
  {
    "labels": [
      {
        "aat_id": 300008389,
        "wd_id": "Q515",
        "search_term": "Stadt",
        "confidence": 0.6027
      }
    ],
    "start": 1246,
    "end": 1254,
    "found_term": "Altstadt"
  },
  {
    "labels": [
      {
        "aat_id": 300008389,
        "wd_id": "Q515",
        "search_term": "Stadt",
        "confidence": 1.0
      }
    ],
    "start": 1403,
    "end": 1408,
    "found_term": "Stadt"
  },
  {
    "labels": [
      {
        "aat_id": 300008389,
        "wd_id": "Q515",
        "search_term": "Stadt",
        "confidence": 0.605
      }
    ],
    "start": 1497,
    "end": 1508,
    "found_term": "Stadtgebiet"
  },
  {
    "labels": [
      {
        "aat_id": 300008389,
        "wd_id": "Q515",
        "search_term": "Stadt",
        "confidence": 1.0
      }
    ],
    "start": 1638,
    "end": 1643,
    "found_term": "Stadt"
  },
  {
    "labels": [
      {
        "aat_id": 300008389,
        "wd_id": "Q515",
        "search_term": "Stadt",
        "confidence": 1.0
      }
    ],
    "start": 1712,
    "end": 1717,
    "found_term": "Stadt"
  },
  {
    "labels": [
      {
        "wd_id": "Q13226383",
        "search_term": "Anlage",
        "confidence": 0.7788
      }
    ],
    "start": 28,
    "end": 35,
    "found_term": "Anlagen"
  },
  {
    "labels": [
      {
        "wd_id": "Q13226383",
        "search_term": "Anlage",
        "confidence": 0.7788
      }
    ],
    "start": 186,
    "end": 193,
    "found_term": "Anlagen"
  },
  {
    "labels": [
      {
        "wd_id": "Q13226383",
        "search_term": "Anlage",
        "confidence": 0.7788
      }
    ],
    "start": 576,
    "end": 583,
    "found_term": "Anlagen"
  },
  {
    "labels": [
      {
        "wd_id": "Q13226383",
        "search_term": "Anlage",
        "confidence": 0.7788
      }
    ],
    "start": 937,
    "end": 944,
    "found_term": "Anlagen"
  },
  {
    "labels": [
      {
        "wd_id": "Q309250",
        "search_term": "Hof",
        "confidence": 0.692
      }
    ],
    "start": 1233,
    "end": 1238,
    "found_term": "Höfen"
  },
  {
    "labels": [
      {
        "wd_id": "Q309250",
        "search_term": "Hof",
        "confidence": 1.0
      }
    ],
    "start": 1644,
    "end": 1647,
    "found_term": "Hof"
  },
  {
    "labels": [
      {
        "aat_id": 300002916,
        "wd_id": "Q53060",
        "search_term": "Tor",
        "confidence": 1.0
      }
    ],
    "start": 145,
    "end": 148,
    "found_term": "Tor"
  },
  {
    "labels": [
      {
        "aat_id": 300002704,
        "wd_id": "Q695992",
        "search_term": "Wandnische",
        "confidence": 0.6216
      }
    ],
    "start": 1684,
    "end": 1692,
    "found_term": "hölzerne"
  },
  {
    "labels": [
      {
        "aat_id": 300265418,
        "wd_id": "Q811979",
        "search_term": "Bauwerk",
        "confidence": 0.6486
      },
      {
        "aat_id": 300007466,
        "wd_id": "Q16970",
        "search_term": "Kirchengebäude",
        "confidence": 0.6223
      }
    ],
    "start": 2313,
    "end": 2323,
    "found_term": "Baudenkmal"
  },
  {
    "labels": [
      {
        "aat_id": 300006179,
        "wd_id": "Q483453",
        "search_term": "Zierbrunnen",
        "confidence": 0.8356
      }
    ],
    "start": 1477,
    "end": 1484,
    "found_term": "Brunnen"
  },
  {
    "labels": [
      {
        "wd_id": "Q240854",
        "search_term": "Halle",
        "confidence": 0.6146
      }
    ],
    "start": 112,
    "end": 122,
    "found_term": "Wittenberg"
  },
  {
    "labels": [
      {
        "wd_id": "Q240854",
        "search_term": "Halle",
        "confidence": 0.6146
      }
    ],
    "start": 1008,
    "end": 1018,
    "found_term": "Wittenberg"
  }
]