[
  {
    "labels": [
      {
        "aat_id": 300001749,
        "wd_id": "Q268205",
        "search_term": "Plinthe",
        "confidence": 0.6304
      },
      {
        "aat_id": 300002944,
        "wd_id": "Q35473",
        "search_term": "Fenster",
        "confidence": 0.6117
      },
      {
        "wd_id": "Q747567",
        "search_term": "Risalit",
        "confidence": 0.8051
      },
      {
        "aat_id": 300004324,
        "wd_id": "Q2451751",
        "search_term": "Treppenhaus",
        "confidence": 0.6569
      },
      {
        "aat_id": 300002667,
        "wd_id": "Q831691",
        "search_term": "Geschoss",
        "confidence": 0.6105
      },
      {
        "aat_id": 300001324,
        "wd_id": "Q189771",
        "search_term": "Gewölbe",
        "confidence": 0.6683
      },
      {
        "aat_id": 300002674,
        "wd_id": "Q958148",
        "search_term": "Mezzanin",
        "confidence": 0.6152
      },
      {
        "aat_id": 300002526,
        "wd_id": "Q183061",
        "search_term": "Fassade",
        "confidence": 0.7409
      },
      {
        "wd_id": "Q811438",
        "search_term": "Baukörper",
        "confidence": 0.675
      },
      {
        "aat_id": 300264605,
        "wd_id": "Q29052406",
        "search_term": "Pfeiler",
        "confidence": 0.6606
      },
      {
        "wd_id": "Q63759229",
        "search_term": "Seitenflügel",
        "confidence": 0.6595
      },
      {
        "wd_id": "Q1501427",
        "search_term": "Oktogon",
        "confidence": 0.6219
      },
      {
        "aat_id": 300002704,
        "wd_id": "Q695992",
        "search_term": "Wandnische",
        "confidence": 0.6995
      },
      {
        "aat_id": 300001788,
        "wd_id": "Q328092",
        "search_term": "Gesims",
        "confidence": 0.86
      },
      {
        "aat_id": 300002737,
        "wd_id": "Q175112",
        "search_term": "Pilaster",
        "confidence": 1.0
      },
      {
        "aat_id": 300002580,
        "wd_id": "Q186637",
        "search_term": "Arkade",
        "confidence": 0.7437
      },
      {
        "aat_id": 300002268,
        "wd_id": "Q163972",
        "search_term": "Dachtraufe",
        "confidence": 0.7299
      }
    ],
    "start": 65,
    "end": 73,
    "found_term": "Pilaster"
  },
  {
    "labels": [
      {
        "aat_id": 300001749,
        "wd_id": "Q268205",
        "search_term": "Plinthe",
        "confidence": 0.6304
      },
      {
        "aat_id": 300002944,
        "wd_id": "Q35473",
        "search_term": "Fenster",
        "confidence": 0.6117
      },
      {
        "wd_id": "Q747567",
        "search_term": "Risalit",
        "confidence": 0.8051
      },
      {
        "aat_id": 300004324,
        "wd_id": "Q2451751",
        "search_term": "Treppenhaus",
        "confidence": 0.6569
      },
      {
        "aat_id": 300002667,
        "wd_id": "Q831691",
        "search_term": "Geschoss",
        "confidence": 0.6105
      },
      {
        "aat_id": 300001324,
        "wd_id": "Q189771",
        "search_term": "Gewölbe",
        "confidence": 0.6683
      },
      {
        "aat_id": 300002674,
        "wd_id": "Q958148",
        "search_term": "Mezzanin",
        "confidence": 0.6152
      },
      {
        "aat_id": 300002526,
        "wd_id": "Q183061",
        "search_term": "Fassade",
        "confidence": 0.7409
      },
      {
        "wd_id": "Q811438",
        "search_term": "Baukörper",
        "confidence": 0.675
      },
      {
        "aat_id": 300264605,
        "wd_id": "Q29052406",
        "search_term": "Pfeiler",
        "confidence": 0.6606
      },
      {
        "wd_id": "Q63759229",
        "search_term": "Seitenflügel",
        "confidence": 0.6595
      },
      {
        "wd_id": "Q1501427",
        "search_term": "Oktogon",
        "confidence": 0.6219
      },
      {
        "aat_id": 300002704,
        "wd_id": "Q695992",
        "search_term": "Wandnische",
        "confidence": 0.6995
      },
      {
        "aat_id": 300001788,
        "wd_id": "Q328092",
        "search_term": "Gesims",
        "confidence": 0.86
      },
      {
        "aat_id": 300002737,
        "wd_id": "Q175112",
        "search_term": "Pilaster",
        "confidence": 1.0
      },
      {
        "aat_id": 300002580,
        "wd_id": "Q186637",
        "search_term": "Arkade",
        "confidence": 0.7437
      },
      {
        "aat_id": 300002268,
        "wd_id": "Q163972",
        "search_term": "Dachtraufe",
        "confidence": 0.7299
      }
    ],
    "start": 197,
    "end": 205,
    "found_term": "Pilaster"
  },
  {
    "labels": [
      {
        "aat_id": 300001749,
        "wd_id": "Q268205",
        "search_term": "Plinthe",
        "confidence": 0.6304
      },
      {
        "aat_id": 300002944,
        "wd_id": "Q35473",
        "search_term": "Fenster",
        "confidence": 0.6117
      },
      {
        "wd_id": "Q747567",
        "search_term": "Risalit",
        "confidence": 0.8051
      },
      {
        "aat_id": 300004324,
        "wd_id": "Q2451751",
        "search_term": "Treppenhaus",
        "confidence": 0.6569
      },
      {
        "aat_id": 300002667,
        "wd_id": "Q831691",
        "search_term": "Geschoss",
        "confidence": 0.6105
      },
      {
        "aat_id": 300001324,
        "wd_id": "Q189771",
        "search_term": "Gewölbe",
        "confidence": 0.6683
      },
      {
        "aat_id": 300002674,
        "wd_id": "Q958148",
        "search_term": "Mezzanin",
        "confidence": 0.6152
      },
      {
        "aat_id": 300002526,
        "wd_id": "Q183061",
        "search_term": "Fassade",
        "confidence": 0.7409
      },
      {
        "wd_id": "Q811438",
        "search_term": "Baukörper",
        "confidence": 0.675
      },
      {
        "aat_id": 300264605,
        "wd_id": "Q29052406",
        "search_term": "Pfeiler",
        "confidence": 0.6606
      },
      {
        "wd_id": "Q63759229",
        "search_term": "Seitenflügel",
        "confidence": 0.6595
      },
      {
        "wd_id": "Q1501427",
        "search_term": "Oktogon",
        "confidence": 0.6219
      },
      {
        "aat_id": 300002704,
        "wd_id": "Q695992",
        "search_term": "Wandnische",
        "confidence": 0.6995
      },
      {
        "aat_id": 300001788,
        "wd_id": "Q328092",
        "search_term": "Gesims",
        "confidence": 0.86
      },
      {
        "aat_id": 300002737,
        "wd_id": "Q175112",
        "search_term": "Pilaster",
        "confidence": 1.0
      },
      {
        "aat_id": 300002580,
        "wd_id": "Q186637",
        "search_term": "Arkade",
        "confidence": 0.7437
      },
      {
        "aat_id": 300002268,
        "wd_id": "Q163972",
        "search_term": "Dachtraufe",
        "confidence": 0.7299
      }
    ],
    "start": 429,
    "end": 437,
    "found_term": "Pilaster"
  },
  {
    "labels": [
      {
        "aat_id": 300001749,
        "wd_id": "Q268205",
        "search_term": "Plinthe",
        "confidence": 0.6117
      },
      {
        "aat_id": 300001324,
        "wd_id": "Q189771",
        "search_term": "Gewölbe",
        "confidence": 0.6084
      },
      {
        "aat_id": 300264605,
        "wd_id": "Q29052406",
        "search_term": "Pfeiler",
        "confidence": 0.6044
      },
      {
        "aat_id": 300002704,
        "wd_id": "Q695992",
        "search_term": "Wandnische",
        "confidence": 0.6531
      },
      {
        "aat_id": 300001788,
        "wd_id": "Q328092",
        "search_term": "Gesims",
        "confidence": 0.6865
      },
      {
        "aat_id": 300002737,
        "wd_id": "Q175112",
        "search_term": "Pilaster",
        "confidence": 0.6575
      },
      {
        "aat_id": 300002580,
        "wd_id": "Q186637",
        "search_term": "Arkade",
        "confidence": 0.6655
      }
    ],
    "start": 755,
    "end": 763,
    "found_term": "Kapitell"
  },
  {
    "labels": [
      {
        "aat_id": 300001749,
        "wd_id": "Q268205",
        "search_term": "Plinthe",
        "confidence": 0.6138
      },
      {
        "wd_id": "Q747567",
        "search_term": "Risalit",
        "confidence": 0.7818
      },
      {
        "aat_id": 300004324,
        "wd_id": "Q2451751",
        "search_term": "Treppenhaus",
        "confidence": 0.6488
      },
      {
        "aat_id": 300003790,
        "wd_id": "Q211775",
        "search_term": "Kanzel",
        "confidence": 0.6026
      },
      {
        "aat_id": 300001324,
        "wd_id": "Q189771",
        "search_term": "Gewölbe",
        "confidence": 0.6058
      },
      {
        "aat_id": 300002526,
        "wd_id": "Q183061",
        "search_term": "Fassade",
        "confidence": 0.6926
      },
      {
        "wd_id": "Q811438",
        "search_term": "Baukörper",
        "confidence": 0.6617
      },
      {
        "wd_id": "Q63759229",
        "search_term": "Seitenflügel",
        "confidence": 0.6422
      },
      {
        "wd_id": "Q1627767",
        "search_term": "Laubengang",
        "confidence": 0.6284
      },
      {
        "wd_id": "Q1501427",
        "search_term": "Oktogon",
        "confidence": 0.6364
      },
      {
        "aat_id": 300002704,
        "wd_id": "Q695992",
        "search_term": "Wandnische",
        "confidence": 0.725
      },
      {
        "aat_id": 300001788,
        "wd_id": "Q328092",
        "search_term": "Gesims",
        "confidence": 0.799
      },
      {
        "aat_id": 300002737,
        "wd_id": "Q175112",
        "search_term": "Pilaster",
        "confidence": 0.9022
      },
      {
        "aat_id": 300002588,
        "wd_id": "Q170552",
        "search_term": "Balkon",
        "confidence": 0.6019
      },
      {
        "aat_id": 300002580,
        "wd_id": "Q186637",
        "search_term": "Arkade",
        "confidence": 0.733
      },
      {
        "aat_id": 300002268,
        "wd_id": "Q163972",
        "search_term": "Dachtraufe",
        "confidence": 0.7139
      }
    ],
    "start": 807,
    "end": 821,
    "found_term": "Hermenpilaster"
  },
  {
    "labels": [
      {
        "aat_id": 300001749,
        "wd_id": "Q268205",
        "search_term": "Plinthe",
        "confidence": 0.6363
      },
      {
        "wd_id": "Q3476515",
        "search_term": "Bauplastik",
        "confidence": 0.6278
      },
      {
        "aat_id": 300004188,
        "wd_id": "Q1125776",
        "search_term": "Gebäudetrakt",
        "confidence": 0.6279
      },
      {
        "wd_id": "Q747567",
        "search_term": "Risalit",
        "confidence": 0.8094
      },
      {
        "aat_id": 300004324,
        "wd_id": "Q2451751",
        "search_term": "Treppenhaus",
        "confidence": 0.672
      },
      {
        "aat_id": 300002667,
        "wd_id": "Q831691",
        "search_term": "Geschoss",
        "confidence": 0.6054
      },
      {
        "aat_id": 300002613,
        "wd_id": "Q657100",
        "search_term": "Kolonnade",
        "confidence": 0.6364
      },
      {
        "aat_id": 300001324,
        "wd_id": "Q189771",
        "search_term": "Gewölbe",
        "confidence": 0.6358
      },
      {
        "aat_id": 300002674,
        "wd_id": "Q958148",
        "search_term": "Mezzanin",
        "confidence": 0.6472
      },
      {
        "aat_id": 300002526,
        "wd_id": "Q183061",
        "search_term": "Fassade",
        "confidence": 0.7592
      },
      {
        "wd_id": "Q811438",
        "search_term": "Baukörper",
        "confidence": 0.712
      },
      {
        "aat_id": 300264605,
        "wd_id": "Q29052406",
        "search_term": "Pfeiler",
        "confidence": 0.6471
      },
      {
        "wd_id": "Q63759229",
        "search_term": "Seitenflügel",
        "confidence": 0.6625
      },
      {
        "wd_id": "Q1627767",
        "search_term": "Laubengang",
        "confidence": 0.6332
      },
      {
        "aat_id": 300001280,
        "wd_id": "Q12493",
        "search_term": "Kuppel",
        "confidence": 0.6198
      },
      {
        "wd_id": "Q1501427",
        "search_term": "Oktogon",
        "confidence": 0.6639
      },
      {
        "aat_id": 300002704,
        "wd_id": "Q695992",
        "search_term": "Wandnische",
        "confidence": 0.7018
      },
      {
        "aat_id": 300001788,
        "wd_id": "Q328092",
        "search_term": "Gesims",
        "confidence": 0.8185
      },
      {
        "aat_id": 300002737,
        "wd_id": "Q175112",
        "search_term": "Pilaster",
        "confidence": 0.9122
      },
      {
        "aat_id": 300002580,
        "wd_id": "Q186637",
        "search_term": "Arkade",
        "confidence": 0.7384
      },
      {
        "aat_id": 300002268,
        "wd_id": "Q163972",
        "search_term": "Dachtraufe",
        "confidence": 0.7465
      }
    ],
    "start": 1058,
    "end": 1074,
    "found_term": "Kolossalpilaster"
  },
  {
    "labels": [
      {
        "aat_id": 300001749,
        "wd_id": "Q268205",
        "search_term": "Plinthe",
        "confidence": 0.6304
      },
      {
        "aat_id": 300002944,
        "wd_id": "Q35473",
        "search_term": "Fenster",
        "confidence": 0.6117
      },
      {
        "wd_id": "Q747567",
        "search_term": "Risalit",
        "confidence": 0.8051
      },
      {
        "aat_id": 300004324,
        "wd_id": "Q2451751",
        "search_term": "Treppenhaus",
        "confidence": 0.6569
      },
      {
        "aat_id": 300002667,
        "wd_id": "Q831691",
        "search_term": "Geschoss",
        "confidence": 0.6105
      },
      {
        "aat_id": 300001324,
        "wd_id": "Q189771",
        "search_term": "Gewölbe",
        "confidence": 0.6683
      },
      {
        "aat_id": 300002674,
        "wd_id": "Q958148",
        "search_term": "Mezzanin",
        "confidence": 0.6152
      },
      {
        "aat_id": 300002526,
        "wd_id": "Q183061",
        "search_term": "Fassade",
        "confidence": 0.7409
      },
      {
        "wd_id": "Q811438",
        "search_term": "Baukörper",
        "confidence": 0.675
      },
      {
        "aat_id": 300264605,
        "wd_id": "Q29052406",
        "search_term": "Pfeiler",
        "confidence": 0.6606
      },
      {
        "wd_id": "Q63759229",
        "search_term": "Seitenflügel",
        "confidence": 0.6595
      },
      {
        "wd_id": "Q1501427",
        "search_term": "Oktogon",
        "confidence": 0.6219
      },
      {
        "aat_id": 300002704,
        "wd_id": "Q695992",
        "search_term": "Wandnische",
        "confidence": 0.6995
      },
      {
        "aat_id": 300001788,
        "wd_id": "Q328092",
        "search_term": "Gesims",
        "confidence": 0.86
      },
      {
        "aat_id": 300002737,
        "wd_id": "Q175112",
        "search_term": "Pilaster",
        "confidence": 1.0
      },
      {
        "aat_id": 300002580,
        "wd_id": "Q186637",
        "search_term": "Arkade",
        "confidence": 0.7437
      },
      {
        "aat_id": 300002268,
        "wd_id": "Q163972",
        "search_term": "Dachtraufe",
        "confidence": 0.7299
      }
    ],
    "start": 1075,
    "end": 1083,
    "found_term": "Pilaster"
  },
  {
    "labels": [
      {
        "aat_id": 300001749,
        "wd_id": "Q268205",
        "search_term": "Plinthe",
        "confidence": 0.6304
      },
      {
        "aat_id": 300002944,
        "wd_id": "Q35473",
        "search_term": "Fenster",
        "confidence": 0.6117
      },
      {
        "wd_id": "Q747567",
        "search_term": "Risalit",
        "confidence": 0.8051
      },
      {
        "aat_id": 300004324,
        "wd_id": "Q2451751",
        "search_term": "Treppenhaus",
        "confidence": 0.6569
      },
      {
        "aat_id": 300002667,
        "wd_id": "Q831691",
        "search_term": "Geschoss",
        "confidence": 0.6105
      },
      {
        "aat_id": 300001324,
        "wd_id": "Q189771",
        "search_term": "Gewölbe",
        "confidence": 0.6683
      },
      {
        "aat_id": 300002674,
        "wd_id": "Q958148",
        "search_term": "Mezzanin",
        "confidence": 0.6152
      },
      {
        "aat_id": 300002526,
        "wd_id": "Q183061",
        "search_term": "Fassade",
        "confidence": 0.7409
      },
      {
        "wd_id": "Q811438",
        "search_term": "Baukörper",
        "confidence": 0.675
      },
      {
        "aat_id": 300264605,
        "wd_id": "Q29052406",
        "search_term": "Pfeiler",
        "confidence": 0.6606
      },
      {
        "wd_id": "Q63759229",
        "search_term": "Seitenflügel",
        "confidence": 0.6595
      },
      {
        "wd_id": "Q1501427",
        "search_term": "Oktogon",
        "confidence": 0.6219
      },
      {
        "aat_id": 300002704,
        "wd_id": "Q695992",
        "search_term": "Wandnische",
        "confidence": 0.6995
      },
      {
        "aat_id": 300001788,
        "wd_id": "Q328092",
        "search_term": "Gesims",
        "confidence": 0.86
      },
      {
        "aat_id": 300002737,
        "wd_id": "Q175112",
        "search_term": "Pilaster",
        "confidence": 1.0
      },
      {
        "aat_id": 300002580,
        "wd_id": "Q186637",
        "search_term": "Arkade",
        "confidence": 0.7437
      },
      {
        "aat_id": 300002268,
        "wd_id": "Q163972",
        "search_term": "Dachtraufe",
        "confidence": 0.7299
      }
    ],
    "start": 1289,
    "end": 1297,
    "found_term": "Pilaster"
  },
  {
    "labels": [
      {
        "aat_id": 300001749,
        "wd_id": "Q268205",
        "search_term": "Plinthe",
        "confidence": 0.6304
      },
      {
        "aat_id": 300002944,
        "wd_id": "Q35473",
        "search_term": "Fenster",
        "confidence": 0.6117
      },
      {
        "wd_id": "Q747567",
        "search_term": "Risalit",
        "confidence": 0.8051
      },
      {
        "aat_id": 300004324,
        "wd_id": "Q2451751",
        "search_term": "Treppenhaus",
        "confidence": 0.6569
      },
      {
        "aat_id": 300002667,
        "wd_id": "Q831691",
        "search_term": "Geschoss",
        "confidence": 0.6105
      },
      {
        "aat_id": 300001324,
        "wd_id": "Q189771",
        "search_term": "Gewölbe",
        "confidence": 0.6683
      },
      {
        "aat_id": 300002674,
        "wd_id": "Q958148",
        "search_term": "Mezzanin",
        "confidence": 0.6152
      },
      {
        "aat_id": 300002526,
        "wd_id": "Q183061",
        "search_term": "Fassade",
        "confidence": 0.7409
      },
      {
        "wd_id": "Q811438",
        "search_term": "Baukörper",
        "confidence": 0.675
      },
      {
        "aat_id": 300264605,
        "wd_id": "Q29052406",
        "search_term": "Pfeiler",
        "confidence": 0.6606
      },
      {
        "wd_id": "Q63759229",
        "search_term": "Seitenflügel",
        "confidence": 0.6595
      },
      {
        "wd_id": "Q1501427",
        "search_term": "Oktogon",
        "confidence": 0.6219
      },
      {
        "aat_id": 300002704,
        "wd_id": "Q695992",
        "search_term": "Wandnische",
        "confidence": 0.6995
      },
      {
        "aat_id": 300001788,
        "wd_id": "Q328092",
        "search_term": "Gesims",
        "confidence": 0.86
      },
      {
        "aat_id": 300002737,
        "wd_id": "Q175112",
        "search_term": "Pilaster",
        "confidence": 1.0
      },
      {
        "aat_id": 300002580,
        "wd_id": "Q186637",
        "search_term": "Arkade",
        "confidence": 0.7437
      },
      {
        "aat_id": 300002268,
        "wd_id": "Q163972",
        "search_term": "Dachtraufe",
        "confidence": 0.7299
      }
    ],
    "start": 1551,
    "end": 1559,
    "found_term": "Pilaster"
  },
  {
    "labels": [
      {
        "aat_id": 300001749,
        "wd_id": "Q268205",
        "search_term": "Plinthe",
        "confidence": 0.6304
      },
      {
        "aat_id": 300002944,
        "wd_id": "Q35473",
        "search_term": "Fenster",
        "confidence": 0.6117
      },
      {
        "wd_id": "Q747567",
        "search_term": "Risalit",
        "confidence": 0.8051
      },
      {
        "aat_id": 300004324,
        "wd_id": "Q2451751",
        "search_term": "Treppenhaus",
        "confidence": 0.6569
      },
      {
        "aat_id": 300002667,
        "wd_id": "Q831691",
        "search_term": "Geschoss",
        "confidence": 0.6105
      },
      {
        "aat_id": 300001324,
        "wd_id": "Q189771",
        "search_term": "Gewölbe",
        "confidence": 0.6683
      },
      {
        "aat_id": 300002674,
        "wd_id": "Q958148",
        "search_term": "Mezzanin",
        "confidence": 0.6152
      },
      {
        "aat_id": 300002526,
        "wd_id": "Q183061",
        "search_term": "Fassade",
        "confidence": 0.7409
      },
      {
        "wd_id": "Q811438",
        "search_term": "Baukörper",
        "confidence": 0.675
      },
      {
        "aat_id": 300264605,
        "wd_id": "Q29052406",
        "search_term": "Pfeiler",
        "confidence": 0.6606
      },
      {
        "wd_id": "Q63759229",
        "search_term": "Seitenflügel",
        "confidence": 0.6595
      },
      {
        "wd_id": "Q1501427",
        "search_term": "Oktogon",
        "confidence": 0.6219
      },
      {
        "aat_id": 300002704,
        "wd_id": "Q695992",
        "search_term": "Wandnische",
        "confidence": 0.6995
      },
      {
        "aat_id": 300001788,
        "wd_id": "Q328092",
        "search_term": "Gesims",
        "confidence": 0.86
      },
      {
        "aat_id": 300002737,
        "wd_id": "Q175112",
        "search_term": "Pilaster",
        "confidence": 1.0
      },
      {
        "aat_id": 300002580,
        "wd_id": "Q186637",
        "search_term": "Arkade",
        "confidence": 0.7437
      },
      {
        "aat_id": 300002268,
        "wd_id": "Q163972",
        "search_term": "Dachtraufe",
        "confidence": 0.7299
      }
    ],
    "start": 2093,
    "end": 2101,
    "found_term": "Pilaster"
  },
  {
    "labels": [
      {
        "aat_id": 300001749,
        "wd_id": "Q268205",
        "search_term": "Plinthe",
        "confidence": 0.6318
      },
      {
        "aat_id": 300002944,
        "wd_id": "Q35473",
        "search_term": "Fenster",
        "confidence": 0.6042
      },
      {
        "wd_id": "Q747567",
        "search_term": "Risalit",
        "confidence": 0.7602
      },
      {
        "aat_id": 300004324,
        "wd_id": "Q2451751",
        "search_term": "Treppenhaus",
        "confidence": 0.6437
      },
      {
        "aat_id": 300001324,
        "wd_id": "Q189771",
        "search_term": "Gewölbe",
        "confidence": 0.6574
      },
      {
        "aat_id": 300002526,
        "wd_id": "Q183061",
        "search_term": "Fassade",
        "confidence": 0.7233
      },
      {
        "wd_id": "Q811438",
        "search_term": "Baukörper",
        "confidence": 0.6462
      },
      {
        "aat_id": 300264605,
        "wd_id": "Q29052406",
        "search_term": "Pfeiler",
        "confidence": 0.654
      },
      {
        "wd_id": "Q63759229",
        "search_term": "Seitenflügel",
        "confidence": 0.6502
      },
      {
        "wd_id": "Q1501427",
        "search_term": "Oktogon",
        "confidence": 0.6006
      },
      {
        "aat_id": 300002704,
        "wd_id": "Q695992",
        "search_term": "Wandnische",
        "confidence": 0.6958
      },
      {
        "aat_id": 300001788,
        "wd_id": "Q328092",
        "search_term": "Gesims",
        "confidence": 0.8241
      },
      {
        "aat_id": 300002737,
        "wd_id": "Q175112",
        "search_term": "Pilaster",
        "confidence": 0.9452
      },
      {
        "aat_id": 300002580,
        "wd_id": "Q186637",
        "search_term": "Arkade",
        "confidence": 0.7237
      },
      {
        "aat_id": 300002268,
        "wd_id": "Q163972",
        "search_term": "Dachtraufe",
        "confidence": 0.7196
      }
    ],
    "start": 2765,
    "end": 2774,
    "found_term": "Pilasters"
  },
  {
    "labels": [
      {
        "aat_id": 300001749,
        "wd_id": "Q268205",
        "search_term": "Plinthe",
        "confidence": 0.6304
      },
      {
        "aat_id": 300002944,
        "wd_id": "Q35473",
        "search_term": "Fenster",
        "confidence": 0.6117
      },
      {
        "wd_id": "Q747567",
        "search_term": "Risalit",
        "confidence": 0.8051
      },
      {
        "aat_id": 300004324,
        "wd_id": "Q2451751",
        "search_term": "Treppenhaus",
        "confidence": 0.6569
      },
      {
        "aat_id": 300002667,
        "wd_id": "Q831691",
        "search_term": "Geschoss",
        "confidence": 0.6105
      },
      {
        "aat_id": 300001324,
        "wd_id": "Q189771",
        "search_term": "Gewölbe",
        "confidence": 0.6683
      },
      {
        "aat_id": 300002674,
        "wd_id": "Q958148",
        "search_term": "Mezzanin",
        "confidence": 0.6152
      },
      {
        "aat_id": 300002526,
        "wd_id": "Q183061",
        "search_term": "Fassade",
        "confidence": 0.7409
      },
      {
        "wd_id": "Q811438",
        "search_term": "Baukörper",
        "confidence": 0.675
      },
      {
        "aat_id": 300264605,
        "wd_id": "Q29052406",
        "search_term": "Pfeiler",
        "confidence": 0.6606
      },
      {
        "wd_id": "Q63759229",
        "search_term": "Seitenflügel",
        "confidence": 0.6595
      },
      {
        "wd_id": "Q1501427",
        "search_term": "Oktogon",
        "confidence": 0.6219
      },
      {
        "aat_id": 300002704,
        "wd_id": "Q695992",
        "search_term": "Wandnische",
        "confidence": 0.6995
      },
      {
        "aat_id": 300001788,
        "wd_id": "Q328092",
        "search_term": "Gesims",
        "confidence": 0.86
      },
      {
        "aat_id": 300002737,
        "wd_id": "Q175112",
        "search_term": "Pilaster",
        "confidence": 1.0
      },
      {
        "aat_id": 300002580,
        "wd_id": "Q186637",
        "search_term": "Arkade",
        "confidence": 0.7437
      },
      {
        "aat_id": 300002268,
        "wd_id": "Q163972",
        "search_term": "Dachtraufe",
        "confidence": 0.7299
      }
    ],
    "start": 2835,
    "end": 2843,
    "found_term": "Pilaster"
  },
  {
    "labels": [
      {
        "aat_id": 300001749,
        "wd_id": "Q268205",
        "search_term": "Plinthe",
        "confidence": 0.6304
      },
      {
        "aat_id": 300002944,
        "wd_id": "Q35473",
        "search_term": "Fenster",
        "confidence": 0.6117
      },
      {
        "wd_id": "Q747567",
        "search_term": "Risalit",
        "confidence": 0.8051
      },
      {
        "aat_id": 300004324,
        "wd_id": "Q2451751",
        "search_term": "Treppenhaus",
        "confidence": 0.6569
      },
      {
        "aat_id": 300002667,
        "wd_id": "Q831691",
        "search_term": "Geschoss",
        "confidence": 0.6105
      },
      {
        "aat_id": 300001324,
        "wd_id": "Q189771",
        "search_term": "Gewölbe",
        "confidence": 0.6683
      },
      {
        "aat_id": 300002674,
        "wd_id": "Q958148",
        "search_term": "Mezzanin",
        "confidence": 0.6152
      },
      {
        "aat_id": 300002526,
        "wd_id": "Q183061",
        "search_term": "Fassade",
        "confidence": 0.7409
      },
      {
        "wd_id": "Q811438",
        "search_term": "Baukörper",
        "confidence": 0.675
      },
      {
        "aat_id": 300264605,
        "wd_id": "Q29052406",
        "search_term": "Pfeiler",
        "confidence": 0.6606
      },
      {
        "wd_id": "Q63759229",
        "search_term": "Seitenflügel",
        "confidence": 0.6595
      },
      {
        "wd_id": "Q1501427",
        "search_term": "Oktogon",
        "confidence": 0.6219
      },
      {
        "aat_id": 300002704,
        "wd_id": "Q695992",
        "search_term": "Wandnische",
        "confidence": 0.6995
      },
      {
        "aat_id": 300001788,
        "wd_id": "Q328092",
        "search_term": "Gesims",
        "confidence": 0.86
      },
      {
        "aat_id": 300002737,
        "wd_id": "Q175112",
        "search_term": "Pilaster",
        "confidence": 1.0
      },
      {
        "aat_id": 300002580,
        "wd_id": "Q186637",
        "search_term": "Arkade",
        "confidence": 0.7437
      },
      {
        "aat_id": 300002268,
        "wd_id": "Q163972",
        "search_term": "Dachtraufe",
        "confidence": 0.7299
      }
    ],
    "start": 3036,
    "end": 3044,
    "found_term": "Pilaster"
  },
  {
    "labels": [
      {
        "wd_id": "Q157229",
        "search_term": "Frauenkirche",
        "confidence": 0.7162
      },
      {
        "wd_id": "Q2202145",
        "search_term": "Neubau",
        "confidence": 0.6964
      },
      {
        "wd_id": "Q1244038",
        "search_term": "Dorfkirche",
        "confidence": 0.6275
      },
      {
        "aat_id": 300007466,
        "wd_id": "Q16970",
        "search_term": "Kirchengebäude",
        "confidence": 0.6436
      }
    ],
    "start": 976,
    "end": 988,
    "found_term": "Neubaukirche"
  },
  {
    "labels": [
      {
        "aat_id": 300005734,
        "wd_id": "Q16560",
        "search_term": "Palast",
        "confidence": 0.6001
      },
      {
        "aat_id": 300005512,
        "wd_id": "Q2651004",
        "search_term": "Palazzo",
        "confidence": 1.0
      }
    ],
    "start": 1630,
    "end": 1637,
    "found_term": "Palazzo"
  },
  {
    "labels": [
      {
        "wd_id": "Q3476515",
        "search_term": "Bauplastik",
        "confidence": 0.6167
      }
    ],
    "start": 145,
    "end": 156,
    "found_term": "Architektur"
  },
  {
    "labels": [
      {
        "wd_id": "Q3476515",
        "search_term": "Bauplastik",
        "confidence": 0.7005
      },
      {
        "wd_id": "Q6149036",
        "search_term": "Dekoration",
        "confidence": 0.6408
      },
      {
        "aat_id": 300002526,
        "wd_id": "Q183061",
        "search_term": "Fassade",
        "confidence": 0.6574
      },
      {
        "aat_id": 300002737,
        "wd_id": "Q175112",
        "search_term": "Pilaster",
        "confidence": 0.6034
      }
    ],
    "start": 454,
    "end": 471,
    "found_term": "Scheinarchitektur"
  },
  {
    "labels": [
      {
        "wd_id": "Q3476515",
        "search_term": "Bauplastik",
        "confidence": 0.6516
      },
      {
        "wd_id": "Q811438",
        "search_term": "Baukörper",
        "confidence": 0.6341
      }
    ],
    "start": 630,
    "end": 647,
    "found_term": "architektonischer"
  },
  {
    "labels": [
      {
        "wd_id": "Q3476515",
        "search_term": "Bauplastik",
        "confidence": 0.6633
      },
      {
        "wd_id": "Q6149036",
        "search_term": "Dekoration",
        "confidence": 0.6236
      },
      {
        "aat_id": 300002526,
        "wd_id": "Q183061",
        "search_term": "Fassade",
        "confidence": 0.6171
      }
    ],
    "start": 1251,
    "end": 1265,
    "found_term": "Wandgestaltung"
  },
  {
    "labels": [
      {
        "wd_id": "Q3476515",
        "search_term": "Bauplastik",
        "confidence": 0.6167
      }
    ],
    "start": 1334,
    "end": 1345,
    "found_term": "Architektur"
  },
  {
    "labels": [
      {
        "wd_id": "Q3476515",
        "search_term": "Bauplastik",
        "confidence": 0.6946
      }
    ],
    "start": 1448,
    "end": 1464,
    "found_term": "Architekturmotiv"
  },
  {
    "labels": [
      {
        "wd_id": "Q3476515",
        "search_term": "Bauplastik",
        "confidence": 0.6386
      }
    ],
    "start": 1514,
    "end": 1522,
    "found_term": "Baukunst"
  },
  {
    "labels": [
      {
        "wd_id": "Q3476515",
        "search_term": "Bauplastik",
        "confidence": 0.6603
      },
      {
        "aat_id": 300002944,
        "wd_id": "Q35473",
        "search_term": "Fenster",
        "confidence": 0.6439
      },
      {
        "aat_id": 300004188,
        "wd_id": "Q1125776",
        "search_term": "Gebäudetrakt",
        "confidence": 0.6828
      },
      {
        "wd_id": "Q747567",
        "search_term": "Risalit",
        "confidence": 0.7235
      },
      {
        "aat_id": 300004324,
        "wd_id": "Q2451751",
        "search_term": "Treppenhaus",
        "confidence": 0.7028
      },
      {
        "aat_id": 300002613,
        "wd_id": "Q657100",
        "search_term": "Kolonnade",
        "confidence": 0.6413
      },
      {
        "aat_id": 300001324,
        "wd_id": "Q189771",
        "search_term": "Gewölbe",
        "confidence": 0.6499
      },
      {
        "aat_id": 300002526,
        "wd_id": "Q183061",
        "search_term": "Fassade",
        "confidence": 1.0
      },
      {
        "wd_id": "Q811438",
        "search_term": "Baukörper",
        "confidence": 0.7515
      },
      {
        "wd_id": "Q63759229",
        "search_term": "Seitenflügel",
        "confidence": 0.6607
      },
      {
        "wd_id": "Q1627767",
        "search_term": "Laubengang",
        "confidence": 0.6233
      },
      {
        "aat_id": 300001280,
        "wd_id": "Q12493",
        "search_term": "Kuppel",
        "confidence": 0.6542
      },
      {
        "aat_id": 300002704,
        "wd_id": "Q695992",
        "search_term": "Wandnische",
        "confidence": 0.6017
      },
      {
        "aat_id": 300004792,
        "wd_id": "Q41176",
        "search_term": "Gebäude",
        "confidence": 0.6486
      },
      {
        "aat_id": 300001788,
        "wd_id": "Q328092",
        "search_term": "Gesims",
        "confidence": 0.7063
      },
      {
        "aat_id": 300002737,
        "wd_id": "Q175112",
        "search_term": "Pilaster",
        "confidence": 0.7409
      },
      {
        "aat_id": 300002580,
        "wd_id": "Q186637",
        "search_term": "Arkade",
        "confidence": 0.6994
      },
      {
        "aat_id": 300002268,
        "wd_id": "Q163972",
        "search_term": "Dachtraufe",
        "confidence": 0.6844
      }
    ],
    "start": 1618,
    "end": 1625,
    "found_term": "Fassade"
  },
  {
    "labels": [
      {
        "wd_id": "Q3476515",
        "search_term": "Bauplastik",
        "confidence": 0.6508
      },
      {
        "wd_id": "Q6149036",
        "search_term": "Dekoration",
        "confidence": 0.6233
      }
    ],
    "start": 1755,
    "end": 1771,
    "found_term": "Innenarchitektur"
  },
  {
    "labels": [
      {
        "wd_id": "Q3476515",
        "search_term": "Bauplastik",
        "confidence": 0.6138
      }
    ],
    "start": 1776,
    "end": 1788,
    "found_term": "Klassizismus"
  },
  {
    "labels": [
      {
        "wd_id": "Q3476515",
        "search_term": "Bauplastik",
        "confidence": 0.619
      }
    ],
    "start": 1797,
    "end": 1808,
    "found_term": "Historismus"
  },
  {
    "labels": [
      {
        "wd_id": "Q3476515",
        "search_term": "Bauplastik",
        "confidence": 0.6638
      },
      {
        "aat_id": 300002526,
        "wd_id": "Q183061",
        "search_term": "Fassade",
        "confidence": 0.6013
      },
      {
        "wd_id": "Q811438",
        "search_term": "Baukörper",
        "confidence": 0.6477
      }
    ],
    "start": 1976,
    "end": 1989,
    "found_term": "Formensprache"
  },
  {
    "labels": [
      {
        "wd_id": "Q3476515",
        "search_term": "Bauplastik",
        "confidence": 0.6384
      },
      {
        "aat_id": 300004188,
        "wd_id": "Q1125776",
        "search_term": "Gebäudetrakt",
        "confidence": 0.6004
      },
      {
        "wd_id": "Q811438",
        "search_term": "Baukörper",
        "confidence": 0.6564
      }
    ],
    "start": 2227,
    "end": 2238,
    "found_term": "Skelettbaus"
  },
  {
    "labels": [
      {
        "wd_id": "Q3476515",
        "search_term": "Bauplastik",
        "confidence": 0.6167
      }
    ],
    "start": 3064,
    "end": 3075,
    "found_term": "Architektur"
  },
  {
    "labels": [
      {
        "wd_id": "Q82383",
        "search_term": "Basis",
        "confidence": 1.0
      }
    ],
    "start": 748,
    "end": 753,
    "found_term": "Basis"
  },
  {
    "labels": [
      {
        "wd_id": "Q82383",
        "search_term": "Basis",
        "confidence": 1.0
      }
    ],
    "start": 2292,
    "end": 2297,
    "found_term": "Basis"
  },
  {
    "labels": [
      {
        "aat_id": 300002944,
        "wd_id": "Q35473",
        "search_term": "Fenster",
        "confidence": 0.643
      },
      {
        "wd_id": "Q747567",
        "search_term": "Risalit",
        "confidence": 0.6644
      },
      {
        "aat_id": 300003790,
        "wd_id": "Q211775",
        "search_term": "Kanzel",
        "confidence": 0.6046
      },
      {
        "aat_id": 300001324,
        "wd_id": "Q189771",
        "search_term": "Gewölbe",
        "confidence": 0.6894
      },
      {
        "aat_id": 300037647,
        "wd_id": "Q862454",
        "search_term": "Laterne",
        "confidence": 0.6072
      },
      {
        "aat_id": 300002526,
        "wd_id": "Q183061",
        "search_term": "Fassade",
        "confidence": 0.6344
      },
      {
        "wd_id": "Q811438",
        "search_term": "Baukörper",
        "confidence": 0.6346
      },
      {
        "aat_id": 300264605,
        "wd_id": "Q29052406",
        "search_term": "Pfeiler",
        "confidence": 0.7831
      },
      {
        "aat_id": 300001280,
        "wd_id": "Q12493",
        "search_term": "Kuppel",
        "confidence": 0.6375
      },
      {
        "wd_id": "Q1501427",
        "search_term": "Oktogon",
        "confidence": 0.6419
      },
      {
        "aat_id": 300002704,
        "wd_id": "Q695992",
        "search_term": "Wandnische",
        "confidence": 0.6681
      },
      {
        "aat_id": 300001788,
        "wd_id": "Q328092",
        "search_term": "Gesims",
        "confidence": 0.7456
      },
      {
        "aat_id": 300002737,
        "wd_id": "Q175112",
        "search_term": "Pilaster",
        "confidence": 0.7948
      },
      {
        "aat_id": 300002580,
        "wd_id": "Q186637",
        "search_term": "Arkade",
        "confidence": 0.7015
      },
      {
        "aat_id": 300002268,
        "wd_id": "Q163972",
        "search_term": "Dachtraufe",
        "confidence": 0.7498
      }
    ],
    "start": 180,
    "end": 192,
    "found_term": "Blendpfeiler"
  },
  {
    "labels": [
      {
        "aat_id": 300002944,
        "wd_id": "Q35473",
        "search_term": "Fenster",
        "confidence": 0.6112
      },
      {
        "wd_id": "Q747567",
        "search_term": "Risalit",
        "confidence": 0.6631
      },
      {
        "aat_id": 300003790,
        "wd_id": "Q211775",
        "search_term": "Kanzel",
        "confidence": 0.6037
      },
      {
        "aat_id": 300001324,
        "wd_id": "Q189771",
        "search_term": "Gewölbe",
        "confidence": 0.7448
      },
      {
        "aat_id": 300002526,
        "wd_id": "Q183061",
        "search_term": "Fassade",
        "confidence": 0.6282
      },
      {
        "wd_id": "Q811438",
        "search_term": "Baukörper",
        "confidence": 0.6473
      },
      {
        "aat_id": 300264605,
        "wd_id": "Q29052406",
        "search_term": "Pfeiler",
        "confidence": 0.7844
      },
      {
        "aat_id": 300001280,
        "wd_id": "Q12493",
        "search_term": "Kuppel",
        "confidence": 0.6204
      },
      {
        "wd_id": "Q1501427",
        "search_term": "Oktogon",
        "confidence": 0.6517
      },
      {
        "aat_id": 300002704,
        "wd_id": "Q695992",
        "search_term": "Wandnische",
        "confidence": 0.7078
      },
      {
        "aat_id": 300001788,
        "wd_id": "Q328092",
        "search_term": "Gesims",
        "confidence": 0.7657
      },
      {
        "aat_id": 300002737,
        "wd_id": "Q175112",
        "search_term": "Pilaster",
        "confidence": 0.8203
      },
      {
        "aat_id": 300002580,
        "wd_id": "Q186637",
        "search_term": "Arkade",
        "confidence": 0.7195
      },
      {
        "aat_id": 300002268,
        "wd_id": "Q163972",
        "search_term": "Dachtraufe",
        "confidence": 0.7516
      }
    ],
    "start": 276,
    "end": 287,
    "found_term": "Wandpfeiler"
  },
  {
    "labels": [
      {
        "aat_id": 300002944,
        "wd_id": "Q35473",
        "search_term": "Fenster",
        "confidence": 0.6113
      },
      {
        "wd_id": "Q747567",
        "search_term": "Risalit",
        "confidence": 0.7006
      },
      {
        "aat_id": 300002526,
        "wd_id": "Q183061",
        "search_term": "Fassade",
        "confidence": 0.6674
      },
      {
        "wd_id": "Q811438",
        "search_term": "Baukörper",
        "confidence": 0.6153
      },
      {
        "aat_id": 300002704,
        "wd_id": "Q695992",
        "search_term": "Wandnische",
        "confidence": 0.6366
      },
      {
        "aat_id": 300001788,
        "wd_id": "Q328092",
        "search_term": "Gesims",
        "confidence": 0.7407
      },
      {
        "aat_id": 300002737,
        "wd_id": "Q175112",
        "search_term": "Pilaster",
        "confidence": 0.7753
      },
      {
        "aat_id": 300002580,
        "wd_id": "Q186637",
        "search_term": "Arkade",
        "confidence": 0.6291
      },
      {
        "aat_id": 300002268,
        "wd_id": "Q163972",
        "search_term": "Dachtraufe",
        "confidence": 0.6404
      }
    ],
    "start": 734,
    "end": 740,
    "found_term": "Lisene"
  },
  {
    "labels": [
      {
        "aat_id": 300002944,
        "wd_id": "Q35473",
        "search_term": "Fenster",
        "confidence": 0.6317
      },
      {
        "wd_id": "Q747567",
        "search_term": "Risalit",
        "confidence": 0.6916
      },
      {
        "aat_id": 300001324,
        "wd_id": "Q189771",
        "search_term": "Gewölbe",
        "confidence": 0.7367
      },
      {
        "aat_id": 300002526,
        "wd_id": "Q183061",
        "search_term": "Fassade",
        "confidence": 0.6785
      },
      {
        "wd_id": "Q811438",
        "search_term": "Baukörper",
        "confidence": 0.684
      },
      {
        "aat_id": 300264605,
        "wd_id": "Q29052406",
        "search_term": "Pfeiler",
        "confidence": 0.7614
      },
      {
        "wd_id": "Q63759229",
        "search_term": "Seitenflügel",
        "confidence": 0.6064
      },
      {
        "wd_id": "Q1501427",
        "search_term": "Oktogon",
        "confidence": 0.6339
      },
      {
        "aat_id": 300002704,
        "wd_id": "Q695992",
        "search_term": "Wandnische",
        "confidence": 0.6761
      },
      {
        "aat_id": 300001788,
        "wd_id": "Q328092",
        "search_term": "Gesims",
        "confidence": 0.7623
      },
      {
        "aat_id": 300002737,
        "wd_id": "Q175112",
        "search_term": "Pilaster",
        "confidence": 0.781
      },
      {
        "aat_id": 300002580,
        "wd_id": "Q186637",
        "search_term": "Arkade",
        "confidence": 0.6991
      },
      {
        "aat_id": 300002268,
        "wd_id": "Q163972",
        "search_term": "Dachtraufe",
        "confidence": 0.7547
      }
    ],
    "start": 1014,
    "end": 1027,
    "found_term": "Strebepfeiler"
  },
  {
    "labels": [
      {
        "aat_id": 300002944,
        "wd_id": "Q35473",
        "search_term": "Fenster",
        "confidence": 0.6317
      },
      {
        "wd_id": "Q747567",
        "search_term": "Risalit",
        "confidence": 0.6916
      },
      {
        "aat_id": 300001324,
        "wd_id": "Q189771",
        "search_term": "Gewölbe",
        "confidence": 0.7367
      },
      {
        "aat_id": 300002526,
        "wd_id": "Q183061",
        "search_term": "Fassade",
        "confidence": 0.6785
      },
      {
        "wd_id": "Q811438",
        "search_term": "Baukörper",
        "confidence": 0.684
      },
      {
        "aat_id": 300264605,
        "wd_id": "Q29052406",
        "search_term": "Pfeiler",
        "confidence": 0.7614
      },
      {
        "wd_id": "Q63759229",
        "search_term": "Seitenflügel",
        "confidence": 0.6064
      },
      {
        "wd_id": "Q1501427",
        "search_term": "Oktogon",
        "confidence": 0.6339
      },
      {
        "aat_id": 300002704,
        "wd_id": "Q695992",
        "search_term": "Wandnische",
        "confidence": 0.6761
      },
      {
        "aat_id": 300001788,
        "wd_id": "Q328092",
        "search_term": "Gesims",
        "confidence": 0.7623
      },
      {
        "aat_id": 300002737,
        "wd_id": "Q175112",
        "search_term": "Pilaster",
        "confidence": 0.781
      },
      {
        "aat_id": 300002580,
        "wd_id": "Q186637",
        "search_term": "Arkade",
        "confidence": 0.6991
      },
      {
        "aat_id": 300002268,
        "wd_id": "Q163972",
        "search_term": "Dachtraufe",
        "confidence": 0.7547
      }
    ],
    "start": 1218,
    "end": 1231,
    "found_term": "Strebepfeiler"
  },
  {
    "labels": [
      {
        "aat_id": 300004188,
        "wd_id": "Q1125776",
        "search_term": "Gebäudetrakt",
        "confidence": 0.7116
      },
      {
        "wd_id": "Q747567",
        "search_term": "Risalit",
        "confidence": 0.6125
      },
      {
        "aat_id": 300004324,
        "wd_id": "Q2451751",
        "search_term": "Treppenhaus",
        "confidence": 0.682
      },
      {
        "aat_id": 300002667,
        "wd_id": "Q831691",
        "search_term": "Geschoss",
        "confidence": 0.6962
      },
      {
        "aat_id": 300002526,
        "wd_id": "Q183061",
        "search_term": "Fassade",
        "confidence": 0.6652
      },
      {
        "wd_id": "Q811438",
        "search_term": "Baukörper",
        "confidence": 0.6845
      },
      {
        "wd_id": "Q63759229",
        "search_term": "Seitenflügel",
        "confidence": 0.6467
      },
      {
        "aat_id": 300004792,
        "wd_id": "Q41176",
        "search_term": "Gebäude",
        "confidence": 0.6962
      },
      {
        "aat_id": 300002737,
        "wd_id": "Q175112",
        "search_term": "Pilaster",
        "confidence": 0.6206
      },
      {
        "aat_id": 300002268,
        "wd_id": "Q163972",
        "search_term": "Dachtraufe",
        "confidence": 0.6521
      },
      {
        "wd_id": "Q11755880",
        "search_term": "Wohngebäude",
        "confidence": 0.6202
      }
    ],
    "start": 1107,
    "end": 1117,
    "found_term": "Stockwerke"
  },
  {
    "labels": [
      {
        "wd_id": "Q6149036",
        "search_term": "Dekoration",
        "confidence": 0.6111
      },
      {
        "aat_id": 300004324,
        "wd_id": "Q2451751",
        "search_term": "Treppenhaus",
        "confidence": 0.6128
      }
    ],
    "start": 1911,
    "end": 1921,
    "found_term": "Täfelungen"
  },
  {
    "labels": [
      {
        "wd_id": "Q747567",
        "search_term": "Risalit",
        "confidence": 0.6042
      },
      {
        "aat_id": 300002526,
        "wd_id": "Q183061",
        "search_term": "Fassade",
        "confidence": 0.6175
      },
      {
        "aat_id": 300001788,
        "wd_id": "Q328092",
        "search_term": "Gesims",
        "confidence": 0.6302
      },
      {
        "aat_id": 300002737,
        "wd_id": "Q175112",
        "search_term": "Pilaster",
        "confidence": 0.6804
      }
    ],
    "start": 1124,
    "end": 1139,
    "found_term": "Kolossalordnung"
  },
  {
    "labels": [
      {
        "aat_id": 300008389,
        "wd_id": "Q515",
        "search_term": "Stadt",
        "confidence": 1.0
      }
    ],
    "start": 3198,
    "end": 3203,
    "found_term": "Stadt"
  },
  {
    "labels": [
      {
        "aat_id": 300003790,
        "wd_id": "Q211775",
        "search_term": "Kanzel",
        "confidence": 0.6368
      },
      {
        "aat_id": 300002737,
        "wd_id": "Q175112",
        "search_term": "Pilaster",
        "confidence": 0.615
      }
    ],
    "start": 926,
    "end": 938,
    "found_term": "spätbarocken"
  },
  {
    "labels": [
      {
        "aat_id": 300003790,
        "wd_id": "Q211775",
        "search_term": "Kanzel",
        "confidence": 0.6053
      },
      {
        "aat_id": 300001324,
        "wd_id": "Q189771",
        "search_term": "Gewölbe",
        "confidence": 0.6521
      },
      {
        "wd_id": "Q1501427",
        "search_term": "Oktogon",
        "confidence": 0.6105
      }
    ],
    "start": 1504,
    "end": 1513,
    "found_term": "gotischen"
  },
  {
    "labels": [
      {
        "aat_id": 300001324,
        "wd_id": "Q189771",
        "search_term": "Gewölbe",
        "confidence": 0.6923
      },
      {
        "aat_id": 300264605,
        "wd_id": "Q29052406",
        "search_term": "Pfeiler",
        "confidence": 1.0
      },
      {
        "aat_id": 300002704,
        "wd_id": "Q695992",
        "search_term": "Wandnische",
        "confidence": 0.6303
      },
      {
        "aat_id": 300001788,
        "wd_id": "Q328092",
        "search_term": "Gesims",
        "confidence": 0.6227
      },
      {
        "aat_id": 300002737,
        "wd_id": "Q175112",
        "search_term": "Pilaster",
        "confidence": 0.6606
      },
      {
        "aat_id": 300002580,
        "wd_id": "Q186637",
        "search_term": "Arkade",
        "confidence": 0.6359
      },
      {
        "aat_id": 300002268,
        "wd_id": "Q163972",
        "search_term": "Dachtraufe",
        "confidence": 0.6184
      }
    ],
    "start": 96,
    "end": 103,
    "found_term": "Pfeiler"
  },
  {
    "labels": [
      {
        "aat_id": 300001324,
        "wd_id": "Q189771",
        "search_term": "Gewölbe",
        "confidence": 0.6923
      },
      {
        "aat_id": 300264605,
        "wd_id": "Q29052406",
        "search_term": "Pfeiler",
        "confidence": 1.0
      },
      {
        "aat_id": 300002704,
        "wd_id": "Q695992",
        "search_term": "Wandnische",
        "confidence": 0.6303
      },
      {
        "aat_id": 300001788,
        "wd_id": "Q328092",
        "search_term": "Gesims",
        "confidence": 0.6227
      },
      {
        "aat_id": 300002737,
        "wd_id": "Q175112",
        "search_term": "Pilaster",
        "confidence": 0.6606
      },
      {
        "aat_id": 300002580,
        "wd_id": "Q186637",
        "search_term": "Arkade",
        "confidence": 0.6359
      },
      {
        "aat_id": 300002268,
        "wd_id": "Q163972",
        "search_term": "Dachtraufe",
        "confidence": 0.6184
      }
    ],
    "start": 168,
    "end": 175,
    "found_term": "Pfeiler"
  },
  {
    "labels": [
      {
        "aat_id": 300001324,
        "wd_id": "Q189771",
        "search_term": "Gewölbe",
        "confidence": 0.7073
      },
      {
        "aat_id": 300002526,
        "wd_id": "Q183061",
        "search_term": "Fassade",
        "confidence": 0.7267
      },
      {
        "wd_id": "Q811438",
        "search_term": "Baukörper",
        "confidence": 0.7146
      },
      {
        "aat_id": 300264605,
        "wd_id": "Q29052406",
        "search_term": "Pfeiler",
        "confidence": 0.6482
      },
      {
        "aat_id": 300001280,
        "wd_id": "Q12493",
        "search_term": "Kuppel",
        "confidence": 0.6541
      },
      {
        "aat_id": 300002704,
        "wd_id": "Q695992",
        "search_term": "Wandnische",
        "confidence": 0.6658
      },
      {
        "aat_id": 300002060,
        "wd_id": "Q217164",
        "search_term": "Fußboden",
        "confidence": 0.699
      },
      {
        "aat_id": 300001788,
        "wd_id": "Q328092",
        "search_term": "Gesims",
        "confidence": 0.6559
      },
      {
        "aat_id": 300002737,
        "wd_id": "Q175112",
        "search_term": "Pilaster",
        "confidence": 0.6757
      },
      {
        "aat_id": 300002580,
        "wd_id": "Q186637",
        "search_term": "Arkade",
        "confidence": 0.6039
      },
      {
        "aat_id": 300002268,
        "wd_id": "Q163972",
        "search_term": "Dachtraufe",
        "confidence": 0.7366
      }
    ],
    "start": 2620,
    "end": 2630,
    "found_term": "Außenwände"
  },
  {
    "labels": [
      {
        "aat_id": 300005512,
        "wd_id": "Q2651004",
        "search_term": "Palazzo",
        "confidence": 0.641
      }
    ],
    "start": 1638,
    "end": 1646,
    "found_term": "Rucellai"
  },
  {
    "labels": [
      {
        "aat_id": 300005512,
        "wd_id": "Q2651004",
        "search_term": "Palazzo",
        "confidence": 0.6282
      }
    ],
    "start": 1650,
    "end": 1657,
    "found_term": "Florenz"
  }
]