[
  {
    "labels": [
      {
        "aat_id": 300075767,
        "wd_id": "Q164419",
        "search_term": "Galerie",
        "confidence": 0.6243
      }
    ],
    "start": 245,
    "end": 259,
    "found_term": "Gemäldegalerie"
  },
  {
    "labels": [
      {
        "aat_id": 300075767,
        "wd_id": "Q164419",
        "search_term": "Galerie",
        "confidence": 0.632
      }
    ],
    "start": 289,
    "end": 304,
    "found_term": "Kunstsammlungen"
  },
  {
    "labels": [
      {
        "aat_id": 300075767,
        "wd_id": "Q164419",
        "search_term": "Galerie",
        "confidence": 0.6383
      }
    ],
    "start": 865,
    "end": 878,
    "found_term": "Ausstellungen"
  },
  {
    "labels": [
      {
        "aat_id": 300075767,
        "wd_id": "Q164419",
        "search_term": "Galerie",
        "confidence": 0.7542
      }
    ],
    "start": 1024,
    "end": 1032,
    "found_term": "Galerien"
  },
  {
    "labels": [
      {
        "aat_id": 300075767,
        "wd_id": "Q164419",
        "search_term": "Galerie",
        "confidence": 0.6243
      }
    ],
    "start": 1047,
    "end": 1061,
    "found_term": "Gemäldegalerie"
  },
  {
    "labels": [
      {
        "aat_id": 300075767,
        "wd_id": "Q164419",
        "search_term": "Galerie",
        "confidence": 0.6243
      }
    ],
    "start": 2315,
    "end": 2329,
    "found_term": "Gemäldegalerie"
  },
  {
    "labels": [
      {
        "wd_id": "Q6149036",
        "search_term": "Dekoration",
        "confidence": 0.8117
      }
    ],
    "start": 452,
    "end": 463,
    "found_term": "dekorativen"
  },
  {
    "labels": [
      {
        "wd_id": "Q6149036",
        "search_term": "Dekoration",
        "confidence": 0.8117
      }
    ],
    "start": 1815,
    "end": 1826,
    "found_term": "dekorativen"
  },
  {
    "labels": [
      {
        "wd_id": "Q2202145",
        "search_term": "Neubau",
        "confidence": 0.7256
      }
    ],
    "start": 1094,
    "end": 1097,
    "found_term": "Bau"
  },
  {
    "labels": [
      {
        "wd_id": "Q240854",
        "search_term": "Halle",
        "confidence": 1.0
      }
    ],
    "start": 523,
    "end": 528,
    "found_term": "Halle"
  },
  {
    "labels": [
      {
        "wd_id": "Q240854",
        "search_term": "Halle",
        "confidence": 1.0
      }
    ],
    "start": 1893,
    "end": 1898,
    "found_term": "Halle"
  }
]