[
  {
    "labels": [
      {
        "wd_id": "Q3476515",
        "search_term": "Bauplastik",
        "confidence": 0.6826
      },
      {
        "aat_id": 300047090,
        "wd_id": "Q860861",
        "search_term": "Skulptur",
        "confidence": 0.8081
      }
    ],
    "start": 1192,
    "end": 1202,
    "found_term": "Skulpturen"
  },
  {
    "labels": [
      {
        "wd_id": "Q3476515",
        "search_term": "Bauplastik",
        "confidence": 0.6169
      }
    ],
    "start": 3856,
    "end": 3865,
    "found_term": "Bildwerke"
  },
  {
    "labels": [
      {
        "aat_id": 300047090,
        "wd_id": "Q860861",
        "search_term": "Skulptur",
        "confidence": 0.7036
      }
    ],
    "start": 2340,
    "end": 2349,
    "found_term": "Kunstwerk"
  },
  {
    "labels": [
      {
        "aat_id": 300005512,
        "wd_id": "Q2651004",
        "search_term": "Palazzo",
        "confidence": 0.629
      }
    ],
    "start": 1901,
    "end": 1910,
    "found_term": "Francesco"
  },
  {
    "labels": [
      {
        "aat_id": 300076641,
        "wd_id": "Q854429",
        "search_term": "Portal",
        "confidence": 1.0
      }
    ],
    "start": 3397,
    "end": 3403,
    "found_term": "Portal"
  }
]