[
  {
    "labels": [
      {
        "wd_id": "Q157229",
        "search_term": "Frauenkirche",
        "confidence": 1.0
      }
    ],
    "start": 5876,
    "end": 5888,
    "found_term": "Frauenkirche"
  },
  {
    "labels": [
      {
        "aat_id": 300075767,
        "wd_id": "Q164419",
        "search_term": "Galerie",
        "confidence": 0.632
      }
    ],
    "start": 5346,
    "end": 5361,
    "found_term": "Kunstsammlungen"
  },
  {
    "labels": [
      {
        "aat_id": 300003725,
        "wd_id": "Q101687",
        "search_term": "Altar",
        "confidence": 0.6521
      },
      {
        "aat_id": 300004590,
        "wd_id": "Q108325",
        "search_term": "Kapelle",
        "confidence": 1.0
      },
      {
        "wd_id": "Q1244038",
        "search_term": "Dorfkirche",
        "confidence": 0.6706
      },
      {
        "aat_id": 300007466,
        "wd_id": "Q16970",
        "search_term": "Kirchengebäude",
        "confidence": 0.608
      },
      {
        "aat_id": 300411522,
        "wd_id": "Q33092688",
        "search_term": "Einsiedelei",
        "confidence": 0.6113
      }
    ],
    "start": 956,
    "end": 963,
    "found_term": "Kapelle"
  },
  {
    "labels": [
      {
        "aat_id": 300008389,
        "wd_id": "Q515",
        "search_term": "Stadt",
        "confidence": 1.0
      }
    ],
    "start": 98,
    "end": 103,
    "found_term": "Stadt"
  },
  {
    "labels": [
      {
        "aat_id": 300008389,
        "wd_id": "Q515",
        "search_term": "Stadt",
        "confidence": 1.0
      }
    ],
    "start": 4243,
    "end": 4248,
    "found_term": "Stadt"
  },
  {
    "labels": [
      {
        "aat_id": 300008389,
        "wd_id": "Q515",
        "search_term": "Stadt",
        "confidence": 1.0
      }
    ],
    "start": 4361,
    "end": 4366,
    "found_term": "Stadt"
  },
  {
    "labels": [
      {
        "aat_id": 300008389,
        "wd_id": "Q515",
        "search_term": "Stadt",
        "confidence": 1.0
      }
    ],
    "start": 5072,
    "end": 5077,
    "found_term": "Stadt"
  },
  {
    "labels": [
      {
        "aat_id": 300008389,
        "wd_id": "Q515",
        "search_term": "Stadt",
        "confidence": 1.0
      }
    ],
    "start": 5976,
    "end": 5981,
    "found_term": "Stadt"
  },
  {
    "labels": [
      {
        "aat_id": 300008389,
        "wd_id": "Q515",
        "search_term": "Stadt",
        "confidence": 1.0
      }
    ],
    "start": 6034,
    "end": 6039,
    "found_term": "Stadt"
  },
  {
    "labels": [
      {
        "wd_id": "Q1412205",
        "search_term": "Zeughaus",
        "confidence": 0.6151
      }
    ],
    "start": 6081,
    "end": 6092,
    "found_term": "Stadtmuseum"
  },
  {
    "labels": [
      {
        "wd_id": "Q1395899",
        "search_term": "Hoftheater",
        "confidence": 0.9372
      }
    ],
    "start": 972,
    "end": 983,
    "found_term": "Hoftheaters"
  }
]