[
  {
    "labels": [
      {
        "wd_id": "Q1251403",
        "search_term": "Gasse",
        "confidence": 0.6207
      }
    ],
    "start": 2020,
    "end": 2026,
    "found_term": "Straße"
  },
  {
    "labels": [
      {
        "wd_id": "Q157229",
        "search_term": "Frauenkirche",
        "confidence": 0.7985
      }
    ],
    "start": 2114,
    "end": 2127,
    "found_term": "Sophienkirche"
  },
  {
    "labels": [
      {
        "wd_id": "Q157229",
        "search_term": "Frauenkirche",
        "confidence": 0.7985
      }
    ],
    "start": 2284,
    "end": 2297,
    "found_term": "Sophienkirche"
  },
  {
    "labels": [
      {
        "wd_id": "Q157229",
        "search_term": "Frauenkirche",
        "confidence": 0.7985
      }
    ],
    "start": 7005,
    "end": 7018,
    "found_term": "Sophienkirche"
  },
  {
    "labels": [
      {
        "aat_id": 300075767,
        "wd_id": "Q164419",
        "search_term": "Galerie",
        "confidence": 0.6523
      },
      {
        "wd_id": "Q1496790",
        "search_term": "Wallpavillon",
        "confidence": 0.6383
      },
      {
        "aat_id": 300002580,
        "wd_id": "Q186637",
        "search_term": "Arkade",
        "confidence": 0.6249
      }
    ],
    "start": 1846,
    "end": 1858,
    "found_term": "Bogengalerie"
  },
  {
    "labels": [
      {
        "wd_id": "Q1496790",
        "search_term": "Wallpavillon",
        "confidence": 0.6388
      },
      {
        "wd_id": "Q155107",
        "search_term": "Zwinger",
        "confidence": 1.0
      },
      {
        "wd_id": "Q267390",
        "search_term": "Taschenbergpalais",
        "confidence": 0.6099
      }
    ],
    "start": 72,
    "end": 79,
    "found_term": "Zwinger"
  },
  {
    "labels": [
      {
        "wd_id": "Q1496790",
        "search_term": "Wallpavillon",
        "confidence": 0.6388
      },
      {
        "wd_id": "Q155107",
        "search_term": "Zwinger",
        "confidence": 1.0
      },
      {
        "wd_id": "Q267390",
        "search_term": "Taschenbergpalais",
        "confidence": 0.6099
      }
    ],
    "start": 687,
    "end": 694,
    "found_term": "Zwinger"
  },
  {
    "labels": [
      {
        "wd_id": "Q1496790",
        "search_term": "Wallpavillon",
        "confidence": 0.6388
      },
      {
        "wd_id": "Q155107",
        "search_term": "Zwinger",
        "confidence": 1.0
      },
      {
        "wd_id": "Q267390",
        "search_term": "Taschenbergpalais",
        "confidence": 0.6099
      }
    ],
    "start": 795,
    "end": 802,
    "found_term": "Zwinger"
  },
  {
    "labels": [
      {
        "wd_id": "Q1496790",
        "search_term": "Wallpavillon",
        "confidence": 0.8289
      },
      {
        "aat_id": 300004188,
        "wd_id": "Q1125776",
        "search_term": "Gebäudetrakt",
        "confidence": 0.7047
      },
      {
        "wd_id": "Q747567",
        "search_term": "Risalit",
        "confidence": 0.701
      },
      {
        "aat_id": 300004182,
        "wd_id": "Q641406",
        "search_term": "Terrasse",
        "confidence": 0.65
      },
      {
        "aat_id": 300004324,
        "wd_id": "Q2451751",
        "search_term": "Treppenhaus",
        "confidence": 0.6467
      },
      {
        "aat_id": 300002613,
        "wd_id": "Q657100",
        "search_term": "Kolonnade",
        "confidence": 0.6792
      },
      {
        "aat_id": 300002526,
        "wd_id": "Q183061",
        "search_term": "Fassade",
        "confidence": 0.6321
      },
      {
        "wd_id": "Q811438",
        "search_term": "Baukörper",
        "confidence": 0.6807
      },
      {
        "wd_id": "Q63759229",
        "search_term": "Seitenflügel",
        "confidence": 0.714
      },
      {
        "wd_id": "Q1627767",
        "search_term": "Laubengang",
        "confidence": 0.6751
      },
      {
        "wd_id": "Q1501427",
        "search_term": "Oktogon",
        "confidence": 0.6389
      },
      {
        "aat_id": 300006819,
        "wd_id": "Q276173",
        "search_term": "Pavillon",
        "confidence": 0.7534
      },
      {
        "wd_id": "Q267390",
        "search_term": "Taschenbergpalais",
        "confidence": 0.6157
      },
      {
        "aat_id": 300006804,
        "wd_id": "Q952885",
        "search_term": "Orangerie",
        "confidence": 0.7204
      },
      {
        "aat_id": 300002737,
        "wd_id": "Q175112",
        "search_term": "Pilaster",
        "confidence": 0.6171
      },
      {
        "aat_id": 300002580,
        "wd_id": "Q186637",
        "search_term": "Arkade",
        "confidence": 0.639
      }
    ],
    "start": 947,
    "end": 958,
    "found_term": "Eckpavillon"
  },
  {
    "labels": [
      {
        "wd_id": "Q1496790",
        "search_term": "Wallpavillon",
        "confidence": 0.8289
      },
      {
        "aat_id": 300004188,
        "wd_id": "Q1125776",
        "search_term": "Gebäudetrakt",
        "confidence": 0.7047
      },
      {
        "wd_id": "Q747567",
        "search_term": "Risalit",
        "confidence": 0.701
      },
      {
        "aat_id": 300004182,
        "wd_id": "Q641406",
        "search_term": "Terrasse",
        "confidence": 0.65
      },
      {
        "aat_id": 300004324,
        "wd_id": "Q2451751",
        "search_term": "Treppenhaus",
        "confidence": 0.6467
      },
      {
        "aat_id": 300002613,
        "wd_id": "Q657100",
        "search_term": "Kolonnade",
        "confidence": 0.6792
      },
      {
        "aat_id": 300002526,
        "wd_id": "Q183061",
        "search_term": "Fassade",
        "confidence": 0.6321
      },
      {
        "wd_id": "Q811438",
        "search_term": "Baukörper",
        "confidence": 0.6807
      },
      {
        "wd_id": "Q63759229",
        "search_term": "Seitenflügel",
        "confidence": 0.714
      },
      {
        "wd_id": "Q1627767",
        "search_term": "Laubengang",
        "confidence": 0.6751
      },
      {
        "wd_id": "Q1501427",
        "search_term": "Oktogon",
        "confidence": 0.6389
      },
      {
        "aat_id": 300006819,
        "wd_id": "Q276173",
        "search_term": "Pavillon",
        "confidence": 0.7534
      },
      {
        "wd_id": "Q267390",
        "search_term": "Taschenbergpalais",
        "confidence": 0.6157
      },
      {
        "aat_id": 300006804,
        "wd_id": "Q952885",
        "search_term": "Orangerie",
        "confidence": 0.7204
      },
      {
        "aat_id": 300002737,
        "wd_id": "Q175112",
        "search_term": "Pilaster",
        "confidence": 0.6171
      },
      {
        "aat_id": 300002580,
        "wd_id": "Q186637",
        "search_term": "Arkade",
        "confidence": 0.639
      }
    ],
    "start": 1148,
    "end": 1159,
    "found_term": "Eckpavillon"
  },
  {
    "labels": [
      {
        "wd_id": "Q1496790",
        "search_term": "Wallpavillon",
        "confidence": 0.6385
      },
      {
        "aat_id": 300002580,
        "wd_id": "Q186637",
        "search_term": "Arkade",
        "confidence": 0.6142
      }
    ],
    "start": 1289,
    "end": 1302,
    "found_term": "Bogengalerien"
  },
  {
    "labels": [
      {
        "wd_id": "Q1496790",
        "search_term": "Wallpavillon",
        "confidence": 0.6334
      },
      {
        "aat_id": 300004188,
        "wd_id": "Q1125776",
        "search_term": "Gebäudetrakt",
        "confidence": 0.6254
      },
      {
        "aat_id": 300184568,
        "wd_id": "Q1436181",
        "search_term": "Lustschloss",
        "confidence": 0.6666
      },
      {
        "wd_id": "Q2202145",
        "search_term": "Neubau",
        "confidence": 0.7378
      },
      {
        "wd_id": "Q267390",
        "search_term": "Taschenbergpalais",
        "confidence": 0.6125
      },
      {
        "aat_id": 300006804,
        "wd_id": "Q952885",
        "search_term": "Orangerie",
        "confidence": 0.6712
      }
    ],
    "start": 1557,
    "end": 1570,
    "found_term": "Schlossneubau"
  },
  {
    "labels": [
      {
        "wd_id": "Q1496790",
        "search_term": "Wallpavillon",
        "confidence": 0.6388
      },
      {
        "wd_id": "Q155107",
        "search_term": "Zwinger",
        "confidence": 1.0
      },
      {
        "wd_id": "Q267390",
        "search_term": "Taschenbergpalais",
        "confidence": 0.6099
      }
    ],
    "start": 1770,
    "end": 1777,
    "found_term": "Zwinger"
  },
  {
    "labels": [
      {
        "wd_id": "Q1496790",
        "search_term": "Wallpavillon",
        "confidence": 0.8289
      },
      {
        "aat_id": 300004188,
        "wd_id": "Q1125776",
        "search_term": "Gebäudetrakt",
        "confidence": 0.7047
      },
      {
        "wd_id": "Q747567",
        "search_term": "Risalit",
        "confidence": 0.701
      },
      {
        "aat_id": 300004182,
        "wd_id": "Q641406",
        "search_term": "Terrasse",
        "confidence": 0.65
      },
      {
        "aat_id": 300004324,
        "wd_id": "Q2451751",
        "search_term": "Treppenhaus",
        "confidence": 0.6467
      },
      {
        "aat_id": 300002613,
        "wd_id": "Q657100",
        "search_term": "Kolonnade",
        "confidence": 0.6792
      },
      {
        "aat_id": 300002526,
        "wd_id": "Q183061",
        "search_term": "Fassade",
        "confidence": 0.6321
      },
      {
        "wd_id": "Q811438",
        "search_term": "Baukörper",
        "confidence": 0.6807
      },
      {
        "wd_id": "Q63759229",
        "search_term": "Seitenflügel",
        "confidence": 0.714
      },
      {
        "wd_id": "Q1627767",
        "search_term": "Laubengang",
        "confidence": 0.6751
      },
      {
        "wd_id": "Q1501427",
        "search_term": "Oktogon",
        "confidence": 0.6389
      },
      {
        "aat_id": 300006819,
        "wd_id": "Q276173",
        "search_term": "Pavillon",
        "confidence": 0.7534
      },
      {
        "wd_id": "Q267390",
        "search_term": "Taschenbergpalais",
        "confidence": 0.6157
      },
      {
        "aat_id": 300006804,
        "wd_id": "Q952885",
        "search_term": "Orangerie",
        "confidence": 0.7204
      },
      {
        "aat_id": 300002737,
        "wd_id": "Q175112",
        "search_term": "Pilaster",
        "confidence": 0.6171
      },
      {
        "aat_id": 300002580,
        "wd_id": "Q186637",
        "search_term": "Arkade",
        "confidence": 0.639
      }
    ],
    "start": 1786,
    "end": 1797,
    "found_term": "Eckpavillon"
  },
  {
    "labels": [
      {
        "wd_id": "Q1496790",
        "search_term": "Wallpavillon",
        "confidence": 0.6466
      },
      {
        "wd_id": "Q155107",
        "search_term": "Zwinger",
        "confidence": 0.6099
      },
      {
        "wd_id": "Q267390",
        "search_term": "Taschenbergpalais",
        "confidence": 1.0
      },
      {
        "aat_id": 300006804,
        "wd_id": "Q952885",
        "search_term": "Orangerie",
        "confidence": 0.6603
      }
    ],
    "start": 2088,
    "end": 2105,
    "found_term": "Taschenbergpalais"
  },
  {
    "labels": [
      {
        "wd_id": "Q1496790",
        "search_term": "Wallpavillon",
        "confidence": 0.6546
      },
      {
        "aat_id": 300004188,
        "wd_id": "Q1125776",
        "search_term": "Gebäudetrakt",
        "confidence": 0.6027
      },
      {
        "aat_id": 300004182,
        "wd_id": "Q641406",
        "search_term": "Terrasse",
        "confidence": 0.6365
      },
      {
        "aat_id": 300004324,
        "wd_id": "Q2451751",
        "search_term": "Treppenhaus",
        "confidence": 0.6436
      },
      {
        "aat_id": 300002613,
        "wd_id": "Q657100",
        "search_term": "Kolonnade",
        "confidence": 0.6166
      },
      {
        "aat_id": 300002674,
        "wd_id": "Q958148",
        "search_term": "Mezzanin",
        "confidence": 0.6291
      },
      {
        "wd_id": "Q63759229",
        "search_term": "Seitenflügel",
        "confidence": 0.6144
      },
      {
        "wd_id": "Q1627767",
        "search_term": "Laubengang",
        "confidence": 0.6358
      },
      {
        "wd_id": "Q267390",
        "search_term": "Taschenbergpalais",
        "confidence": 0.6152
      },
      {
        "aat_id": 300006804,
        "wd_id": "Q952885",
        "search_term": "Orangerie",
        "confidence": 0.6628
      }
    ],
    "start": 2453,
    "end": 2461,
    "found_term": "Parterre"
  },
  {
    "labels": [
      {
        "wd_id": "Q1496790",
        "search_term": "Wallpavillon",
        "confidence": 0.6388
      },
      {
        "wd_id": "Q155107",
        "search_term": "Zwinger",
        "confidence": 1.0
      },
      {
        "wd_id": "Q267390",
        "search_term": "Taschenbergpalais",
        "confidence": 0.6099
      }
    ],
    "start": 3200,
    "end": 3207,
    "found_term": "Zwinger"
  },
  {
    "labels": [
      {
        "wd_id": "Q1496790",
        "search_term": "Wallpavillon",
        "confidence": 0.6466
      },
      {
        "wd_id": "Q155107",
        "search_term": "Zwinger",
        "confidence": 0.6099
      },
      {
        "wd_id": "Q267390",
        "search_term": "Taschenbergpalais",
        "confidence": 1.0
      },
      {
        "aat_id": 300006804,
        "wd_id": "Q952885",
        "search_term": "Orangerie",
        "confidence": 0.6603
      }
    ],
    "start": 7169,
    "end": 7186,
    "found_term": "Taschenbergpalais"
  },
  {
    "labels": [
      {
        "wd_id": "Q1496790",
        "search_term": "Wallpavillon",
        "confidence": 0.6388
      },
      {
        "wd_id": "Q155107",
        "search_term": "Zwinger",
        "confidence": 1.0
      },
      {
        "wd_id": "Q267390",
        "search_term": "Taschenbergpalais",
        "confidence": 0.6099
      }
    ],
    "start": 7269,
    "end": 7276,
    "found_term": "Zwinger"
  },
  {
    "labels": [
      {
        "wd_id": "Q1496790",
        "search_term": "Wallpavillon",
        "confidence": 0.6388
      },
      {
        "wd_id": "Q155107",
        "search_term": "Zwinger",
        "confidence": 1.0
      },
      {
        "wd_id": "Q267390",
        "search_term": "Taschenbergpalais",
        "confidence": 0.6099
      }
    ],
    "start": 7615,
    "end": 7622,
    "found_term": "Zwinger"
  },
  {
    "labels": [
      {
        "wd_id": "Q1496790",
        "search_term": "Wallpavillon",
        "confidence": 0.6388
      },
      {
        "wd_id": "Q155107",
        "search_term": "Zwinger",
        "confidence": 1.0
      },
      {
        "wd_id": "Q267390",
        "search_term": "Taschenbergpalais",
        "confidence": 0.6099
      }
    ],
    "start": 7709,
    "end": 7716,
    "found_term": "Zwinger"
  },
  {
    "labels": [
      {
        "wd_id": "Q1496790",
        "search_term": "Wallpavillon",
        "confidence": 0.6388
      },
      {
        "wd_id": "Q155107",
        "search_term": "Zwinger",
        "confidence": 1.0
      },
      {
        "wd_id": "Q267390",
        "search_term": "Taschenbergpalais",
        "confidence": 0.6099
      }
    ],
    "start": 8338,
    "end": 8345,
    "found_term": "Zwinger"
  },
  {
    "labels": [
      {
        "wd_id": "Q1496790",
        "search_term": "Wallpavillon",
        "confidence": 0.6388
      },
      {
        "wd_id": "Q155107",
        "search_term": "Zwinger",
        "confidence": 1.0
      },
      {
        "wd_id": "Q267390",
        "search_term": "Taschenbergpalais",
        "confidence": 0.6099
      }
    ],
    "start": 8686,
    "end": 8693,
    "found_term": "Zwinger"
  },
  {
    "labels": [
      {
        "aat_id": 300005433,
        "wd_id": "Q3947",
        "search_term": "Haus",
        "confidence": 1.0
      },
      {
        "aat_id": 300004792,
        "wd_id": "Q41176",
        "search_term": "Gebäude",
        "confidence": 0.6104
      }
    ],
    "start": 274,
    "end": 278,
    "found_term": "Haus"
  },
  {
    "labels": [
      {
        "aat_id": 300005433,
        "wd_id": "Q3947",
        "search_term": "Haus",
        "confidence": 0.7378
      }
    ],
    "start": 465,
    "end": 471,
    "found_term": "Hauses"
  },
  {
    "labels": [
      {
        "aat_id": 300005433,
        "wd_id": "Q3947",
        "search_term": "Haus",
        "confidence": 0.6104
      },
      {
        "aat_id": 300004188,
        "wd_id": "Q1125776",
        "search_term": "Gebäudetrakt",
        "confidence": 0.7553
      },
      {
        "aat_id": 300004324,
        "wd_id": "Q2451751",
        "search_term": "Treppenhaus",
        "confidence": 0.6247
      },
      {
        "aat_id": 300007117,
        "wd_id": "Q24354",
        "search_term": "Theatergebäude",
        "confidence": 0.6879
      },
      {
        "aat_id": 300002526,
        "wd_id": "Q183061",
        "search_term": "Fassade",
        "confidence": 0.6486
      },
      {
        "wd_id": "Q811438",
        "search_term": "Baukörper",
        "confidence": 0.62
      },
      {
        "wd_id": "Q63759229",
        "search_term": "Seitenflügel",
        "confidence": 0.6045
      },
      {
        "aat_id": 300265418,
        "wd_id": "Q811979",
        "search_term": "Bauwerk",
        "confidence": 0.7322
      },
      {
        "aat_id": 300004792,
        "wd_id": "Q41176",
        "search_term": "Gebäude",
        "confidence": 1.0
      },
      {
        "aat_id": 300007466,
        "wd_id": "Q16970",
        "search_term": "Kirchengebäude",
        "confidence": 0.6404
      },
      {
        "wd_id": "Q11755880",
        "search_term": "Wohngebäude",
        "confidence": 0.8091
      }
    ],
    "start": 2129,
    "end": 2136,
    "found_term": "Gebäude"
  },
  {
    "labels": [
      {
        "aat_id": 300005433,
        "wd_id": "Q3947",
        "search_term": "Haus",
        "confidence": 0.6104
      },
      {
        "aat_id": 300004188,
        "wd_id": "Q1125776",
        "search_term": "Gebäudetrakt",
        "confidence": 0.7553
      },
      {
        "aat_id": 300004324,
        "wd_id": "Q2451751",
        "search_term": "Treppenhaus",
        "confidence": 0.6247
      },
      {
        "aat_id": 300007117,
        "wd_id": "Q24354",
        "search_term": "Theatergebäude",
        "confidence": 0.6879
      },
      {
        "aat_id": 300002526,
        "wd_id": "Q183061",
        "search_term": "Fassade",
        "confidence": 0.6486
      },
      {
        "wd_id": "Q811438",
        "search_term": "Baukörper",
        "confidence": 0.62
      },
      {
        "wd_id": "Q63759229",
        "search_term": "Seitenflügel",
        "confidence": 0.6045
      },
      {
        "aat_id": 300265418,
        "wd_id": "Q811979",
        "search_term": "Bauwerk",
        "confidence": 0.7322
      },
      {
        "aat_id": 300004792,
        "wd_id": "Q41176",
        "search_term": "Gebäude",
        "confidence": 1.0
      },
      {
        "aat_id": 300007466,
        "wd_id": "Q16970",
        "search_term": "Kirchengebäude",
        "confidence": 0.6404
      },
      {
        "wd_id": "Q11755880",
        "search_term": "Wohngebäude",
        "confidence": 0.8091
      }
    ],
    "start": 7056,
    "end": 7063,
    "found_term": "Gebäude"
  },
  {
    "labels": [
      {
        "aat_id": 300002944,
        "wd_id": "Q35473",
        "search_term": "Fenster",
        "confidence": 0.6362
      },
      {
        "aat_id": 300004188,
        "wd_id": "Q1125776",
        "search_term": "Gebäudetrakt",
        "confidence": 0.7313
      },
      {
        "wd_id": "Q747567",
        "search_term": "Risalit",
        "confidence": 0.7172
      },
      {
        "aat_id": 300004324,
        "wd_id": "Q2451751",
        "search_term": "Treppenhaus",
        "confidence": 0.7948
      },
      {
        "aat_id": 300002667,
        "wd_id": "Q831691",
        "search_term": "Geschoss",
        "confidence": 0.8062
      },
      {
        "aat_id": 300003228,
        "wd_id": "Q12511",
        "search_term": "Treppe",
        "confidence": 0.6148
      },
      {
        "aat_id": 300001324,
        "wd_id": "Q189771",
        "search_term": "Gewölbe",
        "confidence": 0.6708
      },
      {
        "aat_id": 300002674,
        "wd_id": "Q958148",
        "search_term": "Mezzanin",
        "confidence": 0.6268
      },
      {
        "aat_id": 300002526,
        "wd_id": "Q183061",
        "search_term": "Fassade",
        "confidence": 0.6689
      },
      {
        "wd_id": "Q811438",
        "search_term": "Baukörper",
        "confidence": 0.6449
      },
      {
        "wd_id": "Q63759229",
        "search_term": "Seitenflügel",
        "confidence": 0.7111
      },
      {
        "wd_id": "Q1627767",
        "search_term": "Laubengang",
        "confidence": 0.6185
      },
      {
        "aat_id": 300002704,
        "wd_id": "Q695992",
        "search_term": "Wandnische",
        "confidence": 0.6244
      },
      {
        "aat_id": 300004792,
        "wd_id": "Q41176",
        "search_term": "Gebäude",
        "confidence": 0.6119
      },
      {
        "aat_id": 300001788,
        "wd_id": "Q328092",
        "search_term": "Gesims",
        "confidence": 0.7099
      },
      {
        "wd_id": "Q1431210",
        "search_term": "Foyer",
        "confidence": 0.6515
      },
      {
        "aat_id": 300002737,
        "wd_id": "Q175112",
        "search_term": "Pilaster",
        "confidence": 0.7163
      },
      {
        "aat_id": 300002588,
        "wd_id": "Q170552",
        "search_term": "Balkon",
        "confidence": 0.6257
      },
      {
        "aat_id": 300002580,
        "wd_id": "Q186637",
        "search_term": "Arkade",
        "confidence": 0.6782
      },
      {
        "aat_id": 300002268,
        "wd_id": "Q163972",
        "search_term": "Dachtraufe",
        "confidence": 0.6829
      }
    ],
    "start": 3045,
    "end": 3057,
    "found_term": "Obergeschoss"
  },
  {
    "labels": [
      {
        "aat_id": 300008304,
        "wd_id": "Q174782",
        "search_term": "Platz",
        "confidence": 0.6355
      }
    ],
    "start": 906,
    "end": 916,
    "found_term": "platzierte"
  },
  {
    "labels": [
      {
        "aat_id": 300008304,
        "wd_id": "Q174782",
        "search_term": "Platz",
        "confidence": 1.0
      }
    ],
    "start": 1482,
    "end": 1487,
    "found_term": "Platz"
  },
  {
    "labels": [
      {
        "aat_id": 300004188,
        "wd_id": "Q1125776",
        "search_term": "Gebäudetrakt",
        "confidence": 0.6821
      },
      {
        "aat_id": 300004792,
        "wd_id": "Q41176",
        "search_term": "Gebäude",
        "confidence": 0.6236
      },
      {
        "wd_id": "Q1431210",
        "search_term": "Foyer",
        "confidence": 0.6175
      }
    ],
    "start": 2599,
    "end": 2613,
    "found_term": "Räumlichkeiten"
  },
  {
    "labels": [
      {
        "aat_id": 300004188,
        "wd_id": "Q1125776",
        "search_term": "Gebäudetrakt",
        "confidence": 0.6019
      },
      {
        "aat_id": 300004324,
        "wd_id": "Q2451751",
        "search_term": "Treppenhaus",
        "confidence": 0.7058
      },
      {
        "wd_id": "Q1431210",
        "search_term": "Foyer",
        "confidence": 1.0
      }
    ],
    "start": 2936,
    "end": 2941,
    "found_term": "Foyer"
  },
  {
    "labels": [
      {
        "wd_id": "Q6149036",
        "search_term": "Dekoration",
        "confidence": 0.6185
      },
      {
        "aat_id": 300002704,
        "wd_id": "Q695992",
        "search_term": "Wandnische",
        "confidence": 0.624
      },
      {
        "aat_id": 300001788,
        "wd_id": "Q328092",
        "search_term": "Gesims",
        "confidence": 0.6366
      },
      {
        "aat_id": 300002737,
        "wd_id": "Q175112",
        "search_term": "Pilaster",
        "confidence": 0.6628
      }
    ],
    "start": 3189,
    "end": 3199,
    "found_term": "verzierten"
  },
  {
    "labels": [
      {
        "wd_id": "Q6149036",
        "search_term": "Dekoration",
        "confidence": 0.697
      },
      {
        "aat_id": 300007117,
        "wd_id": "Q24354",
        "search_term": "Theatergebäude",
        "confidence": 0.6234
      },
      {
        "wd_id": "Q1395899",
        "search_term": "Hoftheater",
        "confidence": 0.62
      }
    ],
    "start": 3405,
    "end": 3424,
    "found_term": "Theaterdekorationen"
  },
  {
    "labels": [
      {
        "wd_id": "Q747567",
        "search_term": "Risalit",
        "confidence": 0.6364
      },
      {
        "wd_id": "Q811438",
        "search_term": "Baukörper",
        "confidence": 0.608
      },
      {
        "wd_id": "Q1501427",
        "search_term": "Oktogon",
        "confidence": 0.6452
      },
      {
        "aat_id": 300002704,
        "wd_id": "Q695992",
        "search_term": "Wandnische",
        "confidence": 0.6311
      },
      {
        "aat_id": 300001788,
        "wd_id": "Q328092",
        "search_term": "Gesims",
        "confidence": 0.6332
      },
      {
        "aat_id": 300002737,
        "wd_id": "Q175112",
        "search_term": "Pilaster",
        "confidence": 0.6588
      },
      {
        "aat_id": 300002580,
        "wd_id": "Q186637",
        "search_term": "Arkade",
        "confidence": 0.652
      },
      {
        "aat_id": 300002268,
        "wd_id": "Q163972",
        "search_term": "Dachtraufe",
        "confidence": 0.6526
      }
    ],
    "start": 2478,
    "end": 2486,
    "found_term": "Halbrund"
  },
  {
    "labels": [
      {
        "aat_id": 300004182,
        "wd_id": "Q641406",
        "search_term": "Terrasse",
        "confidence": 0.6211
      }
    ],
    "start": 2637,
    "end": 2649,
    "found_term": "Südwestseite"
  },
  {
    "labels": [
      {
        "aat_id": 300004324,
        "wd_id": "Q2451751",
        "search_term": "Treppenhaus",
        "confidence": 0.6109
      },
      {
        "wd_id": "Q1431210",
        "search_term": "Foyer",
        "confidence": 0.6521
      }
    ],
    "start": 25,
    "end": 38,
    "found_term": "Zuschauerraum"
  },
  {
    "labels": [
      {
        "aat_id": 300004324,
        "wd_id": "Q2451751",
        "search_term": "Treppenhaus",
        "confidence": 0.6109
      },
      {
        "wd_id": "Q1431210",
        "search_term": "Foyer",
        "confidence": 0.6521
      }
    ],
    "start": 2397,
    "end": 2410,
    "found_term": "Zuschauerraum"
  },
  {
    "labels": [
      {
        "aat_id": 300004324,
        "wd_id": "Q2451751",
        "search_term": "Treppenhaus",
        "confidence": 0.691
      },
      {
        "aat_id": 300004044,
        "wd_id": "Q180516",
        "search_term": "Zimmer",
        "confidence": 0.7146
      }
    ],
    "start": 2682,
    "end": 2696,
    "found_term": "Ankleidezimmer"
  },
  {
    "labels": [
      {
        "aat_id": 300007117,
        "wd_id": "Q24354",
        "search_term": "Theatergebäude",
        "confidence": 0.6592
      },
      {
        "wd_id": "Q1395899",
        "search_term": "Hoftheater",
        "confidence": 0.6921
      }
    ],
    "start": 1,
    "end": 10,
    "found_term": "Opernhaus"
  },
  {
    "labels": [
      {
        "aat_id": 300007117,
        "wd_id": "Q24354",
        "search_term": "Theatergebäude",
        "confidence": 0.6592
      },
      {
        "wd_id": "Q1395899",
        "search_term": "Hoftheater",
        "confidence": 0.6921
      }
    ],
    "start": 59,
    "end": 68,
    "found_term": "Opernhaus"
  },
  {
    "labels": [
      {
        "aat_id": 300007117,
        "wd_id": "Q24354",
        "search_term": "Theatergebäude",
        "confidence": 1.0
      },
      {
        "aat_id": 300004792,
        "wd_id": "Q41176",
        "search_term": "Gebäude",
        "confidence": 0.6879
      },
      {
        "wd_id": "Q1395899",
        "search_term": "Hoftheater",
        "confidence": 0.6099
      }
    ],
    "start": 88,
    "end": 102,
    "found_term": "Theatergebäude"
  },
  {
    "labels": [
      {
        "aat_id": 300007117,
        "wd_id": "Q24354",
        "search_term": "Theatergebäude",
        "confidence": 0.7639
      },
      {
        "wd_id": "Q1395899",
        "search_term": "Hoftheater",
        "confidence": 0.6879
      }
    ],
    "start": 225,
    "end": 232,
    "found_term": "Theater"
  },
  {
    "labels": [
      {
        "aat_id": 300007117,
        "wd_id": "Q24354",
        "search_term": "Theatergebäude",
        "confidence": 0.6214
      },
      {
        "wd_id": "Q1431210",
        "search_term": "Foyer",
        "confidence": 0.6537
      }
    ],
    "start": 508,
    "end": 519,
    "found_term": "Konzertsaal"
  },
  {
    "labels": [
      {
        "aat_id": 300007117,
        "wd_id": "Q24354",
        "search_term": "Theatergebäude",
        "confidence": 0.6592
      },
      {
        "wd_id": "Q1395899",
        "search_term": "Hoftheater",
        "confidence": 0.6921
      }
    ],
    "start": 642,
    "end": 651,
    "found_term": "Opernhaus"
  },
  {
    "labels": [
      {
        "aat_id": 300007117,
        "wd_id": "Q24354",
        "search_term": "Theatergebäude",
        "confidence": 0.7968
      },
      {
        "wd_id": "Q1395899",
        "search_term": "Hoftheater",
        "confidence": 0.6053
      }
    ],
    "start": 1702,
    "end": 1715,
    "found_term": "Theaterbauten"
  },
  {
    "labels": [
      {
        "aat_id": 300007117,
        "wd_id": "Q24354",
        "search_term": "Theatergebäude",
        "confidence": 0.6511
      }
    ],
    "start": 2865,
    "end": 2883,
    "found_term": "Theaterarchitekten"
  },
  {
    "labels": [
      {
        "aat_id": 300007117,
        "wd_id": "Q24354",
        "search_term": "Theatergebäude",
        "confidence": 0.7639
      },
      {
        "wd_id": "Q1395899",
        "search_term": "Hoftheater",
        "confidence": 0.6879
      }
    ],
    "start": 2894,
    "end": 2901,
    "found_term": "Theater"
  },
  {
    "labels": [
      {
        "aat_id": 300007117,
        "wd_id": "Q24354",
        "search_term": "Theatergebäude",
        "confidence": 0.6511
      }
    ],
    "start": 3259,
    "end": 3277,
    "found_term": "Theaterarchitekten"
  },
  {
    "labels": [
      {
        "aat_id": 300007117,
        "wd_id": "Q24354",
        "search_term": "Theatergebäude",
        "confidence": 0.6064
      }
    ],
    "start": 3429,
    "end": 3441,
    "found_term": "Aufführungen"
  },
  {
    "labels": [
      {
        "aat_id": 300007117,
        "wd_id": "Q24354",
        "search_term": "Theatergebäude",
        "confidence": 0.6592
      },
      {
        "wd_id": "Q1395899",
        "search_term": "Hoftheater",
        "confidence": 0.6921
      }
    ],
    "start": 3445,
    "end": 3454,
    "found_term": "Opernhaus"
  },
  {
    "labels": [
      {
        "aat_id": 300007117,
        "wd_id": "Q24354",
        "search_term": "Theatergebäude",
        "confidence": 0.6592
      },
      {
        "wd_id": "Q1395899",
        "search_term": "Hoftheater",
        "confidence": 0.6921
      }
    ],
    "start": 3652,
    "end": 3661,
    "found_term": "Opernhaus"
  },
  {
    "labels": [
      {
        "aat_id": 300007117,
        "wd_id": "Q24354",
        "search_term": "Theatergebäude",
        "confidence": 0.6592
      },
      {
        "wd_id": "Q1395899",
        "search_term": "Hoftheater",
        "confidence": 0.6921
      }
    ],
    "start": 3786,
    "end": 3795,
    "found_term": "Opernhaus"
  },
  {
    "labels": [
      {
        "aat_id": 300007117,
        "wd_id": "Q24354",
        "search_term": "Theatergebäude",
        "confidence": 0.6592
      },
      {
        "wd_id": "Q1395899",
        "search_term": "Hoftheater",
        "confidence": 0.6921
      }
    ],
    "start": 4541,
    "end": 4550,
    "found_term": "Opernhaus"
  },
  {
    "labels": [
      {
        "aat_id": 300007117,
        "wd_id": "Q24354",
        "search_term": "Theatergebäude",
        "confidence": 0.6592
      },
      {
        "wd_id": "Q1395899",
        "search_term": "Hoftheater",
        "confidence": 0.6921
      }
    ],
    "start": 4927,
    "end": 4936,
    "found_term": "Opernhaus"
  },
  {
    "labels": [
      {
        "aat_id": 300007117,
        "wd_id": "Q24354",
        "search_term": "Theatergebäude",
        "confidence": 0.6592
      },
      {
        "wd_id": "Q1395899",
        "search_term": "Hoftheater",
        "confidence": 0.6921
      }
    ],
    "start": 5312,
    "end": 5321,
    "found_term": "Opernhaus"
  },
  {
    "labels": [
      {
        "aat_id": 300007117,
        "wd_id": "Q24354",
        "search_term": "Theatergebäude",
        "confidence": 0.6592
      },
      {
        "wd_id": "Q1395899",
        "search_term": "Hoftheater",
        "confidence": 0.6921
      }
    ],
    "start": 5463,
    "end": 5472,
    "found_term": "Opernhaus"
  },
  {
    "labels": [
      {
        "aat_id": 300007117,
        "wd_id": "Q24354",
        "search_term": "Theatergebäude",
        "confidence": 0.6592
      },
      {
        "wd_id": "Q1395899",
        "search_term": "Hoftheater",
        "confidence": 0.6921
      }
    ],
    "start": 5747,
    "end": 5756,
    "found_term": "Opernhaus"
  },
  {
    "labels": [
      {
        "aat_id": 300007117,
        "wd_id": "Q24354",
        "search_term": "Theatergebäude",
        "confidence": 0.6592
      },
      {
        "wd_id": "Q1395899",
        "search_term": "Hoftheater",
        "confidence": 0.6921
      }
    ],
    "start": 5943,
    "end": 5952,
    "found_term": "Opernhaus"
  },
  {
    "labels": [
      {
        "aat_id": 300007117,
        "wd_id": "Q24354",
        "search_term": "Theatergebäude",
        "confidence": 0.6592
      },
      {
        "wd_id": "Q1395899",
        "search_term": "Hoftheater",
        "confidence": 0.6921
      }
    ],
    "start": 6109,
    "end": 6118,
    "found_term": "Opernhaus"
  },
  {
    "labels": [
      {
        "aat_id": 300007117,
        "wd_id": "Q24354",
        "search_term": "Theatergebäude",
        "confidence": 0.6214
      },
      {
        "wd_id": "Q1431210",
        "search_term": "Foyer",
        "confidence": 0.6537
      }
    ],
    "start": 6161,
    "end": 6172,
    "found_term": "Konzertsaal"
  },
  {
    "labels": [
      {
        "aat_id": 300007117,
        "wd_id": "Q24354",
        "search_term": "Theatergebäude",
        "confidence": 0.6592
      },
      {
        "wd_id": "Q1395899",
        "search_term": "Hoftheater",
        "confidence": 0.6921
      }
    ],
    "start": 6203,
    "end": 6212,
    "found_term": "Opernhaus"
  },
  {
    "labels": [
      {
        "aat_id": 300007117,
        "wd_id": "Q24354",
        "search_term": "Theatergebäude",
        "confidence": 0.6592
      },
      {
        "wd_id": "Q1395899",
        "search_term": "Hoftheater",
        "confidence": 0.6921
      }
    ],
    "start": 6466,
    "end": 6475,
    "found_term": "Opernhaus"
  },
  {
    "labels": [
      {
        "aat_id": 300007117,
        "wd_id": "Q24354",
        "search_term": "Theatergebäude",
        "confidence": 0.6592
      },
      {
        "wd_id": "Q1395899",
        "search_term": "Hoftheater",
        "confidence": 0.6921
      }
    ],
    "start": 6790,
    "end": 6799,
    "found_term": "Opernhaus"
  },
  {
    "labels": [
      {
        "aat_id": 300007117,
        "wd_id": "Q24354",
        "search_term": "Theatergebäude",
        "confidence": 0.6592
      },
      {
        "wd_id": "Q1395899",
        "search_term": "Hoftheater",
        "confidence": 0.6921
      }
    ],
    "start": 7293,
    "end": 7302,
    "found_term": "Opernhaus"
  },
  {
    "labels": [
      {
        "aat_id": 300007117,
        "wd_id": "Q24354",
        "search_term": "Theatergebäude",
        "confidence": 0.709
      },
      {
        "wd_id": "Q1395899",
        "search_term": "Hoftheater",
        "confidence": 0.6243
      }
    ],
    "start": 7492,
    "end": 7504,
    "found_term": "Theaterplatz"
  },
  {
    "labels": [
      {
        "aat_id": 300007117,
        "wd_id": "Q24354",
        "search_term": "Theatergebäude",
        "confidence": 0.6099
      },
      {
        "wd_id": "Q1395899",
        "search_term": "Hoftheater",
        "confidence": 1.0
      }
    ],
    "start": 7527,
    "end": 7537,
    "found_term": "Hoftheater"
  },
  {
    "labels": [
      {
        "aat_id": 300007117,
        "wd_id": "Q24354",
        "search_term": "Theatergebäude",
        "confidence": 0.6592
      },
      {
        "wd_id": "Q1395899",
        "search_term": "Hoftheater",
        "confidence": 0.6921
      }
    ],
    "start": 7602,
    "end": 7611,
    "found_term": "Opernhaus"
  },
  {
    "labels": [
      {
        "aat_id": 300007117,
        "wd_id": "Q24354",
        "search_term": "Theatergebäude",
        "confidence": 0.7639
      },
      {
        "wd_id": "Q1395899",
        "search_term": "Hoftheater",
        "confidence": 0.6879
      }
    ],
    "start": 8369,
    "end": 8376,
    "found_term": "Theater"
  },
  {
    "labels": [
      {
        "aat_id": 300007117,
        "wd_id": "Q24354",
        "search_term": "Theatergebäude",
        "confidence": 0.663
      },
      {
        "wd_id": "Q1395899",
        "search_term": "Hoftheater",
        "confidence": 0.7135
      }
    ],
    "start": 8420,
    "end": 8437,
    "found_term": "Societaetstheater"
  },
  {
    "labels": [
      {
        "aat_id": 300007117,
        "wd_id": "Q24354",
        "search_term": "Theatergebäude",
        "confidence": 0.7639
      },
      {
        "wd_id": "Q1395899",
        "search_term": "Hoftheater",
        "confidence": 0.6879
      }
    ],
    "start": 8492,
    "end": 8499,
    "found_term": "Theater"
  },
  {
    "labels": [
      {
        "aat_id": 300007117,
        "wd_id": "Q24354",
        "search_term": "Theatergebäude",
        "confidence": 1.0
      },
      {
        "aat_id": 300004792,
        "wd_id": "Q41176",
        "search_term": "Gebäude",
        "confidence": 0.6879
      },
      {
        "wd_id": "Q1395899",
        "search_term": "Hoftheater",
        "confidence": 0.6099
      }
    ],
    "start": 8527,
    "end": 8541,
    "found_term": "Theatergebäude"
  },
  {
    "labels": [
      {
        "aat_id": 300007117,
        "wd_id": "Q24354",
        "search_term": "Theatergebäude",
        "confidence": 0.6099
      },
      {
        "wd_id": "Q1395899",
        "search_term": "Hoftheater",
        "confidence": 1.0
      }
    ],
    "start": 8600,
    "end": 8610,
    "found_term": "Hoftheater"
  },
  {
    "labels": [
      {
        "aat_id": 300007117,
        "wd_id": "Q24354",
        "search_term": "Theatergebäude",
        "confidence": 0.6592
      },
      {
        "wd_id": "Q1395899",
        "search_term": "Hoftheater",
        "confidence": 0.6921
      }
    ],
    "start": 8634,
    "end": 8643,
    "found_term": "Opernhaus"
  },
  {
    "labels": [
      {
        "aat_id": 300007117,
        "wd_id": "Q24354",
        "search_term": "Theatergebäude",
        "confidence": 0.6592
      },
      {
        "wd_id": "Q1395899",
        "search_term": "Hoftheater",
        "confidence": 0.6921
      }
    ],
    "start": 8646,
    "end": 8655,
    "found_term": "Opernhaus"
  },
  {
    "labels": [
      {
        "aat_id": 300007117,
        "wd_id": "Q24354",
        "search_term": "Theatergebäude",
        "confidence": 0.6592
      },
      {
        "wd_id": "Q1395899",
        "search_term": "Hoftheater",
        "confidence": 0.6921
      }
    ],
    "start": 8673,
    "end": 8682,
    "found_term": "Opernhaus"
  },
  {
    "labels": [
      {
        "aat_id": 300003725,
        "wd_id": "Q101687",
        "search_term": "Altar",
        "confidence": 0.6227
      },
      {
        "aat_id": 300003790,
        "wd_id": "Q211775",
        "search_term": "Kanzel",
        "confidence": 0.6694
      },
      {
        "aat_id": 300001324,
        "wd_id": "Q189771",
        "search_term": "Gewölbe",
        "confidence": 0.6745
      },
      {
        "aat_id": 300002526,
        "wd_id": "Q183061",
        "search_term": "Fassade",
        "confidence": 0.6145
      },
      {
        "aat_id": 300002704,
        "wd_id": "Q695992",
        "search_term": "Wandnische",
        "confidence": 0.6115
      },
      {
        "aat_id": 300002060,
        "wd_id": "Q217164",
        "search_term": "Fußboden",
        "confidence": 0.6238
      }
    ],
    "start": 3343,
    "end": 3358,
    "found_term": "Deckenausmalung"
  },
  {
    "labels": [
      {
        "aat_id": 300005738,
        "wd_id": "Q751876",
        "search_term": "Schloss",
        "confidence": 1.0
      },
      {
        "aat_id": 300184568,
        "wd_id": "Q1436181",
        "search_term": "Lustschloss",
        "confidence": 0.6455
      }
    ],
    "start": 1921,
    "end": 1928,
    "found_term": "schloss"
  },
  {
    "labels": [
      {
        "aat_id": 300005738,
        "wd_id": "Q751876",
        "search_term": "Schloss",
        "confidence": 1.0
      },
      {
        "aat_id": 300184568,
        "wd_id": "Q1436181",
        "search_term": "Lustschloss",
        "confidence": 0.6455
      }
    ],
    "start": 6093,
    "end": 6100,
    "found_term": "schloss"
  },
  {
    "labels": [
      {
        "aat_id": 300008389,
        "wd_id": "Q515",
        "search_term": "Stadt",
        "confidence": 1.0
      }
    ],
    "start": 1225,
    "end": 1230,
    "found_term": "Stadt"
  },
  {
    "labels": [
      {
        "aat_id": 300008389,
        "wd_id": "Q515",
        "search_term": "Stadt",
        "confidence": 1.0
      }
    ],
    "start": 7784,
    "end": 7789,
    "found_term": "Stadt"
  },
  {
    "labels": [
      {
        "aat_id": 300004847,
        "wd_id": "Q12518",
        "search_term": "Turm",
        "confidence": 0.6115
      },
      {
        "aat_id": 300001324,
        "wd_id": "Q189771",
        "search_term": "Gewölbe",
        "confidence": 0.6164
      },
      {
        "aat_id": 300004590,
        "wd_id": "Q108325",
        "search_term": "Kapelle",
        "confidence": 0.6351
      },
      {
        "wd_id": "Q2202145",
        "search_term": "Neubau",
        "confidence": 0.6677
      },
      {
        "wd_id": "Q811438",
        "search_term": "Baukörper",
        "confidence": 0.6063
      },
      {
        "aat_id": 300007466,
        "wd_id": "Q16970",
        "search_term": "Kirchengebäude",
        "confidence": 0.6078
      }
    ],
    "start": 7543,
    "end": 7555,
    "found_term": "Vorgängerbau"
  },
  {
    "labels": [
      {
        "wd_id": "Q309250",
        "search_term": "Hof",
        "confidence": 1.0
      }
    ],
    "start": 2672,
    "end": 2675,
    "found_term": "Hof"
  },
  {
    "labels": [
      {
        "aat_id": 300006891,
        "wd_id": "Q23413",
        "search_term": "Burg",
        "confidence": 0.6108
      },
      {
        "aat_id": 300006888,
        "wd_id": "Q57821",
        "search_term": "Befestigung",
        "confidence": 0.6077
      }
    ],
    "start": 1428,
    "end": 1435,
    "found_term": "Festung"
  },
  {
    "labels": [
      {
        "wd_id": "Q19841649",
        "search_term": "Anbau",
        "confidence": 1.0
      }
    ],
    "start": 2627,
    "end": 2632,
    "found_term": "Anbau"
  },
  {
    "labels": [
      {
        "wd_id": "Q19841649",
        "search_term": "Anbau",
        "confidence": 0.8181
      }
    ],
    "start": 2750,
    "end": 2756,
    "found_term": "Anbaus"
  },
  {
    "labels": [
      {
        "aat_id": 300006888,
        "wd_id": "Q57821",
        "search_term": "Befestigung",
        "confidence": 0.6232
      },
      {
        "wd_id": "Q155107",
        "search_term": "Zwinger",
        "confidence": 0.6129
      },
      {
        "aat_id": 300002469,
        "wd_id": "Q42948",
        "search_term": "Mauer",
        "confidence": 0.6696
      }
    ],
    "start": 1973,
    "end": 1983,
    "found_term": "Stadtmauer"
  },
  {
    "labels": [
      {
        "aat_id": 300004590,
        "wd_id": "Q108325",
        "search_term": "Kapelle",
        "confidence": 0.6269
      },
      {
        "wd_id": "Q1395899",
        "search_term": "Hoftheater",
        "confidence": 0.6472
      }
    ],
    "start": 3614,
    "end": 3624,
    "found_term": "Hofkapelle"
  },
  {
    "labels": [
      {
        "wd_id": "Q2202145",
        "search_term": "Neubau",
        "confidence": 0.7256
      }
    ],
    "start": 882,
    "end": 885,
    "found_term": "Bau"
  },
  {
    "labels": [
      {
        "wd_id": "Q2202145",
        "search_term": "Neubau",
        "confidence": 0.7256
      }
    ],
    "start": 986,
    "end": 989,
    "found_term": "Bau"
  },
  {
    "labels": [
      {
        "wd_id": "Q2202145",
        "search_term": "Neubau",
        "confidence": 0.7641
      }
    ],
    "start": 3560,
    "end": 3565,
    "found_term": "Umbau"
  },
  {
    "labels": [
      {
        "wd_id": "Q2202145",
        "search_term": "Neubau",
        "confidence": 0.7256
      }
    ],
    "start": 3838,
    "end": 3841,
    "found_term": "Bau"
  },
  {
    "labels": [
      {
        "wd_id": "Q2202145",
        "search_term": "Neubau",
        "confidence": 0.6509
      }
    ],
    "start": 6759,
    "end": 6765,
    "found_term": "Plänen"
  },
  {
    "labels": [
      {
        "wd_id": "Q2202145",
        "search_term": "Neubau",
        "confidence": 0.6509
      }
    ],
    "start": 7418,
    "end": 7424,
    "found_term": "Plänen"
  },
  {
    "labels": [
      {
        "wd_id": "Q811438",
        "search_term": "Baukörper",
        "confidence": 0.6557
      }
    ],
    "start": 2137,
    "end": 2146,
    "found_term": "Grundriss"
  },
  {
    "labels": [
      {
        "wd_id": "Q811438",
        "search_term": "Baukörper",
        "confidence": 0.6352
      },
      {
        "aat_id": 300002737,
        "wd_id": "Q175112",
        "search_term": "Pilaster",
        "confidence": 0.6123
      }
    ],
    "start": 2164,
    "end": 2176,
    "found_term": "rechteckigen"
  },
  {
    "labels": [
      {
        "wd_id": "Q811438",
        "search_term": "Baukörper",
        "confidence": 0.6282
      }
    ],
    "start": 2177,
    "end": 2188,
    "found_term": "Grundfläche"
  },
  {
    "labels": [
      {
        "wd_id": "Q155107",
        "search_term": "Zwinger",
        "confidence": 0.8668
      }
    ],
    "start": 849,
    "end": 857,
    "found_term": "Zwingers"
  },
  {
    "labels": [
      {
        "wd_id": "Q155107",
        "search_term": "Zwinger",
        "confidence": 0.8668
      }
    ],
    "start": 1164,
    "end": 1172,
    "found_term": "Zwingers"
  },
  {
    "labels": [
      {
        "wd_id": "Q155107",
        "search_term": "Zwinger",
        "confidence": 0.7309
      }
    ],
    "start": 1262,
    "end": 1272,
    "found_term": "Zwingerhof"
  },
  {
    "labels": [
      {
        "wd_id": "Q155107",
        "search_term": "Zwinger",
        "confidence": 0.8668
      }
    ],
    "start": 1526,
    "end": 1534,
    "found_term": "Zwingers"
  },
  {
    "labels": [
      {
        "wd_id": "Q155107",
        "search_term": "Zwinger",
        "confidence": 0.6609
      }
    ],
    "start": 7333,
    "end": 7347,
    "found_term": "Zwingerbereich"
  },
  {
    "labels": [
      {
        "wd_id": "Q155107",
        "search_term": "Zwinger",
        "confidence": 0.8668
      }
    ],
    "start": 7471,
    "end": 7479,
    "found_term": "Zwingers"
  },
  {
    "labels": [
      {
        "aat_id": 300004044,
        "wd_id": "Q180516",
        "search_term": "Zimmer",
        "confidence": 0.6107
      }
    ],
    "start": 2771,
    "end": 2780,
    "found_term": "Garderobe"
  },
  {
    "labels": [
      {
        "wd_id": "Q267390",
        "search_term": "Taschenbergpalais",
        "confidence": 0.6173
      }
    ],
    "start": 1048,
    "end": 1061,
    "found_term": "Sophienstraße"
  },
  {
    "labels": [
      {
        "wd_id": "Q267390",
        "search_term": "Taschenbergpalais",
        "confidence": 0.6941
      }
    ],
    "start": 3585,
    "end": 3596,
    "found_term": "Taschenberg"
  },
  {
    "labels": [
      {
        "wd_id": "Q267390",
        "search_term": "Taschenbergpalais",
        "confidence": 0.6941
      }
    ],
    "start": 8659,
    "end": 8670,
    "found_term": "Taschenberg"
  },
  {
    "labels": [
      {
        "aat_id": 300004792,
        "wd_id": "Q41176",
        "search_term": "Gebäude",
        "confidence": 0.6184
      },
      {
        "wd_id": "Q11755880",
        "search_term": "Wohngebäude",
        "confidence": 0.7045
      }
    ],
    "start": 2824,
    "end": 2833,
    "found_term": "Wohnungen"
  },
  {
    "labels": [
      {
        "aat_id": 300004792,
        "wd_id": "Q41176",
        "search_term": "Gebäude",
        "confidence": 0.6135
      }
    ],
    "start": 6766,
    "end": 6776,
    "found_term": "errichtete"
  },
  {
    "labels": [
      {
        "wd_id": "Q1395899",
        "search_term": "Hoftheater",
        "confidence": 0.6418
      }
    ],
    "start": 43,
    "end": 54,
    "found_term": "Opernhauses"
  },
  {
    "labels": [
      {
        "wd_id": "Q1395899",
        "search_term": "Hoftheater",
        "confidence": 0.6452
      }
    ],
    "start": 408,
    "end": 423,
    "found_term": "Opernaufführung"
  },
  {
    "labels": [
      {
        "wd_id": "Q1395899",
        "search_term": "Hoftheater",
        "confidence": 0.6418
      }
    ],
    "start": 890,
    "end": 901,
    "found_term": "Opernhauses"
  },
  {
    "labels": [
      {
        "wd_id": "Q1395899",
        "search_term": "Hoftheater",
        "confidence": 0.6161
      }
    ],
    "start": 1746,
    "end": 1756,
    "found_term": "Semperoper"
  },
  {
    "labels": [
      {
        "wd_id": "Q1395899",
        "search_term": "Hoftheater",
        "confidence": 0.6418
      }
    ],
    "start": 1898,
    "end": 1909,
    "found_term": "Opernhauses"
  },
  {
    "labels": [
      {
        "wd_id": "Q1395899",
        "search_term": "Hoftheater",
        "confidence": 0.6418
      }
    ],
    "start": 2058,
    "end": 2069,
    "found_term": "Opernhauses"
  },
  {
    "labels": [
      {
        "wd_id": "Q1395899",
        "search_term": "Hoftheater",
        "confidence": 0.6418
      }
    ],
    "start": 2212,
    "end": 2223,
    "found_term": "Opernhauses"
  },
  {
    "labels": [
      {
        "wd_id": "Q1395899",
        "search_term": "Hoftheater",
        "confidence": 0.603
      }
    ],
    "start": 2307,
    "end": 2312,
    "found_term": "Bühne"
  },
  {
    "labels": [
      {
        "wd_id": "Q1395899",
        "search_term": "Hoftheater",
        "confidence": 0.6418
      }
    ],
    "start": 3013,
    "end": 3024,
    "found_term": "Opernhauses"
  },
  {
    "labels": [
      {
        "wd_id": "Q1395899",
        "search_term": "Hoftheater",
        "confidence": 0.6418
      }
    ],
    "start": 3108,
    "end": 3119,
    "found_term": "Opernhauses"
  },
  {
    "labels": [
      {
        "wd_id": "Q1395899",
        "search_term": "Hoftheater",
        "confidence": 0.6418
      }
    ],
    "start": 3570,
    "end": 3581,
    "found_term": "Opernhauses"
  },
  {
    "labels": [
      {
        "wd_id": "Q1395899",
        "search_term": "Hoftheater",
        "confidence": 0.6826
      }
    ],
    "start": 4462,
    "end": 4478,
    "found_term": "Hofkapellmeister"
  },
  {
    "labels": [
      {
        "wd_id": "Q1395899",
        "search_term": "Hoftheater",
        "confidence": 0.6826
      }
    ],
    "start": 4756,
    "end": 4772,
    "found_term": "Hofkapellmeister"
  },
  {
    "labels": [
      {
        "wd_id": "Q1395899",
        "search_term": "Hoftheater",
        "confidence": 0.6418
      }
    ],
    "start": 6895,
    "end": 6906,
    "found_term": "Opernhauses"
  },
  {
    "labels": [
      {
        "wd_id": "Q1395899",
        "search_term": "Hoftheater",
        "confidence": 0.6161
      }
    ],
    "start": 7560,
    "end": 7570,
    "found_term": "Semperoper"
  },
  {
    "labels": [
      {
        "wd_id": "Q1395899",
        "search_term": "Hoftheater",
        "confidence": 0.6161
      }
    ],
    "start": 7968,
    "end": 7978,
    "found_term": "Semperoper"
  },
  {
    "labels": [
      {
        "wd_id": "Q1395899",
        "search_term": "Hoftheater",
        "confidence": 0.6161
      }
    ],
    "start": 8104,
    "end": 8114,
    "found_term": "Semperoper"
  },
  {
    "labels": [
      {
        "wd_id": "Q1395899",
        "search_term": "Hoftheater",
        "confidence": 0.6161
      }
    ],
    "start": 8233,
    "end": 8243,
    "found_term": "Semperoper"
  },
  {
    "labels": [
      {
        "wd_id": "Q1395899",
        "search_term": "Hoftheater",
        "confidence": 0.6161
      }
    ],
    "start": 8407,
    "end": 8417,
    "found_term": "Semperoper"
  },
  {
    "labels": [
      {
        "wd_id": "Q1395899",
        "search_term": "Hoftheater",
        "confidence": 0.6731
      }
    ],
    "start": 8440,
    "end": 8454,
    "found_term": "Staatsoperette"
  },
  {
    "labels": [
      {
        "wd_id": "Q1395899",
        "search_term": "Hoftheater",
        "confidence": 0.697
      }
    ],
    "start": 8465,
    "end": 8481,
    "found_term": "Staatsschauspiel"
  }
]