[
  {
    "labels": [
      {
        "aat_id": 300075767,
        "wd_id": "Q164419",
        "search_term": "Galerie",
        "confidence": 0.6009
      },
      {
        "wd_id": "Q1496790",
        "search_term": "Wallpavillon",
        "confidence": 0.6216
      },
      {
        "aat_id": 300002580,
        "wd_id": "Q186637",
        "search_term": "Arkade",
        "confidence": 0.6163
      }
    ],
    "start": 1723,
    "end": 1735,
    "found_term": "Langgalerien"
  },
  {
    "labels": [
      {
        "aat_id": 300075767,
        "wd_id": "Q164419",
        "search_term": "Galerie",
        "confidence": 0.7028
      },
      {
        "wd_id": "Q1496790",
        "search_term": "Wallpavillon",
        "confidence": 0.6301
      },
      {
        "aat_id": 300002580,
        "wd_id": "Q186637",
        "search_term": "Arkade",
        "confidence": 0.6365
      }
    ],
    "start": 1821,
    "end": 1832,
    "found_term": "Langgalerie"
  },
  {
    "labels": [
      {
        "aat_id": 300075767,
        "wd_id": "Q164419",
        "search_term": "Galerie",
        "confidence": 0.7028
      },
      {
        "wd_id": "Q1496790",
        "search_term": "Wallpavillon",
        "confidence": 0.6301
      },
      {
        "aat_id": 300002580,
        "wd_id": "Q186637",
        "search_term": "Arkade",
        "confidence": 0.6365
      }
    ],
    "start": 1889,
    "end": 1900,
    "found_term": "Langgalerie"
  },
  {
    "labels": [
      {
        "wd_id": "Q1496790",
        "search_term": "Wallpavillon",
        "confidence": 0.6388
      },
      {
        "wd_id": "Q155107",
        "search_term": "Zwinger",
        "confidence": 1.0
      },
      {
        "wd_id": "Q267390",
        "search_term": "Taschenbergpalais",
        "confidence": 0.6099
      }
    ],
    "start": 2892,
    "end": 2899,
    "found_term": "Zwinger"
  },
  {
    "labels": [
      {
        "aat_id": 300008090,
        "wd_id": "Q1107656",
        "search_term": "Garten",
        "confidence": 1.0
      },
      {
        "aat_id": 300006804,
        "wd_id": "Q952885",
        "search_term": "Orangerie",
        "confidence": 0.6468
      }
    ],
    "start": 1229,
    "end": 1235,
    "found_term": "Garten"
  },
  {
    "labels": [
      {
        "aat_id": 300005433,
        "wd_id": "Q3947",
        "search_term": "Haus",
        "confidence": 0.6372
      },
      {
        "aat_id": 300004792,
        "wd_id": "Q41176",
        "search_term": "Gebäude",
        "confidence": 0.6314
      },
      {
        "wd_id": "Q11755880",
        "search_term": "Wohngebäude",
        "confidence": 0.6782
      }
    ],
    "start": 368,
    "end": 375,
    "found_term": "Anwesen"
  },
  {
    "labels": [
      {
        "aat_id": 300005433,
        "wd_id": "Q3947",
        "search_term": "Haus",
        "confidence": 1.0
      },
      {
        "aat_id": 300004792,
        "wd_id": "Q41176",
        "search_term": "Gebäude",
        "confidence": 0.6104
      }
    ],
    "start": 841,
    "end": 845,
    "found_term": "Haus"
  },
  {
    "labels": [
      {
        "aat_id": 300005433,
        "wd_id": "Q3947",
        "search_term": "Haus",
        "confidence": 1.0
      },
      {
        "aat_id": 300004792,
        "wd_id": "Q41176",
        "search_term": "Gebäude",
        "confidence": 0.6104
      }
    ],
    "start": 926,
    "end": 930,
    "found_term": "Haus"
  },
  {
    "labels": [
      {
        "aat_id": 300005433,
        "wd_id": "Q3947",
        "search_term": "Haus",
        "confidence": 1.0
      },
      {
        "aat_id": 300004792,
        "wd_id": "Q41176",
        "search_term": "Gebäude",
        "confidence": 0.6104
      }
    ],
    "start": 1094,
    "end": 1098,
    "found_term": "Haus"
  },
  {
    "labels": [
      {
        "aat_id": 300002944,
        "wd_id": "Q35473",
        "search_term": "Fenster",
        "confidence": 1.0
      },
      {
        "aat_id": 300004324,
        "wd_id": "Q2451751",
        "search_term": "Treppenhaus",
        "confidence": 0.6731
      },
      {
        "aat_id": 300001324,
        "wd_id": "Q189771",
        "search_term": "Gewölbe",
        "confidence": 0.6039
      },
      {
        "aat_id": 300002526,
        "wd_id": "Q183061",
        "search_term": "Fassade",
        "confidence": 0.6439
      },
      {
        "aat_id": 300002803,
        "wd_id": "Q36794",
        "search_term": "Tür",
        "confidence": 0.6982
      },
      {
        "aat_id": 300002704,
        "wd_id": "Q695992",
        "search_term": "Wandnische",
        "confidence": 0.6086
      },
      {
        "aat_id": 300001788,
        "wd_id": "Q328092",
        "search_term": "Gesims",
        "confidence": 0.6477
      },
      {
        "aat_id": 300002737,
        "wd_id": "Q175112",
        "search_term": "Pilaster",
        "confidence": 0.6117
      },
      {
        "aat_id": 300002588,
        "wd_id": "Q170552",
        "search_term": "Balkon",
        "confidence": 0.628
      },
      {
        "aat_id": 300002580,
        "wd_id": "Q186637",
        "search_term": "Arkade",
        "confidence": 0.603
      },
      {
        "aat_id": 300002268,
        "wd_id": "Q163972",
        "search_term": "Dachtraufe",
        "confidence": 0.6487
      }
    ],
    "start": 1833,
    "end": 1840,
    "found_term": "Fenster"
  },
  {
    "labels": [
      {
        "aat_id": 300004188,
        "wd_id": "Q1125776",
        "search_term": "Gebäudetrakt",
        "confidence": 0.6054
      },
      {
        "wd_id": "Q747567",
        "search_term": "Risalit",
        "confidence": 0.7374
      },
      {
        "aat_id": 300004324,
        "wd_id": "Q2451751",
        "search_term": "Treppenhaus",
        "confidence": 0.6026
      },
      {
        "aat_id": 300001324,
        "wd_id": "Q189771",
        "search_term": "Gewölbe",
        "confidence": 0.6274
      },
      {
        "aat_id": 300002526,
        "wd_id": "Q183061",
        "search_term": "Fassade",
        "confidence": 0.6228
      },
      {
        "wd_id": "Q811438",
        "search_term": "Baukörper",
        "confidence": 0.6408
      },
      {
        "aat_id": 300264605,
        "wd_id": "Q29052406",
        "search_term": "Pfeiler",
        "confidence": 0.6078
      },
      {
        "wd_id": "Q63759229",
        "search_term": "Seitenflügel",
        "confidence": 0.6255
      },
      {
        "wd_id": "Q1627767",
        "search_term": "Laubengang",
        "confidence": 0.6009
      },
      {
        "wd_id": "Q1501427",
        "search_term": "Oktogon",
        "confidence": 0.6231
      },
      {
        "aat_id": 300002704,
        "wd_id": "Q695992",
        "search_term": "Wandnische",
        "confidence": 0.6339
      },
      {
        "aat_id": 300001788,
        "wd_id": "Q328092",
        "search_term": "Gesims",
        "confidence": 0.7424
      },
      {
        "aat_id": 300002737,
        "wd_id": "Q175112",
        "search_term": "Pilaster",
        "confidence": 0.7591
      },
      {
        "aat_id": 300002580,
        "wd_id": "Q186637",
        "search_term": "Arkade",
        "confidence": 0.6956
      },
      {
        "aat_id": 300002268,
        "wd_id": "Q163972",
        "search_term": "Dachtraufe",
        "confidence": 0.7059
      }
    ],
    "start": 1845,
    "end": 1863,
    "found_term": "Rundbogenabschluss"
  },
  {
    "labels": [
      {
        "aat_id": 300003790,
        "wd_id": "Q211775",
        "search_term": "Kanzel",
        "confidence": 0.6343
      }
    ],
    "start": 1220,
    "end": 1228,
    "found_term": "barocken"
  },
  {
    "labels": [
      {
        "aat_id": 300184568,
        "wd_id": "Q1436181",
        "search_term": "Lustschloss",
        "confidence": 0.6048
      }
    ],
    "start": 279,
    "end": 286,
    "found_term": "erbauen"
  },
  {
    "labels": [
      {
        "wd_id": "Q2202145",
        "search_term": "Neubau",
        "confidence": 0.6437
      }
    ],
    "start": 668,
    "end": 688,
    "found_term": "Erweiterungsarbeiten"
  },
  {
    "labels": [
      {
        "wd_id": "Q155107",
        "search_term": "Zwinger",
        "confidence": 0.8668
      }
    ],
    "start": 1749,
    "end": 1757,
    "found_term": "Zwingers"
  },
  {
    "labels": [
      {
        "aat_id": 300005512,
        "wd_id": "Q2651004",
        "search_term": "Palazzo",
        "confidence": 0.6588
      }
    ],
    "start": 7,
    "end": 15,
    "found_term": "Torlonia"
  },
  {
    "labels": [
      {
        "aat_id": 300005512,
        "wd_id": "Q2651004",
        "search_term": "Palazzo",
        "confidence": 0.6588
      }
    ],
    "start": 36,
    "end": 44,
    "found_term": "Torlonia"
  },
  {
    "labels": [
      {
        "aat_id": 300005512,
        "wd_id": "Q2651004",
        "search_term": "Palazzo",
        "confidence": 0.6588
      }
    ],
    "start": 121,
    "end": 129,
    "found_term": "Torlonia"
  },
  {
    "labels": [
      {
        "aat_id": 300005512,
        "wd_id": "Q2651004",
        "search_term": "Palazzo",
        "confidence": 0.6341
      }
    ],
    "start": 266,
    "end": 272,
    "found_term": "Baccio"
  },
  {
    "labels": [
      {
        "aat_id": 300005512,
        "wd_id": "Q2651004",
        "search_term": "Palazzo",
        "confidence": 0.7007
      }
    ],
    "start": 485,
    "end": 493,
    "found_term": "Borghese"
  },
  {
    "labels": [
      {
        "aat_id": 300005512,
        "wd_id": "Q2651004",
        "search_term": "Palazzo",
        "confidence": 0.6588
      }
    ],
    "start": 977,
    "end": 985,
    "found_term": "Torlonia"
  },
  {
    "labels": [
      {
        "aat_id": 300005512,
        "wd_id": "Q2651004",
        "search_term": "Palazzo",
        "confidence": 0.6588
      }
    ],
    "start": 1117,
    "end": 1125,
    "found_term": "Torlonia"
  },
  {
    "labels": [
      {
        "aat_id": 300005512,
        "wd_id": "Q2651004",
        "search_term": "Palazzo",
        "confidence": 0.6588
      }
    ],
    "start": 1363,
    "end": 1371,
    "found_term": "Torlonia"
  },
  {
    "labels": [
      {
        "aat_id": 300005512,
        "wd_id": "Q2651004",
        "search_term": "Palazzo",
        "confidence": 0.6588
      }
    ],
    "start": 1402,
    "end": 1410,
    "found_term": "Torlonia"
  },
  {
    "labels": [
      {
        "aat_id": 300005512,
        "wd_id": "Q2651004",
        "search_term": "Palazzo",
        "confidence": 0.6588
      }
    ],
    "start": 1653,
    "end": 1661,
    "found_term": "Torlonia"
  },
  {
    "labels": [
      {
        "aat_id": 300005512,
        "wd_id": "Q2651004",
        "search_term": "Palazzo",
        "confidence": 0.6588
      }
    ],
    "start": 2056,
    "end": 2064,
    "found_term": "Torlonia"
  },
  {
    "labels": [
      {
        "aat_id": 300005512,
        "wd_id": "Q2651004",
        "search_term": "Palazzo",
        "confidence": 0.6588
      }
    ],
    "start": 2124,
    "end": 2132,
    "found_term": "Torlonia"
  },
  {
    "labels": [
      {
        "aat_id": 300005512,
        "wd_id": "Q2651004",
        "search_term": "Palazzo",
        "confidence": 0.6588
      }
    ],
    "start": 2188,
    "end": 2196,
    "found_term": "Torlonia"
  },
  {
    "labels": [
      {
        "aat_id": 300005512,
        "wd_id": "Q2651004",
        "search_term": "Palazzo",
        "confidence": 0.6588
      }
    ],
    "start": 2239,
    "end": 2247,
    "found_term": "Torlonia"
  },
  {
    "labels": [
      {
        "aat_id": 300005512,
        "wd_id": "Q2651004",
        "search_term": "Palazzo",
        "confidence": 0.6588
      }
    ],
    "start": 2300,
    "end": 2308,
    "found_term": "Torlonia"
  },
  {
    "labels": [
      {
        "aat_id": 300005512,
        "wd_id": "Q2651004",
        "search_term": "Palazzo",
        "confidence": 0.6045
      }
    ],
    "start": 2337,
    "end": 2347,
    "found_term": "Campitelli"
  },
  {
    "labels": [
      {
        "aat_id": 300005512,
        "wd_id": "Q2651004",
        "search_term": "Palazzo",
        "confidence": 0.6588
      }
    ],
    "start": 2398,
    "end": 2406,
    "found_term": "Torlonia"
  },
  {
    "labels": [
      {
        "aat_id": 300005512,
        "wd_id": "Q2651004",
        "search_term": "Palazzo",
        "confidence": 0.6045
      }
    ],
    "start": 2519,
    "end": 2529,
    "found_term": "Campitelli"
  },
  {
    "labels": [
      {
        "aat_id": 300005512,
        "wd_id": "Q2651004",
        "search_term": "Palazzo",
        "confidence": 0.6588
      }
    ],
    "start": 2546,
    "end": 2554,
    "found_term": "Torlonia"
  },
  {
    "labels": [
      {
        "aat_id": 300005512,
        "wd_id": "Q2651004",
        "search_term": "Palazzo",
        "confidence": 0.6132
      }
    ],
    "start": 2567,
    "end": 2579,
    "found_term": "architettura"
  },
  {
    "labels": [
      {
        "aat_id": 300005512,
        "wd_id": "Q2651004",
        "search_term": "Palazzo",
        "confidence": 0.6588
      }
    ],
    "start": 3029,
    "end": 3037,
    "found_term": "Torlonia"
  },
  {
    "labels": [
      {
        "aat_id": 300002704,
        "wd_id": "Q695992",
        "search_term": "Wandnische",
        "confidence": 0.68
      }
    ],
    "start": 1769,
    "end": 1776,
    "found_term": "Nischen"
  },
  {
    "labels": [
      {
        "aat_id": 300006179,
        "wd_id": "Q483453",
        "search_term": "Zierbrunnen",
        "confidence": 0.8356
      }
    ],
    "start": 106,
    "end": 113,
    "found_term": "Brunnen"
  }
]