[
  {
    "labels": [
      {
        "wd_id": "Q1496790",
        "search_term": "Wallpavillon",
        "confidence": 0.6388
      },
      {
        "wd_id": "Q155107",
        "search_term": "Zwinger",
        "confidence": 1.0
      },
      {
        "wd_id": "Q267390",
        "search_term": "Taschenbergpalais",
        "confidence": 0.6099
      }
    ],
    "start": 7408,
    "end": 7415,
    "found_term": "Zwinger"
  },
  {
    "labels": [
      {
        "wd_id": "Q1496790",
        "search_term": "Wallpavillon",
        "confidence": 0.6388
      },
      {
        "wd_id": "Q155107",
        "search_term": "Zwinger",
        "confidence": 1.0
      },
      {
        "wd_id": "Q267390",
        "search_term": "Taschenbergpalais",
        "confidence": 0.6099
      }
    ],
    "start": 10588,
    "end": 10595,
    "found_term": "Zwinger"
  },
  {
    "labels": [
      {
        "wd_id": "Q1496790",
        "search_term": "Wallpavillon",
        "confidence": 0.6388
      },
      {
        "wd_id": "Q155107",
        "search_term": "Zwinger",
        "confidence": 1.0
      },
      {
        "wd_id": "Q267390",
        "search_term": "Taschenbergpalais",
        "confidence": 0.6099
      }
    ],
    "start": 11167,
    "end": 11174,
    "found_term": "Zwinger"
  },
  {
    "labels": [
      {
        "wd_id": "Q1496790",
        "search_term": "Wallpavillon",
        "confidence": 0.6379
      },
      {
        "aat_id": 300008090,
        "wd_id": "Q1107656",
        "search_term": "Garten",
        "confidence": 0.6473
      },
      {
        "aat_id": 300184568,
        "wd_id": "Q1436181",
        "search_term": "Lustschloss",
        "confidence": 0.6944
      },
      {
        "aat_id": 300006804,
        "wd_id": "Q952885",
        "search_term": "Orangerie",
        "confidence": 0.7401
      }
    ],
    "start": 11290,
    "end": 11302,
    "found_term": "Barockgarten"
  },
  {
    "labels": [
      {
        "wd_id": "Q1496790",
        "search_term": "Wallpavillon",
        "confidence": 0.6549
      },
      {
        "wd_id": "Q1180262",
        "search_term": "Residenzstadt",
        "confidence": 0.7082
      },
      {
        "wd_id": "Q1412205",
        "search_term": "Zeughaus",
        "confidence": 0.6096
      },
      {
        "aat_id": 300184568,
        "wd_id": "Q1436181",
        "search_term": "Lustschloss",
        "confidence": 0.729
      },
      {
        "wd_id": "Q267390",
        "search_term": "Taschenbergpalais",
        "confidence": 0.6518
      },
      {
        "aat_id": 300006804,
        "wd_id": "Q952885",
        "search_term": "Orangerie",
        "confidence": 0.7172
      }
    ],
    "start": 11434,
    "end": 11451,
    "found_term": "Residenzschlosses"
  },
  {
    "labels": [
      {
        "aat_id": 300005734,
        "wd_id": "Q16560",
        "search_term": "Palast",
        "confidence": 0.6655
      },
      {
        "wd_id": "Q1180262",
        "search_term": "Residenzstadt",
        "confidence": 0.7579
      },
      {
        "aat_id": 300184568,
        "wd_id": "Q1436181",
        "search_term": "Lustschloss",
        "confidence": 0.6311
      }
    ],
    "start": 1284,
    "end": 1292,
    "found_term": "Residenz"
  },
  {
    "labels": [
      {
        "aat_id": 300005734,
        "wd_id": "Q16560",
        "search_term": "Palast",
        "confidence": 0.6655
      },
      {
        "wd_id": "Q1180262",
        "search_term": "Residenzstadt",
        "confidence": 0.7579
      },
      {
        "aat_id": 300184568,
        "wd_id": "Q1436181",
        "search_term": "Lustschloss",
        "confidence": 0.6311
      }
    ],
    "start": 5665,
    "end": 5673,
    "found_term": "Residenz"
  },
  {
    "labels": [
      {
        "aat_id": 300005734,
        "wd_id": "Q16560",
        "search_term": "Palast",
        "confidence": 0.6655
      },
      {
        "wd_id": "Q1180262",
        "search_term": "Residenzstadt",
        "confidence": 0.7579
      },
      {
        "aat_id": 300184568,
        "wd_id": "Q1436181",
        "search_term": "Lustschloss",
        "confidence": 0.6311
      }
    ],
    "start": 9352,
    "end": 9360,
    "found_term": "Residenz"
  },
  {
    "labels": [
      {
        "aat_id": 300005734,
        "wd_id": "Q16560",
        "search_term": "Palast",
        "confidence": 0.6655
      },
      {
        "wd_id": "Q1180262",
        "search_term": "Residenzstadt",
        "confidence": 0.7579
      },
      {
        "aat_id": 300184568,
        "wd_id": "Q1436181",
        "search_term": "Lustschloss",
        "confidence": 0.6311
      }
    ],
    "start": 10372,
    "end": 10380,
    "found_term": "Residenz"
  },
  {
    "labels": [
      {
        "aat_id": 300008090,
        "wd_id": "Q1107656",
        "search_term": "Garten",
        "confidence": 1.0
      },
      {
        "aat_id": 300006804,
        "wd_id": "Q952885",
        "search_term": "Orangerie",
        "confidence": 0.6468
      }
    ],
    "start": 11189,
    "end": 11195,
    "found_term": "Garten"
  },
  {
    "labels": [
      {
        "aat_id": 300005433,
        "wd_id": "Q3947",
        "search_term": "Haus",
        "confidence": 0.7378
      }
    ],
    "start": 7035,
    "end": 7041,
    "found_term": "Hauses"
  },
  {
    "labels": [
      {
        "aat_id": 300005433,
        "wd_id": "Q3947",
        "search_term": "Haus",
        "confidence": 0.6104
      },
      {
        "aat_id": 300004188,
        "wd_id": "Q1125776",
        "search_term": "Gebäudetrakt",
        "confidence": 0.7553
      },
      {
        "aat_id": 300004324,
        "wd_id": "Q2451751",
        "search_term": "Treppenhaus",
        "confidence": 0.6247
      },
      {
        "aat_id": 300007117,
        "wd_id": "Q24354",
        "search_term": "Theatergebäude",
        "confidence": 0.6879
      },
      {
        "aat_id": 300002526,
        "wd_id": "Q183061",
        "search_term": "Fassade",
        "confidence": 0.6486
      },
      {
        "wd_id": "Q811438",
        "search_term": "Baukörper",
        "confidence": 0.62
      },
      {
        "wd_id": "Q63759229",
        "search_term": "Seitenflügel",
        "confidence": 0.6045
      },
      {
        "aat_id": 300265418,
        "wd_id": "Q811979",
        "search_term": "Bauwerk",
        "confidence": 0.7322
      },
      {
        "aat_id": 300004792,
        "wd_id": "Q41176",
        "search_term": "Gebäude",
        "confidence": 1.0
      },
      {
        "aat_id": 300007466,
        "wd_id": "Q16970",
        "search_term": "Kirchengebäude",
        "confidence": 0.6404
      },
      {
        "wd_id": "Q11755880",
        "search_term": "Wohngebäude",
        "confidence": 0.8091
      }
    ],
    "start": 10526,
    "end": 10533,
    "found_term": "Gebäude"
  },
  {
    "labels": [
      {
        "wd_id": "Q1180262",
        "search_term": "Residenzstadt",
        "confidence": 0.6902
      }
    ],
    "start": 2982,
    "end": 2992,
    "found_term": "Residenzen"
  },
  {
    "labels": [
      {
        "wd_id": "Q1180262",
        "search_term": "Residenzstadt",
        "confidence": 0.6196
      }
    ],
    "start": 3287,
    "end": 3297,
    "found_term": "Hofhaltung"
  },
  {
    "labels": [
      {
        "wd_id": "Q1180262",
        "search_term": "Residenzstadt",
        "confidence": 0.6577
      }
    ],
    "start": 13909,
    "end": 13923,
    "found_term": "Residenzkultur"
  },
  {
    "labels": [
      {
        "wd_id": "Q1180262",
        "search_term": "Residenzstadt",
        "confidence": 0.6577
      }
    ],
    "start": 16506,
    "end": 16520,
    "found_term": "Residenzkultur"
  },
  {
    "labels": [
      {
        "wd_id": "Q1180262",
        "search_term": "Residenzstadt",
        "confidence": 0.6577
      }
    ],
    "start": 16702,
    "end": 16716,
    "found_term": "Residenzkultur"
  },
  {
    "labels": [
      {
        "wd_id": "Q1180262",
        "search_term": "Residenzstadt",
        "confidence": 0.6577
      }
    ],
    "start": 17912,
    "end": 17926,
    "found_term": "Residenzkultur"
  },
  {
    "labels": [
      {
        "wd_id": "Q3476515",
        "search_term": "Bauplastik",
        "confidence": 0.662
      },
      {
        "wd_id": "Q811438",
        "search_term": "Baukörper",
        "confidence": 0.6238
      }
    ],
    "start": 10611,
    "end": 10628,
    "found_term": "architektonischen"
  },
  {
    "labels": [
      {
        "aat_id": 300008304,
        "wd_id": "Q174782",
        "search_term": "Platz",
        "confidence": 0.6648
      }
    ],
    "start": 11206,
    "end": 11212,
    "found_term": "Plätze"
  },
  {
    "labels": [
      {
        "aat_id": 300004188,
        "wd_id": "Q1125776",
        "search_term": "Gebäudetrakt",
        "confidence": 0.6107
      },
      {
        "aat_id": 300004044,
        "wd_id": "Q180516",
        "search_term": "Zimmer",
        "confidence": 0.6417
      }
    ],
    "start": 7846,
    "end": 7858,
    "found_term": "Appartements"
  },
  {
    "labels": [
      {
        "aat_id": 300001571,
        "wd_id": "Q4817",
        "search_term": "Säule",
        "confidence": 1.0
      }
    ],
    "start": 498,
    "end": 503,
    "found_term": "Säule"
  },
  {
    "labels": [
      {
        "aat_id": 300004324,
        "wd_id": "Q2451751",
        "search_term": "Treppenhaus",
        "confidence": 0.6416
      },
      {
        "wd_id": "Q1431210",
        "search_term": "Foyer",
        "confidence": 0.6139
      }
    ],
    "start": 2763,
    "end": 2773,
    "found_term": "Riesensaal"
  },
  {
    "labels": [
      {
        "aat_id": 300004324,
        "wd_id": "Q2451751",
        "search_term": "Treppenhaus",
        "confidence": 0.6109
      },
      {
        "wd_id": "Q1431210",
        "search_term": "Foyer",
        "confidence": 0.6521
      }
    ],
    "start": 12165,
    "end": 12178,
    "found_term": "Zuschauerraum"
  },
  {
    "labels": [
      {
        "aat_id": 300007117,
        "wd_id": "Q24354",
        "search_term": "Theatergebäude",
        "confidence": 0.7639
      },
      {
        "wd_id": "Q1395899",
        "search_term": "Hoftheater",
        "confidence": 0.6879
      }
    ],
    "start": 3988,
    "end": 3995,
    "found_term": "Theater"
  },
  {
    "labels": [
      {
        "aat_id": 300007117,
        "wd_id": "Q24354",
        "search_term": "Theatergebäude",
        "confidence": 0.6592
      },
      {
        "wd_id": "Q1395899",
        "search_term": "Hoftheater",
        "confidence": 0.6921
      }
    ],
    "start": 7395,
    "end": 7404,
    "found_term": "Opernhaus"
  },
  {
    "labels": [
      {
        "aat_id": 300007117,
        "wd_id": "Q24354",
        "search_term": "Theatergebäude",
        "confidence": 0.6618
      },
      {
        "wd_id": "Q1395899",
        "search_term": "Hoftheater",
        "confidence": 0.6292
      }
    ],
    "start": 8716,
    "end": 8738,
    "found_term": "Schauspielaufführungen"
  },
  {
    "labels": [
      {
        "aat_id": 300007117,
        "wd_id": "Q24354",
        "search_term": "Theatergebäude",
        "confidence": 0.6592
      },
      {
        "wd_id": "Q1395899",
        "search_term": "Hoftheater",
        "confidence": 0.6921
      }
    ],
    "start": 12126,
    "end": 12135,
    "found_term": "Opernhaus"
  },
  {
    "labels": [
      {
        "aat_id": 300007117,
        "wd_id": "Q24354",
        "search_term": "Theatergebäude",
        "confidence": 0.6592
      },
      {
        "wd_id": "Q1395899",
        "search_term": "Hoftheater",
        "confidence": 0.6921
      }
    ],
    "start": 12187,
    "end": 12196,
    "found_term": "Opernhaus"
  },
  {
    "labels": [
      {
        "aat_id": 300003725,
        "wd_id": "Q101687",
        "search_term": "Altar",
        "confidence": 0.6521
      },
      {
        "aat_id": 300004590,
        "wd_id": "Q108325",
        "search_term": "Kapelle",
        "confidence": 1.0
      },
      {
        "wd_id": "Q1244038",
        "search_term": "Dorfkirche",
        "confidence": 0.6706
      },
      {
        "aat_id": 300007466,
        "wd_id": "Q16970",
        "search_term": "Kirchengebäude",
        "confidence": 0.608
      },
      {
        "aat_id": 300411522,
        "wd_id": "Q33092688",
        "search_term": "Einsiedelei",
        "confidence": 0.6113
      }
    ],
    "start": 6912,
    "end": 6919,
    "found_term": "Kapelle"
  },
  {
    "labels": [
      {
        "aat_id": 300005738,
        "wd_id": "Q751876",
        "search_term": "Schloss",
        "confidence": 1.0
      },
      {
        "aat_id": 300184568,
        "wd_id": "Q1436181",
        "search_term": "Lustschloss",
        "confidence": 0.6455
      }
    ],
    "start": 2786,
    "end": 2793,
    "found_term": "Schloss"
  },
  {
    "labels": [
      {
        "aat_id": 300005738,
        "wd_id": "Q751876",
        "search_term": "Schloss",
        "confidence": 1.0
      },
      {
        "aat_id": 300184568,
        "wd_id": "Q1436181",
        "search_term": "Lustschloss",
        "confidence": 0.6455
      }
    ],
    "start": 11227,
    "end": 11234,
    "found_term": "Schloss"
  },
  {
    "labels": [
      {
        "aat_id": 300003790,
        "wd_id": "Q211775",
        "search_term": "Kanzel",
        "confidence": 0.6343
      }
    ],
    "start": 10678,
    "end": 10686,
    "found_term": "barocken"
  },
  {
    "labels": [
      {
        "aat_id": 300004847,
        "wd_id": "Q12518",
        "search_term": "Turm",
        "confidence": 0.6115
      },
      {
        "aat_id": 300001324,
        "wd_id": "Q189771",
        "search_term": "Gewölbe",
        "confidence": 0.6164
      },
      {
        "aat_id": 300004590,
        "wd_id": "Q108325",
        "search_term": "Kapelle",
        "confidence": 0.6351
      },
      {
        "wd_id": "Q2202145",
        "search_term": "Neubau",
        "confidence": 0.6677
      },
      {
        "wd_id": "Q811438",
        "search_term": "Baukörper",
        "confidence": 0.6063
      },
      {
        "aat_id": 300007466,
        "wd_id": "Q16970",
        "search_term": "Kirchengebäude",
        "confidence": 0.6078
      }
    ],
    "start": 3689,
    "end": 3701,
    "found_term": "Vorgängerbau"
  },
  {
    "labels": [
      {
        "aat_id": 300047090,
        "wd_id": "Q860861",
        "search_term": "Skulptur",
        "confidence": 0.6523
      }
    ],
    "start": 10008,
    "end": 10017,
    "found_term": "Bildhauer"
  },
  {
    "labels": [
      {
        "wd_id": "Q309250",
        "search_term": "Hof",
        "confidence": 1.0
      }
    ],
    "start": 36,
    "end": 39,
    "found_term": "Hof"
  },
  {
    "labels": [
      {
        "wd_id": "Q309250",
        "search_term": "Hof",
        "confidence": 1.0
      }
    ],
    "start": 76,
    "end": 79,
    "found_term": "Hof"
  },
  {
    "labels": [
      {
        "wd_id": "Q309250",
        "search_term": "Hof",
        "confidence": 1.0
      }
    ],
    "start": 279,
    "end": 282,
    "found_term": "Hof"
  },
  {
    "labels": [
      {
        "wd_id": "Q309250",
        "search_term": "Hof",
        "confidence": 1.0
      }
    ],
    "start": 1149,
    "end": 1152,
    "found_term": "Hof"
  },
  {
    "labels": [
      {
        "wd_id": "Q309250",
        "search_term": "Hof",
        "confidence": 0.6317
      },
      {
        "wd_id": "Q1623285",
        "search_term": "Hofstelle",
        "confidence": 0.682
      }
    ],
    "start": 1191,
    "end": 1195,
    "found_term": "Höfe"
  },
  {
    "labels": [
      {
        "wd_id": "Q309250",
        "search_term": "Hof",
        "confidence": 1.0
      }
    ],
    "start": 1264,
    "end": 1267,
    "found_term": "Hof"
  },
  {
    "labels": [
      {
        "wd_id": "Q309250",
        "search_term": "Hof",
        "confidence": 0.6317
      },
      {
        "wd_id": "Q1623285",
        "search_term": "Hofstelle",
        "confidence": 0.682
      }
    ],
    "start": 1310,
    "end": 1314,
    "found_term": "Höfe"
  },
  {
    "labels": [
      {
        "wd_id": "Q309250",
        "search_term": "Hof",
        "confidence": 1.0
      }
    ],
    "start": 1377,
    "end": 1380,
    "found_term": "Hof"
  },
  {
    "labels": [
      {
        "wd_id": "Q309250",
        "search_term": "Hof",
        "confidence": 1.0
      }
    ],
    "start": 1427,
    "end": 1430,
    "found_term": "Hof"
  },
  {
    "labels": [
      {
        "wd_id": "Q309250",
        "search_term": "Hof",
        "confidence": 1.0
      }
    ],
    "start": 1544,
    "end": 1547,
    "found_term": "Hof"
  },
  {
    "labels": [
      {
        "wd_id": "Q309250",
        "search_term": "Hof",
        "confidence": 1.0
      }
    ],
    "start": 1887,
    "end": 1890,
    "found_term": "Hof"
  },
  {
    "labels": [
      {
        "wd_id": "Q309250",
        "search_term": "Hof",
        "confidence": 1.0
      }
    ],
    "start": 2357,
    "end": 2360,
    "found_term": "Hof"
  },
  {
    "labels": [
      {
        "wd_id": "Q309250",
        "search_term": "Hof",
        "confidence": 0.7718
      }
    ],
    "start": 2938,
    "end": 2943,
    "found_term": "Hofes"
  },
  {
    "labels": [
      {
        "wd_id": "Q309250",
        "search_term": "Hof",
        "confidence": 1.0
      }
    ],
    "start": 3141,
    "end": 3144,
    "found_term": "Hof"
  },
  {
    "labels": [
      {
        "wd_id": "Q309250",
        "search_term": "Hof",
        "confidence": 1.0
      }
    ],
    "start": 3342,
    "end": 3345,
    "found_term": "Hof"
  },
  {
    "labels": [
      {
        "wd_id": "Q309250",
        "search_term": "Hof",
        "confidence": 0.7718
      }
    ],
    "start": 3558,
    "end": 3563,
    "found_term": "Hofes"
  },
  {
    "labels": [
      {
        "wd_id": "Q309250",
        "search_term": "Hof",
        "confidence": 1.0
      }
    ],
    "start": 4903,
    "end": 4906,
    "found_term": "Hof"
  },
  {
    "labels": [
      {
        "wd_id": "Q309250",
        "search_term": "Hof",
        "confidence": 1.0
      }
    ],
    "start": 5055,
    "end": 5058,
    "found_term": "Hof"
  },
  {
    "labels": [
      {
        "wd_id": "Q309250",
        "search_term": "Hof",
        "confidence": 1.0
      }
    ],
    "start": 5231,
    "end": 5234,
    "found_term": "Hof"
  },
  {
    "labels": [
      {
        "wd_id": "Q309250",
        "search_term": "Hof",
        "confidence": 1.0
      }
    ],
    "start": 5492,
    "end": 5495,
    "found_term": "Hof"
  },
  {
    "labels": [
      {
        "wd_id": "Q309250",
        "search_term": "Hof",
        "confidence": 1.0
      }
    ],
    "start": 6686,
    "end": 6689,
    "found_term": "Hof"
  },
  {
    "labels": [
      {
        "wd_id": "Q309250",
        "search_term": "Hof",
        "confidence": 1.0
      }
    ],
    "start": 7561,
    "end": 7564,
    "found_term": "Hof"
  },
  {
    "labels": [
      {
        "wd_id": "Q309250",
        "search_term": "Hof",
        "confidence": 0.7718
      }
    ],
    "start": 7674,
    "end": 7679,
    "found_term": "Hofes"
  },
  {
    "labels": [
      {
        "wd_id": "Q309250",
        "search_term": "Hof",
        "confidence": 1.0
      }
    ],
    "start": 8060,
    "end": 8063,
    "found_term": "Hof"
  },
  {
    "labels": [
      {
        "wd_id": "Q309250",
        "search_term": "Hof",
        "confidence": 1.0
      }
    ],
    "start": 8746,
    "end": 8749,
    "found_term": "Hof"
  },
  {
    "labels": [
      {
        "wd_id": "Q309250",
        "search_term": "Hof",
        "confidence": 1.0
      }
    ],
    "start": 9127,
    "end": 9130,
    "found_term": "Hof"
  },
  {
    "labels": [
      {
        "wd_id": "Q309250",
        "search_term": "Hof",
        "confidence": 0.7718
      }
    ],
    "start": 9593,
    "end": 9598,
    "found_term": "Hofes"
  },
  {
    "labels": [
      {
        "wd_id": "Q309250",
        "search_term": "Hof",
        "confidence": 1.0
      }
    ],
    "start": 11037,
    "end": 11040,
    "found_term": "Hof"
  },
  {
    "labels": [
      {
        "wd_id": "Q309250",
        "search_term": "Hof",
        "confidence": 1.0
      }
    ],
    "start": 11489,
    "end": 11492,
    "found_term": "Hof"
  },
  {
    "labels": [
      {
        "wd_id": "Q309250",
        "search_term": "Hof",
        "confidence": 1.0
      }
    ],
    "start": 11935,
    "end": 11938,
    "found_term": "Hof"
  },
  {
    "labels": [
      {
        "wd_id": "Q309250",
        "search_term": "Hof",
        "confidence": 1.0
      }
    ],
    "start": 12503,
    "end": 12506,
    "found_term": "Hof"
  },
  {
    "labels": [
      {
        "wd_id": "Q309250",
        "search_term": "Hof",
        "confidence": 1.0
      }
    ],
    "start": 14003,
    "end": 14006,
    "found_term": "Hof"
  },
  {
    "labels": [
      {
        "wd_id": "Q309250",
        "search_term": "Hof",
        "confidence": 1.0
      }
    ],
    "start": 14057,
    "end": 14060,
    "found_term": "Hof"
  },
  {
    "labels": [
      {
        "wd_id": "Q309250",
        "search_term": "Hof",
        "confidence": 1.0
      }
    ],
    "start": 14560,
    "end": 14563,
    "found_term": "Hof"
  },
  {
    "labels": [
      {
        "wd_id": "Q309250",
        "search_term": "Hof",
        "confidence": 1.0
      }
    ],
    "start": 14614,
    "end": 14617,
    "found_term": "Hof"
  },
  {
    "labels": [
      {
        "wd_id": "Q309250",
        "search_term": "Hof",
        "confidence": 1.0
      }
    ],
    "start": 14762,
    "end": 14765,
    "found_term": "Hof"
  },
  {
    "labels": [
      {
        "wd_id": "Q309250",
        "search_term": "Hof",
        "confidence": 1.0
      }
    ],
    "start": 14816,
    "end": 14819,
    "found_term": "Hof"
  },
  {
    "labels": [
      {
        "wd_id": "Q309250",
        "search_term": "Hof",
        "confidence": 1.0
      }
    ],
    "start": 14965,
    "end": 14968,
    "found_term": "Hof"
  },
  {
    "labels": [
      {
        "wd_id": "Q309250",
        "search_term": "Hof",
        "confidence": 1.0
      }
    ],
    "start": 15019,
    "end": 15022,
    "found_term": "Hof"
  },
  {
    "labels": [
      {
        "wd_id": "Q309250",
        "search_term": "Hof",
        "confidence": 1.0
      }
    ],
    "start": 15343,
    "end": 15346,
    "found_term": "Hof"
  },
  {
    "labels": [
      {
        "wd_id": "Q309250",
        "search_term": "Hof",
        "confidence": 1.0
      }
    ],
    "start": 15397,
    "end": 15400,
    "found_term": "Hof"
  },
  {
    "labels": [
      {
        "wd_id": "Q309250",
        "search_term": "Hof",
        "confidence": 1.0
      }
    ],
    "start": 15605,
    "end": 15608,
    "found_term": "Hof"
  },
  {
    "labels": [
      {
        "wd_id": "Q309250",
        "search_term": "Hof",
        "confidence": 1.0
      }
    ],
    "start": 16173,
    "end": 16176,
    "found_term": "Hof"
  },
  {
    "labels": [
      {
        "aat_id": 300184568,
        "wd_id": "Q1436181",
        "search_term": "Lustschloss",
        "confidence": 0.6436
      },
      {
        "wd_id": "Q11755880",
        "search_term": "Wohngebäude",
        "confidence": 0.6021
      }
    ],
    "start": 10479,
    "end": 10489,
    "found_term": "Lusthäuser"
  },
  {
    "labels": [
      {
        "aat_id": 300004590,
        "wd_id": "Q108325",
        "search_term": "Kapelle",
        "confidence": 0.6269
      },
      {
        "wd_id": "Q1395899",
        "search_term": "Hoftheater",
        "confidence": 0.6472
      }
    ],
    "start": 4016,
    "end": 4026,
    "found_term": "Hofkapelle"
  },
  {
    "labels": [
      {
        "wd_id": "Q155107",
        "search_term": "Zwinger",
        "confidence": 0.8668
      }
    ],
    "start": 3715,
    "end": 3723,
    "found_term": "Zwingers"
  },
  {
    "labels": [
      {
        "wd_id": "Q267390",
        "search_term": "Taschenbergpalais",
        "confidence": 0.6941
      }
    ],
    "start": 12139,
    "end": 12150,
    "found_term": "Taschenberg"
  },
  {
    "labels": [
      {
        "wd_id": "Q267390",
        "search_term": "Taschenbergpalais",
        "confidence": 0.6941
      }
    ],
    "start": 12200,
    "end": 12211,
    "found_term": "Taschenberg"
  },
  {
    "labels": [
      {
        "wd_id": "Q1395899",
        "search_term": "Hoftheater",
        "confidence": 0.9372
      }
    ],
    "start": 6878,
    "end": 6889,
    "found_term": "Hoftheaters"
  },
  {
    "labels": [
      {
        "wd_id": "Q1395899",
        "search_term": "Hoftheater",
        "confidence": 0.7961
      }
    ],
    "start": 11107,
    "end": 11114,
    "found_term": "Hofoper"
  }
]