[
  {
    "labels": [
      {
        "aat_id": 300075767,
        "wd_id": "Q164419",
        "search_term": "Galerie",
        "confidence": 0.6935
      }
    ],
    "start": 13850,
    "end": 13861,
    "found_term": "Ausstellung"
  },
  {
    "labels": [
      {
        "wd_id": "Q1496790",
        "search_term": "Wallpavillon",
        "confidence": 0.6351
      },
      {
        "aat_id": 300008090,
        "wd_id": "Q1107656",
        "search_term": "Garten",
        "confidence": 0.7549
      },
      {
        "wd_id": "Q13226383",
        "search_term": "Anlage",
        "confidence": 0.67
      },
      {
        "aat_id": 300184568,
        "wd_id": "Q1436181",
        "search_term": "Lustschloss",
        "confidence": 0.6109
      },
      {
        "wd_id": "Q1627767",
        "search_term": "Laubengang",
        "confidence": 0.6178
      },
      {
        "aat_id": 300006804,
        "wd_id": "Q952885",
        "search_term": "Orangerie",
        "confidence": 0.6988
      }
    ],
    "start": 6734,
    "end": 6746,
    "found_term": "Gartenanlage"
  },
  {
    "labels": [
      {
        "aat_id": 300008090,
        "wd_id": "Q1107656",
        "search_term": "Garten",
        "confidence": 0.6979
      },
      {
        "aat_id": 300006804,
        "wd_id": "Q952885",
        "search_term": "Orangerie",
        "confidence": 0.6665
      }
    ],
    "start": 6876,
    "end": 6894,
    "found_term": "Landschaftsgartens"
  },
  {
    "labels": [
      {
        "aat_id": 300417950,
        "wd_id": "Q17489160",
        "search_term": "Büste",
        "confidence": 0.6007
      }
    ],
    "start": 839,
    "end": 847,
    "found_term": "enthüllt"
  },
  {
    "labels": [
      {
        "wd_id": "Q1180262",
        "search_term": "Residenzstadt",
        "confidence": 0.6204
      },
      {
        "aat_id": 300184568,
        "wd_id": "Q1436181",
        "search_term": "Lustschloss",
        "confidence": 0.6959
      }
    ],
    "start": 6616,
    "end": 6630,
    "found_term": "Sommerresidenz"
  },
  {
    "labels": [
      {
        "wd_id": "Q3476515",
        "search_term": "Bauplastik",
        "confidence": 0.6474
      }
    ],
    "start": 4139,
    "end": 4150,
    "found_term": "monumentale"
  },
  {
    "labels": [
      {
        "wd_id": "Q3476515",
        "search_term": "Bauplastik",
        "confidence": 0.6826
      },
      {
        "aat_id": 300047090,
        "wd_id": "Q860861",
        "search_term": "Skulptur",
        "confidence": 0.8081
      }
    ],
    "start": 4502,
    "end": 4512,
    "found_term": "Skulpturen"
  },
  {
    "labels": [
      {
        "wd_id": "Q82383",
        "search_term": "Basis",
        "confidence": 0.6363
      }
    ],
    "start": 12762,
    "end": 12771,
    "found_term": "Grundlage"
  },
  {
    "labels": [
      {
        "wd_id": "Q6149036",
        "search_term": "Dekoration",
        "confidence": 0.6951
      },
      {
        "aat_id": 300002737,
        "wd_id": "Q175112",
        "search_term": "Pilaster",
        "confidence": 0.6093
      }
    ],
    "start": 937,
    "end": 949,
    "found_term": "Verzierungen"
  },
  {
    "labels": [
      {
        "wd_id": "Q6149036",
        "search_term": "Dekoration",
        "confidence": 0.7369
      }
    ],
    "start": 1429,
    "end": 1439,
    "found_term": "Verzierung"
  },
  {
    "labels": [
      {
        "wd_id": "Q392371",
        "search_term": "Kreuz",
        "confidence": 1.0
      }
    ],
    "start": 579,
    "end": 584,
    "found_term": "Kreuz"
  },
  {
    "labels": [
      {
        "aat_id": 300004514,
        "wd_id": "Q43164",
        "search_term": "Küche",
        "confidence": 0.6417
      }
    ],
    "start": 14378,
    "end": 14385,
    "found_term": "Rezepte"
  },
  {
    "labels": [
      {
        "aat_id": 300008389,
        "wd_id": "Q515",
        "search_term": "Stadt",
        "confidence": 0.7255
      }
    ],
    "start": 6137,
    "end": 6143,
    "found_term": "Städte"
  },
  {
    "labels": [
      {
        "aat_id": 300008389,
        "wd_id": "Q515",
        "search_term": "Stadt",
        "confidence": 0.7255
      }
    ],
    "start": 10563,
    "end": 10569,
    "found_term": "Städte"
  },
  {
    "labels": [
      {
        "wd_id": "Q13226383",
        "search_term": "Anlage",
        "confidence": 1.0
      }
    ],
    "start": 13022,
    "end": 13028,
    "found_term": "Anlage"
  },
  {
    "labels": [
      {
        "aat_id": 300047090,
        "wd_id": "Q860861",
        "search_term": "Skulptur",
        "confidence": 0.6071
      }
    ],
    "start": 4475,
    "end": 4485,
    "found_term": "Kunstwerke"
  },
  {
    "labels": [
      {
        "aat_id": 300005512,
        "wd_id": "Q2651004",
        "search_term": "Palazzo",
        "confidence": 0.6254
      }
    ],
    "start": 4296,
    "end": 4306,
    "found_term": "Pollaiuolo"
  },
  {
    "labels": [
      {
        "aat_id": 300005512,
        "wd_id": "Q2651004",
        "search_term": "Palazzo",
        "confidence": 0.6295
      }
    ],
    "start": 11372,
    "end": 11383,
    "found_term": "Marcantonio"
  },
  {
    "labels": [
      {
        "aat_id": 300008707,
        "wd_id": "Q4022",
        "search_term": "Fluss",
        "confidence": 0.6027
      }
    ],
    "start": 8227,
    "end": 8236,
    "found_term": "fließende"
  },
  {
    "labels": [
      {
        "aat_id": 300150555,
        "wd_id": "Q43115",
        "search_term": "Heiliger",
        "confidence": 0.7899
      }
    ],
    "start": 10213,
    "end": 10220,
    "found_term": "Heilige"
  }
]