[
  {
    "labels": [
      {
        "wd_id": "Q157229",
        "search_term": "Frauenkirche",
        "confidence": 0.796
      },
      {
        "aat_id": 300003725,
        "wd_id": "Q101687",
        "search_term": "Altar",
        "confidence": 0.6182
      },
      {
        "aat_id": 300003790,
        "wd_id": "Q211775",
        "search_term": "Kanzel",
        "confidence": 0.6323
      },
      {
        "aat_id": 300004590,
        "wd_id": "Q108325",
        "search_term": "Kapelle",
        "confidence": 0.635
      },
      {
        "wd_id": "Q1244038",
        "search_term": "Dorfkirche",
        "confidence": 0.6668
      },
      {
        "aat_id": 300007466,
        "wd_id": "Q16970",
        "search_term": "Kirchengebäude",
        "confidence": 0.6064
      }
    ],
    "start": 3572,
    "end": 3583,
    "found_term": "Annenkirche"
  },
  {
    "labels": [
      {
        "wd_id": "Q157229",
        "search_term": "Frauenkirche",
        "confidence": 0.796
      },
      {
        "aat_id": 300003725,
        "wd_id": "Q101687",
        "search_term": "Altar",
        "confidence": 0.6182
      },
      {
        "aat_id": 300003790,
        "wd_id": "Q211775",
        "search_term": "Kanzel",
        "confidence": 0.6323
      },
      {
        "aat_id": 300004590,
        "wd_id": "Q108325",
        "search_term": "Kapelle",
        "confidence": 0.635
      },
      {
        "wd_id": "Q1244038",
        "search_term": "Dorfkirche",
        "confidence": 0.6668
      },
      {
        "aat_id": 300007466,
        "wd_id": "Q16970",
        "search_term": "Kirchengebäude",
        "confidence": 0.6064
      }
    ],
    "start": 10140,
    "end": 10151,
    "found_term": "Annenkirche"
  },
  {
    "labels": [
      {
        "wd_id": "Q1496790",
        "search_term": "Wallpavillon",
        "confidence": 0.6233
      },
      {
        "wd_id": "Q155107",
        "search_term": "Zwinger",
        "confidence": 0.7355
      },
      {
        "wd_id": "Q267390",
        "search_term": "Taschenbergpalais",
        "confidence": 0.6277
      },
      {
        "aat_id": 300006804,
        "wd_id": "Q952885",
        "search_term": "Orangerie",
        "confidence": 0.6515
      }
    ],
    "start": 2580,
    "end": 2593,
    "found_term": "Zwingergarten"
  },
  {
    "labels": [
      {
        "aat_id": 300008090,
        "wd_id": "Q1107656",
        "search_term": "Garten",
        "confidence": 0.6424
      }
    ],
    "start": 6718,
    "end": 6729,
    "found_term": "Gartenkunst"
  },
  {
    "labels": [
      {
        "aat_id": 300417950,
        "wd_id": "Q17489160",
        "search_term": "Büste",
        "confidence": 0.6624
      },
      {
        "aat_id": 300047600,
        "wd_id": "Q179700",
        "search_term": "Statue",
        "confidence": 0.6092
      }
    ],
    "start": 3724,
    "end": 3731,
    "found_term": "Denkmal"
  },
  {
    "labels": [
      {
        "aat_id": 300417950,
        "wd_id": "Q17489160",
        "search_term": "Büste",
        "confidence": 0.6624
      },
      {
        "aat_id": 300047600,
        "wd_id": "Q179700",
        "search_term": "Statue",
        "confidence": 0.6092
      }
    ],
    "start": 3807,
    "end": 3814,
    "found_term": "Denkmal"
  },
  {
    "labels": [
      {
        "aat_id": 300417950,
        "wd_id": "Q17489160",
        "search_term": "Büste",
        "confidence": 0.6624
      },
      {
        "aat_id": 300047600,
        "wd_id": "Q179700",
        "search_term": "Statue",
        "confidence": 0.6092
      }
    ],
    "start": 3925,
    "end": 3932,
    "found_term": "Denkmal"
  },
  {
    "labels": [
      {
        "aat_id": 300417950,
        "wd_id": "Q17489160",
        "search_term": "Büste",
        "confidence": 0.7757
      },
      {
        "aat_id": 300047090,
        "wd_id": "Q860861",
        "search_term": "Skulptur",
        "confidence": 0.6774
      },
      {
        "aat_id": 300047600,
        "wd_id": "Q179700",
        "search_term": "Statue",
        "confidence": 0.8614
      }
    ],
    "start": 10086,
    "end": 10098,
    "found_term": "Bronzestatue"
  },
  {
    "labels": [
      {
        "aat_id": 300004757,
        "wd_id": "Q234852",
        "search_term": "Keller",
        "confidence": 1.0
      }
    ],
    "start": 7219,
    "end": 7225,
    "found_term": "Keller"
  },
  {
    "labels": [
      {
        "aat_id": 300004757,
        "wd_id": "Q234852",
        "search_term": "Keller",
        "confidence": 1.0
      }
    ],
    "start": 7513,
    "end": 7519,
    "found_term": "Keller"
  },
  {
    "labels": [
      {
        "aat_id": 300004757,
        "wd_id": "Q234852",
        "search_term": "Keller",
        "confidence": 1.0
      }
    ],
    "start": 8802,
    "end": 8808,
    "found_term": "Keller"
  },
  {
    "labels": [
      {
        "wd_id": "Q1180262",
        "search_term": "Residenzstadt",
        "confidence": 1.0
      }
    ],
    "start": 427,
    "end": 440,
    "found_term": "Residenzstadt"
  },
  {
    "labels": [
      {
        "aat_id": 300004514,
        "wd_id": "Q43164",
        "search_term": "Küche",
        "confidence": 0.6209
      }
    ],
    "start": 2943,
    "end": 2951,
    "found_term": "Rezepten"
  },
  {
    "labels": [
      {
        "aat_id": 300004514,
        "wd_id": "Q43164",
        "search_term": "Küche",
        "confidence": 1.0
      }
    ],
    "start": 8937,
    "end": 8942,
    "found_term": "Küche"
  },
  {
    "labels": [
      {
        "aat_id": 300004514,
        "wd_id": "Q43164",
        "search_term": "Küche",
        "confidence": 1.0
      }
    ],
    "start": 9073,
    "end": 9078,
    "found_term": "Küche"
  },
  {
    "labels": [
      {
        "aat_id": 300005738,
        "wd_id": "Q751876",
        "search_term": "Schloss",
        "confidence": 1.0
      },
      {
        "aat_id": 300184568,
        "wd_id": "Q1436181",
        "search_term": "Lustschloss",
        "confidence": 0.6455
      }
    ],
    "start": 1374,
    "end": 1381,
    "found_term": "schloss"
  },
  {
    "labels": [
      {
        "aat_id": 300008389,
        "wd_id": "Q515",
        "search_term": "Stadt",
        "confidence": 1.0
      }
    ],
    "start": 3535,
    "end": 3540,
    "found_term": "Stadt"
  },
  {
    "labels": [
      {
        "wd_id": "Q309250",
        "search_term": "Hof",
        "confidence": 1.0
      }
    ],
    "start": 1175,
    "end": 1178,
    "found_term": "Hof"
  },
  {
    "labels": [
      {
        "wd_id": "Q309250",
        "search_term": "Hof",
        "confidence": 1.0
      }
    ],
    "start": 2175,
    "end": 2178,
    "found_term": "Hof"
  },
  {
    "labels": [
      {
        "wd_id": "Q309250",
        "search_term": "Hof",
        "confidence": 0.6915
      }
    ],
    "start": 7388,
    "end": 7392,
    "found_term": "Hofe"
  },
  {
    "labels": [
      {
        "aat_id": 300002916,
        "wd_id": "Q53060",
        "search_term": "Tor",
        "confidence": 1.0
      }
    ],
    "start": 3604,
    "end": 3607,
    "found_term": "Tor"
  },
  {
    "labels": [
      {
        "aat_id": 300005923,
        "wd_id": "Q203443",
        "search_term": "Grabstein",
        "confidence": 0.7019
      }
    ],
    "start": 1045,
    "end": 1058,
    "found_term": "Annenfriedhof"
  },
  {
    "labels": [
      {
        "aat_id": 300005923,
        "wd_id": "Q203443",
        "search_term": "Grabstein",
        "confidence": 0.6944
      }
    ],
    "start": 3232,
    "end": 3236,
    "found_term": "Grab"
  },
  {
    "labels": [
      {
        "aat_id": 300005923,
        "wd_id": "Q203443",
        "search_term": "Grabstein",
        "confidence": 0.6552
      }
    ],
    "start": 3846,
    "end": 3860,
    "found_term": "Annenfriedhofs"
  },
  {
    "labels": [
      {
        "aat_id": 300005923,
        "wd_id": "Q203443",
        "search_term": "Grabstein",
        "confidence": 0.6662
      }
    ],
    "start": 4143,
    "end": 4152,
    "found_term": "bestattet"
  },
  {
    "labels": [
      {
        "wd_id": "Q110811156",
        "search_term": "Festhalle",
        "confidence": 0.6848
      }
    ],
    "start": 3825,
    "end": 3835,
    "found_term": "Feierhalle"
  },
  {
    "labels": [
      {
        "aat_id": 300265418,
        "wd_id": "Q811979",
        "search_term": "Bauwerk",
        "confidence": 0.6052
      },
      {
        "aat_id": 300004792,
        "wd_id": "Q41176",
        "search_term": "Gebäude",
        "confidence": 0.6254
      }
    ],
    "start": 3682,
    "end": 3691,
    "found_term": "errichtet"
  }
]