[
  {
    "labels": [
      {
        "aat_id": 300075767,
        "wd_id": "Q164419",
        "search_term": "Galerie",
        "confidence": 0.6487
      }
    ],
    "start": 4887,
    "end": 4902,
    "found_term": "Nationalgalerie"
  },
  {
    "labels": [
      {
        "aat_id": 300075767,
        "wd_id": "Q164419",
        "search_term": "Galerie",
        "confidence": 0.6383
      }
    ],
    "start": 5315,
    "end": 5328,
    "found_term": "Ausstellungen"
  },
  {
    "labels": [
      {
        "aat_id": 300075767,
        "wd_id": "Q164419",
        "search_term": "Galerie",
        "confidence": 0.6383
      }
    ],
    "start": 5451,
    "end": 5464,
    "found_term": "Ausstellungen"
  },
  {
    "labels": [
      {
        "aat_id": 300075767,
        "wd_id": "Q164419",
        "search_term": "Galerie",
        "confidence": 1.0
      }
    ],
    "start": 5523,
    "end": 5530,
    "found_term": "Galerie"
  },
  {
    "labels": [
      {
        "aat_id": 300075767,
        "wd_id": "Q164419",
        "search_term": "Galerie",
        "confidence": 0.7174
      }
    ],
    "start": 5633,
    "end": 5640,
    "found_term": "Gallery"
  },
  {
    "labels": [
      {
        "aat_id": 300075767,
        "wd_id": "Q164419",
        "search_term": "Galerie",
        "confidence": 0.7473
      }
    ],
    "start": 5996,
    "end": 6005,
    "found_term": "Kunsthaus"
  },
  {
    "labels": [
      {
        "aat_id": 300075767,
        "wd_id": "Q164419",
        "search_term": "Galerie",
        "confidence": 0.7581
      }
    ],
    "start": 6453,
    "end": 6464,
    "found_term": "Kunstverein"
  },
  {
    "labels": [
      {
        "aat_id": 300075767,
        "wd_id": "Q164419",
        "search_term": "Galerie",
        "confidence": 0.7581
      }
    ],
    "start": 6558,
    "end": 6569,
    "found_term": "Kunstverein"
  },
  {
    "labels": [
      {
        "wd_id": "Q1496790",
        "search_term": "Wallpavillon",
        "confidence": 0.6435
      },
      {
        "aat_id": 300008090,
        "wd_id": "Q1107656",
        "search_term": "Garten",
        "confidence": 0.7233
      },
      {
        "aat_id": 300184568,
        "wd_id": "Q1436181",
        "search_term": "Lustschloss",
        "confidence": 0.6459
      },
      {
        "wd_id": "Q267390",
        "search_term": "Taschenbergpalais",
        "confidence": 0.6498
      },
      {
        "aat_id": 300006804,
        "wd_id": "Q952885",
        "search_term": "Orangerie",
        "confidence": 0.7741
      }
    ],
    "start": 2078,
    "end": 2090,
    "found_term": "Palaisgarten"
  },
  {
    "labels": [
      {
        "aat_id": 300008090,
        "wd_id": "Q1107656",
        "search_term": "Garten",
        "confidence": 0.7118
      },
      {
        "aat_id": 300006804,
        "wd_id": "Q952885",
        "search_term": "Orangerie",
        "confidence": 0.6811
      }
    ],
    "start": 4476,
    "end": 4493,
    "found_term": "Landschaftsgarten"
  },
  {
    "labels": [
      {
        "aat_id": 300417950,
        "wd_id": "Q17489160",
        "search_term": "Büste",
        "confidence": 0.6133
      },
      {
        "wd_id": "Q3476515",
        "search_term": "Bauplastik",
        "confidence": 0.6679
      },
      {
        "aat_id": 300047090,
        "wd_id": "Q860861",
        "search_term": "Skulptur",
        "confidence": 1.0
      },
      {
        "aat_id": 300047600,
        "wd_id": "Q179700",
        "search_term": "Statue",
        "confidence": 0.6913
      }
    ],
    "start": 1142,
    "end": 1150,
    "found_term": "Skulptur"
  },
  {
    "labels": [
      {
        "aat_id": 300417950,
        "wd_id": "Q17489160",
        "search_term": "Büste",
        "confidence": 0.6998
      },
      {
        "aat_id": 300248835,
        "wd_id": "Q20460",
        "search_term": "Kruzifix",
        "confidence": 0.6497
      },
      {
        "aat_id": 300047090,
        "wd_id": "Q860861",
        "search_term": "Skulptur",
        "confidence": 0.6683
      },
      {
        "aat_id": 300002704,
        "wd_id": "Q695992",
        "search_term": "Wandnische",
        "confidence": 0.6572
      },
      {
        "aat_id": 300047600,
        "wd_id": "Q179700",
        "search_term": "Statue",
        "confidence": 0.7496
      },
      {
        "aat_id": 300189808,
        "wd_id": "Q29527347",
        "search_term": "Figur",
        "confidence": 0.612
      }
    ],
    "start": 1409,
    "end": 1424,
    "found_term": "überlebensgroße"
  },
  {
    "labels": [
      {
        "aat_id": 300417950,
        "wd_id": "Q17489160",
        "search_term": "Büste",
        "confidence": 0.7604
      },
      {
        "aat_id": 300047600,
        "wd_id": "Q179700",
        "search_term": "Statue",
        "confidence": 0.6358
      }
    ],
    "start": 1806,
    "end": 1812,
    "found_term": "Büsten"
  },
  {
    "labels": [
      {
        "aat_id": 300417950,
        "wd_id": "Q17489160",
        "search_term": "Büste",
        "confidence": 0.6133
      },
      {
        "wd_id": "Q3476515",
        "search_term": "Bauplastik",
        "confidence": 0.6679
      },
      {
        "aat_id": 300047090,
        "wd_id": "Q860861",
        "search_term": "Skulptur",
        "confidence": 1.0
      },
      {
        "aat_id": 300047600,
        "wd_id": "Q179700",
        "search_term": "Statue",
        "confidence": 0.6913
      }
    ],
    "start": 2023,
    "end": 2031,
    "found_term": "Skulptur"
  },
  {
    "labels": [
      {
        "aat_id": 300417950,
        "wd_id": "Q17489160",
        "search_term": "Büste",
        "confidence": 0.6225
      },
      {
        "wd_id": "Q3476515",
        "search_term": "Bauplastik",
        "confidence": 0.6754
      },
      {
        "aat_id": 300047090,
        "wd_id": "Q860861",
        "search_term": "Skulptur",
        "confidence": 0.756
      },
      {
        "aat_id": 300002704,
        "wd_id": "Q695992",
        "search_term": "Wandnische",
        "confidence": 0.6006
      },
      {
        "aat_id": 300047600,
        "wd_id": "Q179700",
        "search_term": "Statue",
        "confidence": 0.6539
      }
    ],
    "start": 3464,
    "end": 3480,
    "found_term": "Marmorskulpturen"
  },
  {
    "labels": [
      {
        "aat_id": 300417950,
        "wd_id": "Q17489160",
        "search_term": "Büste",
        "confidence": 1.0
      },
      {
        "aat_id": 300047090,
        "wd_id": "Q860861",
        "search_term": "Skulptur",
        "confidence": 0.6133
      },
      {
        "aat_id": 300047600,
        "wd_id": "Q179700",
        "search_term": "Statue",
        "confidence": 0.7796
      }
    ],
    "start": 3973,
    "end": 3978,
    "found_term": "Büste"
  },
  {
    "labels": [
      {
        "aat_id": 300417950,
        "wd_id": "Q17489160",
        "search_term": "Büste",
        "confidence": 0.6231
      },
      {
        "wd_id": "Q3476515",
        "search_term": "Bauplastik",
        "confidence": 0.6477
      },
      {
        "aat_id": 300248835,
        "wd_id": "Q20460",
        "search_term": "Kruzifix",
        "confidence": 0.6006
      },
      {
        "aat_id": 300047090,
        "wd_id": "Q860861",
        "search_term": "Skulptur",
        "confidence": 0.8464
      },
      {
        "aat_id": 300047600,
        "wd_id": "Q179700",
        "search_term": "Statue",
        "confidence": 0.6805
      }
    ],
    "start": 4194,
    "end": 4210,
    "found_term": "Skulpturengruppe"
  },
  {
    "labels": [
      {
        "aat_id": 300417950,
        "wd_id": "Q17489160",
        "search_term": "Büste",
        "confidence": 1.0
      },
      {
        "aat_id": 300047090,
        "wd_id": "Q860861",
        "search_term": "Skulptur",
        "confidence": 0.6133
      },
      {
        "aat_id": 300047600,
        "wd_id": "Q179700",
        "search_term": "Statue",
        "confidence": 0.7796
      }
    ],
    "start": 4368,
    "end": 4373,
    "found_term": "Büste"
  },
  {
    "labels": [
      {
        "aat_id": 300417950,
        "wd_id": "Q17489160",
        "search_term": "Büste",
        "confidence": 0.6225
      },
      {
        "wd_id": "Q3476515",
        "search_term": "Bauplastik",
        "confidence": 0.6754
      },
      {
        "aat_id": 300047090,
        "wd_id": "Q860861",
        "search_term": "Skulptur",
        "confidence": 0.756
      },
      {
        "aat_id": 300002704,
        "wd_id": "Q695992",
        "search_term": "Wandnische",
        "confidence": 0.6006
      },
      {
        "aat_id": 300047600,
        "wd_id": "Q179700",
        "search_term": "Statue",
        "confidence": 0.6539
      }
    ],
    "start": 4776,
    "end": 4792,
    "found_term": "Marmorskulpturen"
  },
  {
    "labels": [
      {
        "aat_id": 300417950,
        "wd_id": "Q17489160",
        "search_term": "Büste",
        "confidence": 0.6225
      },
      {
        "wd_id": "Q3476515",
        "search_term": "Bauplastik",
        "confidence": 0.6754
      },
      {
        "aat_id": 300047090,
        "wd_id": "Q860861",
        "search_term": "Skulptur",
        "confidence": 0.756
      },
      {
        "aat_id": 300002704,
        "wd_id": "Q695992",
        "search_term": "Wandnische",
        "confidence": 0.6006
      },
      {
        "aat_id": 300047600,
        "wd_id": "Q179700",
        "search_term": "Statue",
        "confidence": 0.6539
      }
    ],
    "start": 5083,
    "end": 5099,
    "found_term": "Marmorskulpturen"
  },
  {
    "labels": [
      {
        "aat_id": 300417950,
        "wd_id": "Q17489160",
        "search_term": "Büste",
        "confidence": 0.6133
      },
      {
        "wd_id": "Q3476515",
        "search_term": "Bauplastik",
        "confidence": 0.6679
      },
      {
        "aat_id": 300047090,
        "wd_id": "Q860861",
        "search_term": "Skulptur",
        "confidence": 1.0
      },
      {
        "aat_id": 300047600,
        "wd_id": "Q179700",
        "search_term": "Statue",
        "confidence": 0.6913
      }
    ],
    "start": 5346,
    "end": 5354,
    "found_term": "Skulptur"
  },
  {
    "labels": [
      {
        "aat_id": 300417950,
        "wd_id": "Q17489160",
        "search_term": "Büste",
        "confidence": 0.6133
      },
      {
        "wd_id": "Q3476515",
        "search_term": "Bauplastik",
        "confidence": 0.6679
      },
      {
        "aat_id": 300047090,
        "wd_id": "Q860861",
        "search_term": "Skulptur",
        "confidence": 1.0
      },
      {
        "aat_id": 300047600,
        "wd_id": "Q179700",
        "search_term": "Statue",
        "confidence": 0.6913
      }
    ],
    "start": 6993,
    "end": 7001,
    "found_term": "Skulptur"
  },
  {
    "labels": [
      {
        "wd_id": "Q3476515",
        "search_term": "Bauplastik",
        "confidence": 0.7114
      },
      {
        "aat_id": 300047090,
        "wd_id": "Q860861",
        "search_term": "Skulptur",
        "confidence": 0.8121
      }
    ],
    "start": 347,
    "end": 354,
    "found_term": "Plastik"
  },
  {
    "labels": [
      {
        "wd_id": "Q3476515",
        "search_term": "Bauplastik",
        "confidence": 0.6297
      }
    ],
    "start": 1092,
    "end": 1103,
    "found_term": "plastischen"
  },
  {
    "labels": [
      {
        "wd_id": "Q3476515",
        "search_term": "Bauplastik",
        "confidence": 0.6638
      },
      {
        "aat_id": 300002526,
        "wd_id": "Q183061",
        "search_term": "Fassade",
        "confidence": 0.6013
      },
      {
        "wd_id": "Q811438",
        "search_term": "Baukörper",
        "confidence": 0.6477
      }
    ],
    "start": 1104,
    "end": 1117,
    "found_term": "Formensprache"
  },
  {
    "labels": [
      {
        "wd_id": "Q3476515",
        "search_term": "Bauplastik",
        "confidence": 0.7024
      },
      {
        "aat_id": 300047090,
        "wd_id": "Q860861",
        "search_term": "Skulptur",
        "confidence": 0.7113
      },
      {
        "aat_id": 300006179,
        "wd_id": "Q483453",
        "search_term": "Zierbrunnen",
        "confidence": 0.6216
      }
    ],
    "start": 1425,
    "end": 1444,
    "found_term": "Sandsteinskulpturen"
  },
  {
    "labels": [
      {
        "wd_id": "Q3476515",
        "search_term": "Bauplastik",
        "confidence": 0.6844
      },
      {
        "aat_id": 300047090,
        "wd_id": "Q860861",
        "search_term": "Skulptur",
        "confidence": 0.7696
      },
      {
        "aat_id": 300047230,
        "wd_id": "Q245117",
        "search_term": "Relief",
        "confidence": 0.6052
      },
      {
        "aat_id": 300006179,
        "wd_id": "Q483453",
        "search_term": "Zierbrunnen",
        "confidence": 0.6264
      },
      {
        "aat_id": 300047600,
        "wd_id": "Q179700",
        "search_term": "Statue",
        "confidence": 0.6405
      }
    ],
    "start": 1499,
    "end": 1516,
    "found_term": "Sandsteinskulptur"
  },
  {
    "labels": [
      {
        "wd_id": "Q3476515",
        "search_term": "Bauplastik",
        "confidence": 0.6826
      },
      {
        "aat_id": 300047090,
        "wd_id": "Q860861",
        "search_term": "Skulptur",
        "confidence": 0.8081
      }
    ],
    "start": 1752,
    "end": 1762,
    "found_term": "Skulpturen"
  },
  {
    "labels": [
      {
        "wd_id": "Q3476515",
        "search_term": "Bauplastik",
        "confidence": 0.6474
      }
    ],
    "start": 2011,
    "end": 2022,
    "found_term": "monumentale"
  },
  {
    "labels": [
      {
        "wd_id": "Q3476515",
        "search_term": "Bauplastik",
        "confidence": 0.6167
      }
    ],
    "start": 2253,
    "end": 2264,
    "found_term": "Architektur"
  },
  {
    "labels": [
      {
        "wd_id": "Q3476515",
        "search_term": "Bauplastik",
        "confidence": 0.622
      }
    ],
    "start": 2285,
    "end": 2296,
    "found_term": "Figürliches"
  },
  {
    "labels": [
      {
        "wd_id": "Q3476515",
        "search_term": "Bauplastik",
        "confidence": 0.7247
      },
      {
        "aat_id": 300047090,
        "wd_id": "Q860861",
        "search_term": "Skulptur",
        "confidence": 0.7292
      }
    ],
    "start": 3901,
    "end": 3910,
    "found_term": "Plastiken"
  },
  {
    "labels": [
      {
        "wd_id": "Q3476515",
        "search_term": "Bauplastik",
        "confidence": 0.6889
      },
      {
        "wd_id": "Q6149036",
        "search_term": "Dekoration",
        "confidence": 0.6077
      },
      {
        "aat_id": 300002704,
        "wd_id": "Q695992",
        "search_term": "Wandnische",
        "confidence": 0.6437
      }
    ],
    "start": 3934,
    "end": 3944,
    "found_term": "figürliche"
  },
  {
    "labels": [
      {
        "wd_id": "Q3476515",
        "search_term": "Bauplastik",
        "confidence": 0.7114
      },
      {
        "aat_id": 300047090,
        "wd_id": "Q860861",
        "search_term": "Skulptur",
        "confidence": 0.8121
      }
    ],
    "start": 3954,
    "end": 3961,
    "found_term": "Plastik"
  },
  {
    "labels": [
      {
        "wd_id": "Q3476515",
        "search_term": "Bauplastik",
        "confidence": 0.7317
      },
      {
        "aat_id": 300248835,
        "wd_id": "Q20460",
        "search_term": "Kruzifix",
        "confidence": 0.6209
      },
      {
        "aat_id": 300047090,
        "wd_id": "Q860861",
        "search_term": "Skulptur",
        "confidence": 0.7575
      },
      {
        "aat_id": 300006179,
        "wd_id": "Q483453",
        "search_term": "Zierbrunnen",
        "confidence": 0.6225
      },
      {
        "aat_id": 300047600,
        "wd_id": "Q179700",
        "search_term": "Statue",
        "confidence": 0.6349
      }
    ],
    "start": 4162,
    "end": 4174,
    "found_term": "Steinplastik"
  },
  {
    "labels": [
      {
        "wd_id": "Q3476515",
        "search_term": "Bauplastik",
        "confidence": 0.7114
      },
      {
        "aat_id": 300047090,
        "wd_id": "Q860861",
        "search_term": "Skulptur",
        "confidence": 0.8121
      }
    ],
    "start": 4285,
    "end": 4292,
    "found_term": "Plastik"
  },
  {
    "labels": [
      {
        "wd_id": "Q3476515",
        "search_term": "Bauplastik",
        "confidence": 0.7247
      },
      {
        "aat_id": 300047090,
        "wd_id": "Q860861",
        "search_term": "Skulptur",
        "confidence": 0.7292
      }
    ],
    "start": 4463,
    "end": 4472,
    "found_term": "Plastiken"
  },
  {
    "labels": [
      {
        "wd_id": "Q3476515",
        "search_term": "Bauplastik",
        "confidence": 0.7114
      },
      {
        "aat_id": 300047090,
        "wd_id": "Q860861",
        "search_term": "Skulptur",
        "confidence": 0.8121
      }
    ],
    "start": 4525,
    "end": 4532,
    "found_term": "Plastik"
  },
  {
    "labels": [
      {
        "wd_id": "Q3476515",
        "search_term": "Bauplastik",
        "confidence": 0.6726
      },
      {
        "aat_id": 300047090,
        "wd_id": "Q860861",
        "search_term": "Skulptur",
        "confidence": 0.6676
      }
    ],
    "start": 5223,
    "end": 5237,
    "found_term": "Kleinplastiken"
  },
  {
    "labels": [
      {
        "wd_id": "Q3476515",
        "search_term": "Bauplastik",
        "confidence": 0.6826
      },
      {
        "aat_id": 300047090,
        "wd_id": "Q860861",
        "search_term": "Skulptur",
        "confidence": 0.8081
      }
    ],
    "start": 5252,
    "end": 5262,
    "found_term": "Skulpturen"
  },
  {
    "labels": [
      {
        "wd_id": "Q3476515",
        "search_term": "Bauplastik",
        "confidence": 0.7114
      },
      {
        "aat_id": 300047090,
        "wd_id": "Q860861",
        "search_term": "Skulptur",
        "confidence": 0.8121
      }
    ],
    "start": 5356,
    "end": 5363,
    "found_term": "Plastik"
  },
  {
    "labels": [
      {
        "wd_id": "Q3476515",
        "search_term": "Bauplastik",
        "confidence": 0.6826
      },
      {
        "aat_id": 300047090,
        "wd_id": "Q860861",
        "search_term": "Skulptur",
        "confidence": 0.8081
      }
    ],
    "start": 6501,
    "end": 6511,
    "found_term": "Skulpturen"
  },
  {
    "labels": [
      {
        "wd_id": "Q3476515",
        "search_term": "Bauplastik",
        "confidence": 0.7247
      },
      {
        "aat_id": 300047090,
        "wd_id": "Q860861",
        "search_term": "Skulptur",
        "confidence": 0.7292
      }
    ],
    "start": 6512,
    "end": 6521,
    "found_term": "Plastiken"
  },
  {
    "labels": [
      {
        "wd_id": "Q3476515",
        "search_term": "Bauplastik",
        "confidence": 0.7114
      },
      {
        "aat_id": 300047090,
        "wd_id": "Q860861",
        "search_term": "Skulptur",
        "confidence": 0.8121
      }
    ],
    "start": 6765,
    "end": 6772,
    "found_term": "Plastik"
  },
  {
    "labels": [
      {
        "wd_id": "Q3476515",
        "search_term": "Bauplastik",
        "confidence": 0.7114
      },
      {
        "aat_id": 300047090,
        "wd_id": "Q860861",
        "search_term": "Skulptur",
        "confidence": 0.8121
      }
    ],
    "start": 6984,
    "end": 6991,
    "found_term": "Plastik"
  },
  {
    "labels": [
      {
        "wd_id": "Q82383",
        "search_term": "Basis",
        "confidence": 0.6363
      }
    ],
    "start": 2733,
    "end": 2742,
    "found_term": "Grundlage"
  },
  {
    "labels": [
      {
        "aat_id": 300005738,
        "wd_id": "Q751876",
        "search_term": "Schloss",
        "confidence": 1.0
      },
      {
        "aat_id": 300184568,
        "wd_id": "Q1436181",
        "search_term": "Lustschloss",
        "confidence": 0.6455
      }
    ],
    "start": 5938,
    "end": 5945,
    "found_term": "Schloss"
  },
  {
    "labels": [
      {
        "aat_id": 300047090,
        "wd_id": "Q860861",
        "search_term": "Skulptur",
        "confidence": 0.6148
      }
    ],
    "start": 127,
    "end": 138,
    "found_term": "Bildhauerin"
  },
  {
    "labels": [
      {
        "aat_id": 300047090,
        "wd_id": "Q860861",
        "search_term": "Skulptur",
        "confidence": 0.6148
      }
    ],
    "start": 1014,
    "end": 1025,
    "found_term": "Bildhauerin"
  },
  {
    "labels": [
      {
        "aat_id": 300047090,
        "wd_id": "Q860861",
        "search_term": "Skulptur",
        "confidence": 0.607
      }
    ],
    "start": 1551,
    "end": 1570,
    "found_term": "Bildhauersymposiums"
  },
  {
    "labels": [
      {
        "aat_id": 300047090,
        "wd_id": "Q860861",
        "search_term": "Skulptur",
        "confidence": 0.6148
      }
    ],
    "start": 7899,
    "end": 7910,
    "found_term": "Bildhauerin"
  },
  {
    "labels": [
      {
        "aat_id": 300005923,
        "wd_id": "Q203443",
        "search_term": "Grabstein",
        "confidence": 0.6944
      }
    ],
    "start": 182,
    "end": 186,
    "found_term": "Grab"
  },
  {
    "labels": [
      {
        "aat_id": 300005923,
        "wd_id": "Q203443",
        "search_term": "Grabstein",
        "confidence": 0.6524
      }
    ],
    "start": 225,
    "end": 243,
    "found_term": "Trinitatisfriedhof"
  },
  {
    "labels": [
      {
        "aat_id": 300005923,
        "wd_id": "Q203443",
        "search_term": "Grabstein",
        "confidence": 0.6944
      }
    ],
    "start": 3773,
    "end": 3777,
    "found_term": "Grab"
  },
  {
    "labels": [
      {
        "aat_id": 300005923,
        "wd_id": "Q203443",
        "search_term": "Grabstein",
        "confidence": 0.6524
      }
    ],
    "start": 3800,
    "end": 3818,
    "found_term": "Trinitatisfriedhof"
  },
  {
    "labels": [
      {
        "aat_id": 300005923,
        "wd_id": "Q203443",
        "search_term": "Grabstein",
        "confidence": 0.757
      }
    ],
    "start": 3846,
    "end": 3856,
    "found_term": "Grabstätte"
  },
  {
    "labels": [
      {
        "wd_id": "Q1979154",
        "search_term": "Modell",
        "confidence": 1.0
      }
    ],
    "start": 1223,
    "end": 1229,
    "found_term": "Modell"
  },
  {
    "labels": [
      {
        "wd_id": "Q1395899",
        "search_term": "Hoftheater",
        "confidence": 0.661
      }
    ],
    "start": 683,
    "end": 693,
    "found_term": "Staatsoper"
  },
  {
    "labels": [
      {
        "wd_id": "Q1395899",
        "search_term": "Hoftheater",
        "confidence": 0.6161
      }
    ],
    "start": 1902,
    "end": 1912,
    "found_term": "Semperoper"
  },
  {
    "labels": [
      {
        "wd_id": "Q1395899",
        "search_term": "Hoftheater",
        "confidence": 0.6161
      }
    ],
    "start": 3590,
    "end": 3600,
    "found_term": "Semperoper"
  },
  {
    "labels": [
      {
        "wd_id": "Q1395899",
        "search_term": "Hoftheater",
        "confidence": 0.6161
      }
    ],
    "start": 4070,
    "end": 4080,
    "found_term": "Semperoper"
  },
  {
    "labels": [
      {
        "wd_id": "Q1395899",
        "search_term": "Hoftheater",
        "confidence": 0.6161
      }
    ],
    "start": 4738,
    "end": 4748,
    "found_term": "Semperoper"
  },
  {
    "labels": [
      {
        "aat_id": 300047600,
        "wd_id": "Q179700",
        "search_term": "Statue",
        "confidence": 0.6153
      }
    ],
    "start": 1845,
    "end": 1850,
    "found_term": "Stele"
  }
]