[
  {
    "labels": [
      {
        "wd_id": "Q82383",
        "search_term": "Basis",
        "confidence": 0.6363
      }
    ],
    "start": 6307,
    "end": 6316,
    "found_term": "Grundlage"
  },
  {
    "labels": [
      {
        "wd_id": "Q82383",
        "search_term": "Basis",
        "confidence": 0.6363
      }
    ],
    "start": 18413,
    "end": 18422,
    "found_term": "Grundlage"
  },
  {
    "labels": [
      {
        "wd_id": "Q82383",
        "search_term": "Basis",
        "confidence": 0.6363
      }
    ],
    "start": 36247,
    "end": 36256,
    "found_term": "Grundlage"
  },
  {
    "labels": [
      {
        "wd_id": "Q82383",
        "search_term": "Basis",
        "confidence": 1.0
      }
    ],
    "start": 36318,
    "end": 36323,
    "found_term": "Basis"
  },
  {
    "labels": [
      {
        "wd_id": "Q13226383",
        "search_term": "Anlage",
        "confidence": 0.7788
      }
    ],
    "start": 29737,
    "end": 29744,
    "found_term": "Anlagen"
  },
  {
    "labels": [
      {
        "wd_id": "Q1979154",
        "search_term": "Modell",
        "confidence": 0.7708
      }
    ],
    "start": 30084,
    "end": 30092,
    "found_term": "Modellen"
  },
  {
    "labels": [
      {
        "wd_id": "Q1979154",
        "search_term": "Modell",
        "confidence": 1.0
      }
    ],
    "start": 35973,
    "end": 35979,
    "found_term": "Modell"
  },
  {
    "labels": [
      {
        "wd_id": "Q1979154",
        "search_term": "Modell",
        "confidence": 0.7774
      }
    ],
    "start": 46319,
    "end": 46326,
    "found_term": "Modelle"
  },
  {
    "labels": [
      {
        "aat_id": 300001788,
        "wd_id": "Q328092",
        "search_term": "Gesims",
        "confidence": 0.6083
      },
      {
        "aat_id": 300002737,
        "wd_id": "Q175112",
        "search_term": "Pilaster",
        "confidence": 0.6039
      }
    ],
    "start": 42336,
    "end": 42347,
    "found_term": "umlaufenden"
  }
]