[
  {
    "labels": [
      {
        "aat_id": 300005734,
        "wd_id": "Q16560",
        "search_term": "Palast",
        "confidence": 0.8455
      }
    ],
    "start": 478,
    "end": 486,
    "found_term": "Palastes"
  },
  {
    "labels": [
      {
        "aat_id": 300004757,
        "wd_id": "Q234852",
        "search_term": "Keller",
        "confidence": 1.0
      }
    ],
    "start": 467,
    "end": 473,
    "found_term": "Keller"
  },
  {
    "labels": [
      {
        "wd_id": "Q3476515",
        "search_term": "Bauplastik",
        "confidence": 0.6355
      }
    ],
    "start": 79,
    "end": 90,
    "found_term": "Wandmalerei"
  },
  {
    "labels": [
      {
        "wd_id": "Q747567",
        "search_term": "Risalit",
        "confidence": 0.6191
      },
      {
        "aat_id": 300004324,
        "wd_id": "Q2451751",
        "search_term": "Treppenhaus",
        "confidence": 0.6596
      },
      {
        "aat_id": 300002613,
        "wd_id": "Q657100",
        "search_term": "Kolonnade",
        "confidence": 0.6165
      },
      {
        "aat_id": 300002674,
        "wd_id": "Q958148",
        "search_term": "Mezzanin",
        "confidence": 0.6958
      },
      {
        "aat_id": 300002526,
        "wd_id": "Q183061",
        "search_term": "Fassade",
        "confidence": 0.6526
      },
      {
        "wd_id": "Q1627767",
        "search_term": "Laubengang",
        "confidence": 0.6597
      },
      {
        "aat_id": 300005512,
        "wd_id": "Q2651004",
        "search_term": "Palazzo",
        "confidence": 0.6693
      },
      {
        "aat_id": 300002737,
        "wd_id": "Q175112",
        "search_term": "Pilaster",
        "confidence": 0.6685
      },
      {
        "aat_id": 300002588,
        "wd_id": "Q170552",
        "search_term": "Balkon",
        "confidence": 0.6159
      },
      {
        "aat_id": 300002580,
        "wd_id": "Q186637",
        "search_term": "Arkade",
        "confidence": 0.651
      }
    ],
    "start": 4269,
    "end": 4275,
    "found_term": "Loggia"
  },
  {
    "labels": [
      {
        "wd_id": "Q309250",
        "search_term": "Hof",
        "confidence": 1.0
      }
    ],
    "start": 1988,
    "end": 1991,
    "found_term": "Hof"
  },
  {
    "labels": [
      {
        "aat_id": 300005512,
        "wd_id": "Q2651004",
        "search_term": "Palazzo",
        "confidence": 0.6282
      }
    ],
    "start": 4287,
    "end": 4294,
    "found_term": "Florenz"
  },
  {
    "labels": [
      {
        "wd_id": "Q373916",
        "search_term": "Nymphe",
        "confidence": 0.6384
      }
    ],
    "start": 255,
    "end": 260,
    "found_term": "Danaë"
  },
  {
    "labels": [
      {
        "wd_id": "Q373916",
        "search_term": "Nymphe",
        "confidence": 0.6384
      }
    ],
    "start": 375,
    "end": 380,
    "found_term": "Danaë"
  },
  {
    "labels": [
      {
        "wd_id": "Q373916",
        "search_term": "Nymphe",
        "confidence": 0.6384
      }
    ],
    "start": 430,
    "end": 435,
    "found_term": "Danaë"
  },
  {
    "labels": [
      {
        "wd_id": "Q373916",
        "search_term": "Nymphe",
        "confidence": 0.6384
      }
    ],
    "start": 1028,
    "end": 1033,
    "found_term": "Danaë"
  },
  {
    "labels": [
      {
        "wd_id": "Q373916",
        "search_term": "Nymphe",
        "confidence": 0.6384
      }
    ],
    "start": 1165,
    "end": 1170,
    "found_term": "Danaë"
  },
  {
    "labels": [
      {
        "wd_id": "Q373916",
        "search_term": "Nymphe",
        "confidence": 0.6384
      }
    ],
    "start": 1451,
    "end": 1456,
    "found_term": "Danaë"
  },
  {
    "labels": [
      {
        "wd_id": "Q373916",
        "search_term": "Nymphe",
        "confidence": 0.6384
      }
    ],
    "start": 1887,
    "end": 1892,
    "found_term": "Danaë"
  },
  {
    "labels": [
      {
        "wd_id": "Q373916",
        "search_term": "Nymphe",
        "confidence": 0.7721
      }
    ],
    "start": 3158,
    "end": 3165,
    "found_term": "Nymphen"
  },
  {
    "labels": [
      {
        "wd_id": "Q373916",
        "search_term": "Nymphe",
        "confidence": 0.7721
      }
    ],
    "start": 3538,
    "end": 3545,
    "found_term": "Nymphen"
  },
  {
    "labels": [
      {
        "wd_id": "Q373916",
        "search_term": "Nymphe",
        "confidence": 0.7721
      }
    ],
    "start": 3829,
    "end": 3836,
    "found_term": "Nymphen"
  },
  {
    "labels": [
      {
        "wd_id": "Q373916",
        "search_term": "Nymphe",
        "confidence": 0.7721
      }
    ],
    "start": 4038,
    "end": 4045,
    "found_term": "Nymphen"
  },
  {
    "labels": [
      {
        "wd_id": "Q373916",
        "search_term": "Nymphe",
        "confidence": 0.7721
      }
    ],
    "start": 4778,
    "end": 4785,
    "found_term": "Nymphen"
  }
]